Date,Open,High,Low,Close,Adj Close,Volume
"Dec 30, 2025","23,465.67","23,521.05","23,414.83","23,419.08","23,419.08","6,769,300,000"
"Dec 29, 2025","23,414.68","23,531.02","23,397.52","23,474.35","23,474.35","6,527,530,000"
"Dec 26, 2025","23,645.91","23,665.15","23,567.86","23,593.10","23,593.10","5,170,300,000"
"Dec 24, 2025","23,555.95","23,621.72","23,527.97","23,613.31","23,613.31","3,885,190,000"
"Dec 23, 2025","23,407.70","23,563.46","23,377.49","23,561.84","23,561.84","7,518,190,000"
"Dec 22, 2025","23,450.53","23,476.50","23,362.93","23,428.83","23,428.83","7,244,910,000"
"Dec 19, 2025","23,121.90","23,307.91","23,106.19","23,307.62","23,307.62","12,874,560,000"
"Dec 18, 2025","23,012.06","23,149.61","22,906.23","23,006.36","23,006.36","7,977,920,000"
"Dec 17, 2025","23,135.61","23,159.20","22,692.00","22,693.32","22,693.32","8,616,140,000"
"Dec 16, 2025","22,981.82","23,162.60","22,920.66","23,111.46","23,111.46","7,759,960,000"
"Dec 15, 2025","23,330.04","23,345.56","23,012.00","23,057.41","23,057.41","8,649,240,000"
"Dec 12, 2025","23,488.87","23,554.89","23,094.51","23,195.17","23,195.17","8,724,070,000"
"Dec 11, 2025","23,509.22","23,606.70","23,308.95","23,593.86","23,593.86","8,337,770,000"
"Dec 10, 2025","23,536.00","23,704.08","23,435.17","23,654.15","23,654.15","7,987,900,000"
"Dec 9, 2025","23,504.61","23,616.46","23,449.73","23,576.49","23,576.49","7,192,600,000"
"Dec 8, 2025","23,638.22","23,698.93","23,455.05","23,545.90","23,545.90","8,533,670,000"
"Dec 5, 2025","23,567.77","23,680.03","23,506.00","23,578.13","23,578.13","8,248,280,000"
"Dec 4, 2025","23,527.30","23,528.53","23,372.33","23,505.14","23,505.14","7,456,860,000"
"Dec 3, 2025","23,315.58","23,499.93","23,271.83","23,454.09","23,454.09","7,962,730,000"
"Dec 2, 2025","23,379.75","23,526.23","23,286.46","23,413.67","23,413.67","7,588,580,000"
"Dec 1, 2025","23,172.34","23,363.85","23,110.21","23,275.92","23,275.92","7,859,560,000"
"Nov 28, 2025","23,291.59","23,365.79","23,250.51","23,365.69","23,365.69","4,541,070,000"
"Nov 26, 2025","23,163.19","23,280.58","23,074.39","23,214.69","23,214.69","7,291,400,000"
"Nov 25, 2025","22,802.85","23,070.09","22,587.11","23,025.59","23,025.59","8,498,500,000"
"Nov 24, 2025","22,482.16","22,916.40","22,478.27","22,872.01","22,872.01","9,232,160,000"
"Nov 21, 2025","22,162.83","22,531.84","21,898.29","22,273.08","22,273.08","9,931,240,000"
"Nov 20, 2025","23,057.00","23,147.33","22,043.20","22,078.05","22,078.05","10,548,620,000"
"Nov 19, 2025","22,459.27","22,821.24","22,385.22","22,564.23","22,564.23","8,434,200,000"
"Nov 18, 2025","22,565.90","22,643.01","22,231.15","22,432.85","22,432.85","8,606,260,000"
"Nov 17, 2025","22,788.32","23,044.55","22,559.51","22,708.07","22,708.07","9,744,800,000"
"Nov 14, 2025","22,544.72","23,073.18","22,436.79","22,900.59","22,900.59","10,841,540,000"
"Nov 13, 2025","23,262.64","23,264.27","22,796.07","22,870.36","22,870.36","11,351,410,000"
"Nov 12, 2025","23,563.84","23,564.09","23,278.30","23,406.46","23,406.46","8,449,920,000"
"Nov 11, 2025","23,407.72","23,508.44","23,315.28","23,468.30","23,468.30","7,756,810,000"
"Nov 10, 2025","23,354.85","23,569.62","23,290.05","23,527.17","23,527.17","9,297,320,000"
"Nov 7, 2025","22,892.92","23,009.91","22,563.42","23,004.54","23,004.54","10,141,910,000"
"Nov 6, 2025","23,461.29","23,469.55","23,011.06","23,053.99","23,053.99","11,085,130,000"
"Nov 5, 2025","23,358.07","23,636.53","23,286.87","23,499.80","23,499.80","10,026,890,000"
"Nov 4, 2025","23,458.21","23,644.15","23,333.32","23,348.64","23,348.64","10,227,700,000"
"Nov 3, 2025","23,951.91","23,976.84","23,764.87","23,834.72","23,834.72","10,360,170,000"
"Oct 31, 2025","23,941.78","23,946.23","23,628.82","23,724.96","23,724.96","10,909,250,000"
"Oct 30, 2025","23,793.08","23,846.13","23,578.47","23,581.14","23,581.14","10,564,160,000"
"Oct 29, 2025","23,987.29","24,019.99","23,763.99","23,958.47","23,958.47","10,089,540,000"
"Oct 28, 2025","23,766.46","23,901.36","23,675.19","23,827.49","23,827.49","10,640,830,000"
"Oct 27, 2025","23,537.32","23,658.66","23,493.96","23,637.46","23,637.46","10,757,830,000"
"Oct 24, 2025","23,143.23","23,261.26","23,127.96","23,204.87","23,204.87","10,308,620,000"
"Oct 23, 2025","22,751.33","22,983.46","22,732.18","22,941.80","22,941.80","10,363,600,000"
"Oct 22, 2025","22,940.79","22,978.40","22,514.08","22,740.40","22,740.40","14,361,150,000"
"Oct 21, 2025","22,984.55","23,010.35","22,894.42","22,953.67","22,953.67","10,845,130,000"
"Oct 20, 2025","22,844.82","23,031.87","22,841.00","22,990.54","22,990.54","9,440,620,000"
"Oct 17, 2025","22,489.81","22,736.01","22,396.65","22,679.97","22,679.97","9,552,150,000"
"Oct 16, 2025","22,764.40","22,886.87","22,404.69","22,562.54","22,562.54","11,343,620,000"
"Oct 15, 2025","22,738.50","22,841.69","22,427.79","22,670.08","22,670.08","11,374,850,000"
"Oct 14, 2025","22,388.04","22,691.07","22,213.73","22,521.70","22,521.70","9,776,720,000"
"Oct 13, 2025","22,578.67","22,718.75","22,499.49","22,694.61","22,694.61","9,018,770,000"
"Oct 10, 2025","23,043.52","23,119.91","22,193.07","22,204.43","22,204.43","11,635,030,000"
"Oct 9, 2025","23,045.33","23,062.62","22,899.16","23,024.63","23,024.63","10,713,200,000"
"Oct 8, 2025","22,852.32","23,045.14","22,845.42","23,043.38","23,043.38","10,925,520,000"
"Oct 7, 2025","22,972.37","23,006.07","22,718.76","22,788.36","22,788.36","10,375,920,000"
"Oct 6, 2025","22,894.35","22,991.72","22,827.56","22,941.67","22,941.67","10,468,830,000"
"Oct 3, 2025","22,886.16","22,925.43","22,695.82","22,780.51","22,780.51","10,515,730,000"
"Oct 2, 2025","22,885.90","22,900.60","22,729.75","22,844.05","22,844.05","9,633,200,000"
"Oct 1, 2025","22,530.95","22,782.58","22,516.74","22,755.16","22,755.16","10,043,980,000"
"Sep 30, 2025","22,580.36","22,671.39","22,493.96","22,660.01","22,660.01","8,928,070,000"
"Sep 29, 2025","22,605.30","22,704.90","22,536.05","22,591.15","22,591.15","9,046,720,000"
"Sep 26, 2025","22,403.27","22,488.18","22,285.44","22,484.07","22,484.07","8,488,400,000"
"Sep 25, 2025","22,318.77","22,456.78","22,185.87","22,384.70","22,384.70","9,960,330,000"
"Sep 24, 2025","22,656.02","22,657.45","22,397.00","22,497.86","22,497.86","9,184,030,000"
"Sep 23, 2025","22,782.72","22,785.13","22,539.04","22,573.47","22,573.47","9,822,620,000"
"Sep 22, 2025","22,606.59","22,801.90","22,590.86","22,788.98","22,788.98","9,736,270,000"
"Sep 19, 2025","22,554.31","22,645.11","22,497.71","22,631.48","22,631.48","14,632,360,000"
"Sep 18, 2025","22,439.11","22,540.93","22,358.48","22,470.72","22,470.72","10,478,450,000"
"Sep 17, 2025","22,333.02","22,339.54","22,058.92","22,261.33","22,261.33","9,325,980,000"
"Sep 16, 2025","22,397.50","22,397.50","22,308.78","22,333.96","22,333.96","8,592,240,000"
"Sep 15, 2025","22,243.20","22,352.25","22,233.00","22,348.75","22,348.75","8,904,030,000"
"Sep 12, 2025","22,078.63","22,182.34","22,031.62","22,141.10","22,141.10","9,023,140,000"
"Sep 11, 2025","21,977.52","22,059.71","21,908.81","22,043.07","22,043.07","10,025,020,000"
"Sep 10, 2025","21,980.60","22,000.97","21,810.84","21,886.06","21,886.06","9,090,550,000"
"Sep 9, 2025","21,858.17","21,891.42","21,731.48","21,879.49","21,879.49","7,877,410,000"
"Sep 8, 2025","21,806.22","21,885.62","21,776.24","21,798.70","21,798.70","8,435,850,000"
"Sep 5, 2025","21,860.44","21,878.81","21,534.72","21,700.39","21,700.39","8,413,730,000"
"Sep 4, 2025","21,539.91","21,711.96","21,469.40","21,707.69","21,707.69","7,282,150,000"
"Sep 3, 2025","21,461.63","21,553.98","21,370.98","21,497.73","21,497.73","7,488,290,000"
"Sep 2, 2025","21,086.57","21,293.69","21,033.05","21,279.63","21,279.63","8,183,410,000"
"Aug 29, 2025","21,630.33","21,631.15","21,397.98","21,455.55","21,455.55","7,715,430,000"
"Aug 28, 2025","21,619.27","21,742.46","21,534.94","21,705.16","21,705.16","7,807,080,000"
"Aug 27, 2025","21,526.33","21,616.17","21,476.30","21,590.14","21,590.14","8,040,510,000"
"Aug 26, 2025","21,443.63","21,550.93","21,389.10","21,544.27","21,544.27","9,087,930,000"
"Aug 25, 2025","21,466.47","21,572.18","21,400.09","21,449.29","21,449.29","8,443,200,000"
"Aug 22, 2025","21,139.83","21,545.43","21,092.36","21,496.54","21,496.54","9,401,300,000"
"Aug 21, 2025","21,112.52","21,198.76","21,013.53","21,100.31","21,100.31","6,530,580,000"
"Aug 20, 2025","21,269.67","21,269.67","20,905.99","21,172.86","21,172.86","7,810,310,000"
"Aug 19, 2025","21,607.45","21,610.24","21,277.71","21,314.95","21,314.95","8,461,660,000"
"Aug 18, 2025","21,616.82","21,651.50","21,559.33","21,629.77","21,629.77","8,260,970,000"
"Aug 15, 2025","21,709.34","21,716.18","21,567.46","21,622.98","21,622.98","8,158,830,000"
"Aug 14, 2025","21,649.21","21,766.29","21,627.13","21,710.67","21,710.67","9,110,860,000"
"Aug 13, 2025","21,764.55","21,803.75","21,645.14","21,713.14","21,713.14","8,763,080,000"
"Aug 12, 2025","21,507.44","21,689.68","21,386.25","21,681.90","21,681.90","8,382,820,000"
"Aug 11, 2025","21,459.65","21,549.73","21,346.62","21,385.40","21,385.40","9,099,730,000"
"Aug 8, 2025","21,316.37","21,464.53","21,284.97","21,450.02","21,450.02","8,669,200,000"
"Aug 7, 2025","21,325.01","21,408.15","21,090.05","21,242.70","21,242.70","8,979,190,000"
"Aug 6, 2025","20,955.22","21,183.88","20,937.49","21,169.42","21,169.42","8,580,020,000"
"Aug 5, 2025","21,092.10","21,138.72","20,893.29","20,916.55","20,916.55","7,982,940,000"
"Aug 4, 2025","20,853.91","21,055.24","20,833.86","21,053.58","21,053.58","7,355,970,000"
"Aug 1, 2025","20,830.64","20,865.63","20,560.17","20,650.13","20,650.13","9,667,420,000"
"Jul 31, 2025","21,457.48","21,457.48","21,078.67","21,122.45","21,122.45","9,917,220,000"
"Jul 30, 2025","21,140.40","21,230.88","21,016.92","21,129.67","21,129.67","9,311,770,000"
"Jul 29, 2025","21,286.72","21,303.96","21,081.69","21,098.29","21,098.29","10,040,610,000"
"Jul 28, 2025","21,176.40","21,202.18","21,122.12","21,178.58","21,178.58","10,612,580,000"
"Jul 25, 2025","21,059.94","21,159.80","21,036.85","21,108.32","21,108.32","11,028,310,000"
"Jul 24, 2025","21,083.82","21,113.10","21,001.68","21,057.96","21,057.96","12,741,070,000"
"Jul 23, 2025","20,966.47","21,023.85","20,870.67","21,020.02","21,020.02","10,972,770,000"
"Jul 22, 2025","20,982.21","20,985.34","20,750.90","20,892.69","20,892.69","10,583,710,000"
"Jul 21, 2025","20,960.33","21,077.37","20,957.44","20,974.18","20,974.18","12,046,970,000"
"Jul 18, 2025","20,959.57","20,980.56","20,846.12","20,895.65","20,895.65","9,354,580,000"
"Jul 17, 2025","20,760.32","20,911.83","20,735.55","20,885.65","20,885.65","9,994,550,000"
"Jul 16, 2025","20,717.81","20,751.05","20,507.06","20,730.49","20,730.49","9,056,640,000"
"Jul 15, 2025","20,822.76","20,836.04","20,670.58","20,677.80","20,677.80","8,399,060,000"
"Jul 14, 2025","20,592.56","20,672.34","20,492.63","20,640.33","20,640.33","8,010,060,000"
"Jul 11, 2025","20,562.88","20,647.97","20,509.75","20,585.53","20,585.53","8,135,800,000"
"Jul 10, 2025","20,636.48","20,655.39","20,495.14","20,630.66","20,630.66","9,781,380,000"
"Jul 9, 2025","20,522.09","20,645.41","20,486.38","20,611.34","20,611.34","9,978,310,000"
"Jul 8, 2025","20,466.93","20,480.89","20,377.36","20,418.46","20,418.46","8,437,480,000"
"Jul 7, 2025","20,490.55","20,511.82","20,323.02","20,412.52","20,412.52","8,345,710,000"
"Jul 3, 2025","20,497.66","20,624.51","20,480.22","20,601.10","20,601.10","6,177,910,000"
"Jul 2, 2025","20,184.37","20,397.22","20,181.74","20,393.13","20,393.13","8,378,750,000"
"Jul 1, 2025","20,290.61","20,339.05","20,105.41","20,202.89","20,202.89","8,631,710,000"
"Jun 30, 2025","20,360.15","20,418.31","20,266.36","20,369.73","20,369.73","8,220,420,000"
"Jun 27, 2025","20,217.26","20,311.51","20,095.05","20,273.46","20,273.46","10,951,070,000"
"Jun 26, 2025","20,062.19","20,187.15","19,982.48","20,167.91","20,167.91","8,383,380,000"
"Jun 25, 2025","20,013.95","20,052.78","19,918.08","19,973.55","19,973.55","8,256,120,000"
"Jun 24, 2025","19,809.62","19,946.72","19,795.29","19,912.53","19,912.53","8,330,090,000"
"Jun 23, 2025","19,427.01","19,643.70","19,334.98","19,630.97","19,630.97","9,088,000,000"
"Jun 20, 2025","19,639.41","19,696.11","19,380.58","19,447.41","19,447.41","9,969,140,000"
"Jun 18, 2025","19,526.92","19,660.77","19,489.56","19,546.27","19,546.27","7,818,790,000"
"Jun 17, 2025","19,627.08","19,666.56","19,485.44","19,521.09","19,521.09","8,519,930,000"
"Jun 16, 2025","19,550.75","19,733.31","19,550.75","19,701.21","19,701.21","9,619,130,000"
"Jun 13, 2025","19,450.93","19,591.87","19,367.42","19,406.83","19,406.83","9,001,850,000"
"Jun 12, 2025","19,578.87","19,690.61","19,553.56","19,662.49","19,662.49","16,308,730,000"
"Jun 11, 2025","19,779.36","19,800.46","19,551.35","19,615.88","19,615.88","10,214,190,000"
"Jun 10, 2025","19,620.11","19,730.38","19,539.09","19,714.99","19,714.99","11,221,560,000"
"Jun 9, 2025","19,573.14","19,637.56","19,531.10","19,591.24","19,591.24","9,538,700,000"
"Jun 6, 2025","19,526.99","19,593.18","19,464.84","19,529.95","19,529.95","7,291,590,000"
"Jun 5, 2025","19,518.20","19,610.51","19,226.22","19,298.45","19,298.45","8,782,360,000"
"Jun 4, 2025","19,434.94","19,493.45","19,359.09","19,460.49","19,460.49","7,695,660,000"
"Jun 3, 2025","19,288.66","19,459.28","19,224.70","19,398.96","19,398.96","7,990,230,000"
"Jun 2, 2025","19,063.06","19,252.71","18,985.30","19,242.61","19,242.61","7,779,940,000"
"May 30, 2025","19,131.22","19,157.78","18,847.74","19,113.77","19,113.77","9,042,260,000"
"May 29, 2025","19,389.39","19,389.39","19,091.54","19,175.87","19,175.87","11,016,850,000"
"May 28, 2025","19,232.62","19,276.83","19,084.38","19,100.94","19,100.94","8,087,530,000"
"May 27, 2025","19,014.44","19,210.95","18,961.69","19,199.16","19,199.16","93,974,540,000"
"May 23, 2025","18,622.38","18,841.52","18,599.69","18,737.21","18,737.21","8,730,370,000"
"May 22, 2025","18,888.05","19,061.11","18,840.34","18,925.74","18,925.74","8,289,710,000"
"May 21, 2025","19,002.94","19,241.41","18,799.20","18,872.64","18,872.64","11,112,460,000"
"May 20, 2025","19,132.06","19,186.69","19,015.63","19,142.71","19,142.71","9,047,100,000"
"May 19, 2025","18,937.42","19,227.22","18,937.42","19,215.46","19,215.46","13,080,030,000"
"May 16, 2025","19,151.54","19,213.42","19,038.48","19,211.10","19,211.10","10,509,820,000"
"May 15, 2025","19,031.24","19,207.22","18,967.78","19,112.32","19,112.32","10,546,350,000"
"May 14, 2025","19,074.72","19,174.55","19,023.61","19,146.81","19,146.81","11,744,820,000"
"May 13, 2025","18,761.23","19,065.96","18,745.50","19,010.09","19,010.09","9,242,230,000"
"May 12, 2025","18,674.56","18,710.22","18,472.71","18,708.34","18,708.34","10,717,670,000"
"May 9, 2025","18,022.55","18,068.90","17,853.84","17,928.92","17,928.92","8,835,140,000"
"May 8, 2025","17,920.15","18,096.00","17,776.00","17,928.14","17,928.14","8,500,390,000"
"May 7, 2025","17,706.83","17,820.29","17,503.01","17,738.16","17,738.16","7,977,870,000"
"May 6, 2025","17,623.21","17,830.35","17,592.88","17,689.66","17,689.66","6,958,220,000"
"May 5, 2025","17,817.01","17,965.64","17,792.08","17,844.24","17,844.24","7,075,320,000"
"May 2, 2025","17,868.76","18,048.83","17,812.04","17,977.73","17,977.73","8,180,190,000"
"May 1, 2025","17,793.14","17,922.83","17,688.11","17,710.74","17,710.74","8,409,690,000"
"Apr 30, 2025","17,099.98","17,483.82","16,959.53","17,446.34","17,446.34","8,595,330,000"
"Apr 29, 2025","17,270.76","17,500.42","17,256.20","17,461.32","17,461.32","13,001,930,000"
"Apr 28, 2025","17,390.93","17,467.35","17,128.71","17,366.13","17,366.13","10,313,290,000"
"Apr 25, 2025","17,182.11","17,404.49","17,110.72","17,382.94","17,382.94","7,412,930,000"
"Apr 24, 2025","16,754.76","17,174.35","16,744.97","17,166.04","17,166.04","7,607,400,000"
"Apr 23, 2025","16,880.29","17,029.86","16,642.66","16,708.05","16,708.05","8,564,870,000"
"Apr 22, 2025","16,079.94","16,410.56","16,038.73","16,300.42","16,300.42","6,981,900,000"
"Apr 21, 2025","16,052.76","16,066.79","15,685.33","15,870.90","15,870.90","6,678,730,000"
"Apr 17, 2025","16,399.97","16,408.51","16,181.17","16,286.45","16,286.45","7,046,290,000"
"Apr 16, 2025","16,499.69","16,600.37","16,066.46","16,307.16","16,307.16","7,909,190,000"
"Apr 15, 2025","16,842.39","16,979.96","16,753.22","16,823.17","16,823.17","7,483,050,000"
"Apr 14, 2025","17,120.44","17,136.56","16,661.26","16,831.48","16,831.48","9,667,260,000"
"Apr 11, 2025","16,358.53","16,753.41","16,228.04","16,724.46","16,724.46","9,444,890,000"
"Apr 10, 2025","16,635.45","16,712.37","15,894.27","16,387.31","16,387.31","11,861,670,000"
"Apr 9, 2025","15,295.44","17,202.94","15,270.28","17,124.97","17,124.97","13,479,740,000"
"Apr 8, 2025","16,181.04","16,316.51","15,053.39","15,267.91","15,267.91","10,496,650,000"
"Apr 7, 2025","14,978.03","16,292.28","14,784.03","15,603.26","15,603.26","12,483,580,000"
"Apr 4, 2025","16,045.60","16,128.16","15,575.68","15,587.79","15,587.79","11,038,180,000"
"Apr 3, 2025","16,790.53","16,889.34","16,533.04","16,550.61","16,550.61","9,461,330,000"
"Apr 2, 2025","17,207.01","17,716.52","17,181.27","17,601.05","17,601.05","9,126,630,000"
"Apr 1, 2025","17,221.55","17,506.59","17,149.36","17,449.89","17,449.89","7,756,540,000"
"Mar 31, 2025","17,045.44","17,334.98","16,854.37","17,299.29","17,299.29","8,122,180,000"
"Mar 28, 2025","17,722.09","17,763.28","17,283.06","17,322.99","17,322.99","7,015,410,000"
"Mar 27, 2025","17,811.24","17,988.02","17,743.80","17,804.03","17,804.03","8,002,470,000"
"Mar 26, 2025","18,217.33","18,236.55","17,837.26","17,899.02","17,899.02","9,091,510,000"
"Mar 25, 2025","18,207.97","18,281.13","18,170.42","18,271.86","18,271.86","6,475,790,000"
"Mar 24, 2025","18,046.19","18,210.05","18,030.68","18,188.59","18,188.59","6,787,790,000"
"Mar 21, 2025","17,519.84","17,798.06","17,474.81","17,784.05","17,784.05","8,837,930,000"
"Mar 20, 2025","17,586.06","17,903.20","17,576.82","17,691.63","17,691.63","6,098,330,000"
"Mar 19, 2025","17,590.12","17,917.54","17,533.94","17,750.79","17,750.79","6,302,310,000"
"Mar 18, 2025","17,662.57","17,682.92","17,431.67","17,504.12","17,504.12","6,450,530,000"
"Mar 17, 2025","17,722.54","17,925.94","17,645.87","17,808.66","17,808.66","6,306,340,000"
"Mar 14, 2025","17,523.30","17,773.48","17,491.08","17,754.09","17,754.09","7,093,850,000"
"Mar 13, 2025","17,598.56","17,621.91","17,239.44","17,303.01","17,303.01","7,147,050,000"
"Mar 12, 2025","17,711.41","17,800.10","17,436.27","17,648.45","17,648.45","7,746,430,000"
"Mar 11, 2025","17,443.09","17,687.40","17,238.24","17,436.10","17,436.10","9,177,320,000"
"Mar 10, 2025","17,840.32","17,868.08","17,291.82","17,468.32","17,468.32","8,636,040,000"
"Mar 7, 2025","18,029.85","18,243.58","17,768.59","18,196.22","18,196.22","8,135,420,000"
"Mar 6, 2025","18,204.53","18,439.24","17,980.39","18,069.26","18,069.26","7,686,200,000"
"Mar 5, 2025","18,312.97","18,604.47","18,144.73","18,552.73","18,552.73","7,048,430,000"
"Mar 4, 2025","18,176.43","18,589.49","17,956.60","18,285.16","18,285.16","8,469,180,000"
"Mar 3, 2025","18,923.36","18,992.30","18,216.63","18,350.19","18,350.19","8,170,140,000"
"Feb 28, 2025","18,477.17","18,861.33","18,372.99","18,847.28","18,847.28","8,247,520,000"
"Feb 27, 2025","19,212.36","19,242.69","18,535.22","18,544.42","18,544.42","7,700,290,000"
"Feb 26, 2025","19,109.32","19,286.02","18,966.46","19,075.26","19,075.26","7,034,450,000"
"Feb 25, 2025","19,242.61","19,256.35","18,871.52","19,026.39","19,026.39","7,991,440,000"
"Feb 24, 2025","19,590.85","19,644.23","19,275.46","19,286.93","19,286.93","7,414,760,000"
"Feb 21, 2025","20,006.69","20,016.66","19,510.91","19,524.01","19,524.01","8,461,020,000"
"Feb 20, 2025","20,029.19","20,041.15","19,795.02","19,962.36","19,962.36","7,329,270,000"
"Feb 19, 2025","19,994.50","20,099.39","19,928.89","20,056.25","20,056.25","8,171,530,000"
"Feb 18, 2025","20,090.55","20,110.12","19,909.74","20,041.26","20,041.26","8,683,170,000"
"Feb 14, 2025","19,956.82","20,045.76","19,932.15","20,026.77","20,026.77","7,995,720,000"
"Feb 13, 2025","19,696.92","19,952.17","19,675.87","19,945.64","19,945.64","8,414,510,000"
"Feb 12, 2025","19,436.51","19,682.51","19,415.48","19,649.95","19,649.95","7,946,550,000"
"Feb 11, 2025","19,602.11","19,731.93","19,579.77","19,643.86","19,643.86","9,269,380,000"
"Feb 10, 2025","19,668.18","19,772.04","19,650.79","19,714.27","19,714.27","9,535,440,000"
"Feb 7, 2025","19,774.87","19,862.54","19,489.36","19,523.40","19,523.40","7,748,940,000"
"Feb 6, 2025","19,725.83","19,793.36","19,654.11","19,791.99","19,791.99","6,642,100,000"
"Feb 5, 2025","19,533.05","19,696.94","19,498.90","19,692.33","19,692.33","6,712,220,000"
"Feb 4, 2025","19,422.17","19,666.44","19,408.18","19,654.02","19,654.02","6,477,050,000"
"Feb 3, 2025","19,215.38","19,502.13","19,141.15","19,391.96","19,391.96","8,272,460,000"
"Jan 31, 2025","19,832.33","19,969.17","19,575.21","19,627.44","19,627.44","7,947,370,000"
"Jan 30, 2025","19,697.53","19,785.79","19,483.83","19,681.75","19,681.75","6,679,500,000"
"Jan 29, 2025","19,695.68","19,699.82","19,479.51","19,632.32","19,632.32","6,497,710,000"
"Jan 28, 2025","19,418.22","19,759.43","19,294.62","19,733.59","19,733.59","7,121,740,000"
"Jan 27, 2025","19,234.04","19,514.35","19,204.95","19,341.83","19,341.83","8,870,200,000"
"Jan 24, 2025","20,087.11","20,118.61","19,897.13","19,954.30","19,954.30","7,708,150,000"
"Jan 23, 2025","19,906.99","20,053.68","19,892.55","20,053.68","20,053.68","6,837,700,000"
"Jan 22, 2025","19,903.05","20,068.52","19,903.05","20,009.34","20,009.34","7,219,060,000"
"Jan 21, 2025","19,734.39","19,789.63","19,551.17","19,756.78","19,756.78","8,015,780,000"
"Jan 17, 2025","19,655.55","19,709.64","19,543.32","19,630.20","19,630.20","7,996,360,000"
"Jan 16, 2025","19,573.87","19,579.85","19,335.68","19,338.29","19,338.29","7,085,990,000"
"Jan 15, 2025","19,350.31","19,548.90","19,299.32","19,511.23","19,511.23","7,260,250,000"
"Jan 14, 2025","19,207.75","19,273.14","18,926.60","19,044.39","19,044.39","7,168,110,000"
"Jan 13, 2025","18,903.66","19,099.97","18,831.91","19,088.10","19,088.10","7,830,760,000"
"Jan 10, 2025","19,312.26","19,315.11","19,018.75","19,161.63","19,161.63","8,608,880,000"
"Jan 8, 2025","19,469.37","19,544.51","19,308.54","19,478.88","19,478.88","8,851,720,000"
"Jan 7, 2025","19,938.08","19,940.21","19,421.02","19,489.68","19,489.68","13,371,130,000"
"Jan 6, 2025","19,851.99","20,007.95","19,785.00","19,864.98","19,864.98","9,586,840,000"
"Jan 3, 2025","19,395.51","19,638.66","19,379.57","19,621.68","19,621.68","8,214,050,000"
"Jan 2, 2025","19,403.90","19,517.87","19,117.59","19,280.79","19,280.79","8,737,550,000"
"Dec 31, 2024","19,551.36","19,563.72","19,283.41","19,310.79","19,310.79","8,873,030,000"
"Dec 30, 2024","19,460.41","19,622.93","19,342.51","19,486.79","19,486.79","8,384,090,000"
"Dec 27, 2024","19,896.77","19,904.77","19,553.40","19,722.03","19,722.03","7,765,120,000"
"Dec 26, 2024","19,979.25","20,070.08","19,888.11","20,020.36","20,020.36","6,467,910,000"
"Dec 24, 2024","19,818.48","20,031.13","19,813.76","20,031.13","20,031.13","4,739,190,000"
"Dec 23, 2024","19,641.05","19,772.10","19,504.68","19,764.88","19,764.88","6,820,720,000"
"Dec 20, 2024","19,190.04","19,758.61","19,168.38","19,572.60","19,572.60","10,962,450,000"
"Dec 19, 2024","19,565.66","19,623.02","19,357.76","19,372.77","19,372.77","8,029,590,000"
"Dec 18, 2024","20,114.98","20,179.77","19,336.59","19,392.69","19,392.69","9,996,120,000"
"Dec 17, 2024","20,095.62","20,148.83","20,004.73","20,109.06","20,109.06","9,534,350,000"
"Dec 16, 2024","20,016.12","20,204.58","19,988.12","20,173.89","20,173.89","8,855,040,000"
"Dec 13, 2024","19,995.18","20,061.65","19,817.47","19,926.72","19,926.72","6,028,250,000"
"Dec 12, 2024","19,947.34","20,018.24","19,897.38","19,902.84","19,902.84","7,047,550,000"
"Dec 11, 2024","19,832.96","20,055.93","19,830.64","20,034.89","20,034.89","6,639,720,000"
"Dec 10, 2024","19,796.39","19,887.08","19,641.34","19,687.24","19,687.24","6,843,850,000"
"Dec 9, 2024","19,824.09","19,872.79","19,698.05","19,736.69","19,736.69","7,884,620,000"
"Dec 6, 2024","19,743.96","19,863.15","19,734.42","19,859.77","19,859.77","6,787,610,000"
"Dec 5, 2024","19,756.40","19,790.03","19,688.59","19,700.26","19,700.26","7,229,510,000"
"Dec 4, 2024","19,587.48","19,741.76","19,575.40","19,735.12","19,735.12","7,870,030,000"
"Dec 3, 2024","19,364.34","19,486.15","19,340.41","19,480.91","19,480.91","6,005,160,000"
"Dec 2, 2024","19,255.43","19,436.92","19,255.43","19,403.95","19,403.95","6,370,530,000"
"Nov 29, 2024","19,087.47","19,245.49","19,066.52","19,218.17","19,218.17","4,042,550,000"
"Nov 27, 2024","19,132.99","19,133.11","18,937.20","19,060.48","19,060.48","5,619,090,000"
"Nov 26, 2024","19,109.08","19,184.40","19,100.73","19,174.30","19,174.30","6,411,770,000"
"Nov 25, 2024","19,140.59","19,208.68","18,969.35","19,054.84","19,054.84","7,932,980,000"
"Nov 22, 2024","18,966.32","19,025.77","18,899.48","19,003.65","19,003.65","6,575,820,000"
"Nov 21, 2024","19,072.78","19,110.89","18,714.06","18,972.42","18,972.42","7,492,540,000"
"Nov 20, 2024","18,971.31","18,974.91","18,724.39","18,966.14","18,966.14","7,121,670,000"
"Nov 19, 2024","18,699.71","18,992.08","18,689.83","18,987.47","18,987.47","7,246,610,000"
"Nov 18, 2024","18,717.93","18,865.28","18,672.30","18,791.81","18,791.81","8,455,360,000"
"Nov 15, 2024","18,929.92","18,936.75","18,598.87","18,680.12","18,680.12","8,002,270,000"
"Nov 14, 2024","19,256.09","19,275.80","19,073.39","19,107.65","19,107.65","8,680,480,000"
"Nov 13, 2024","19,286.46","19,358.48","19,191.13","19,230.72","19,230.72","9,623,670,000"
"Nov 12, 2024","19,289.81","19,343.05","19,168.52","19,281.40","19,281.40","7,816,410,000"
"Nov 11, 2024","19,355.34","19,366.07","19,193.29","19,298.76","19,298.76","8,087,930,000"
"Nov 8, 2024","19,255.14","19,318.56","19,224.43","19,286.78","19,286.78","7,316,010,000"
"Nov 7, 2024","19,084.43","19,301.70","19,084.43","19,269.46","19,269.46","9,232,670,000"
"Nov 6, 2024","18,772.76","19,000.50","18,730.21","18,983.47","18,983.47","8,138,050,000"
"Nov 5, 2024","18,250.71","18,449.68","18,250.71","18,439.17","18,439.17","7,060,340,000"
"Nov 4, 2024","18,220.43","18,308.30","18,112.83","18,179.98","18,179.98","5,762,320,000"
"Nov 1, 2024","18,189.67","18,363.94","18,181.53","18,239.92","18,239.92","5,896,470,000"
"Oct 31, 2024","18,427.31","18,427.31","18,083.95","18,095.15","18,095.15","6,411,940,000"
"Oct 30, 2024","18,731.69","18,785.50","18,598.24","18,607.93","18,607.93","6,514,690,000"
"Oct 29, 2024","18,576.09","18,753.19","18,509.59","18,712.75","18,712.75","6,881,170,000"
"Oct 28, 2024","18,648.25","18,671.01","18,563.02","18,567.19","18,567.19","5,641,660,000"
"Oct 25, 2024","18,512.58","18,690.01","18,487.06","18,518.61","18,518.61","6,100,040,000"
"Oct 24, 2024","18,384.16","18,435.37","18,305.42","18,415.49","18,415.49","5,761,280,000"
"Oct 23, 2024","18,502.06","18,509.19","18,146.61","18,276.65","18,276.65","6,245,610,000"
"Oct 22, 2024","18,451.86","18,620.71","18,413.47","18,579.77","18,579.77","6,407,180,000"
"Oct 21, 2024","18,456.48","18,543.58","18,377.63","18,540.01","18,540.01","6,092,180,000"
"Oct 18, 2024","18,466.01","18,524.33","18,452.58","18,489.55","18,489.55","5,090,190,000"
"Oct 17, 2024","18,537.21","18,541.46","18,368.79","18,373.61","18,373.61","5,806,860,000"
"Oct 16, 2024","18,333.29","18,383.11","18,214.96","18,367.08","18,367.08","5,257,570,000"
"Oct 15, 2024","18,515.97","18,564.25","18,252.52","18,315.59","18,315.59","6,522,700,000"
"Oct 14, 2024","18,426.66","18,547.92","18,423.60","18,502.69","18,502.69","4,894,710,000"
"Oct 11, 2024","18,217.73","18,375.53","18,208.44","18,342.94","18,342.94","5,140,440,000"
"Oct 10, 2024","18,200.62","18,333.39","18,154.18","18,282.05","18,282.05","5,855,390,000"
"Oct 9, 2024","18,179.22","18,302.05","18,133.02","18,291.62","18,291.62","5,228,670,000"
"Oct 8, 2024","18,017.93","18,203.04","17,989.70","18,182.92","18,182.92","5,566,510,000"
"Oct 7, 2024","18,080.12","18,096.33","17,900.04","17,923.90","17,923.90","5,240,320,000"
"Oct 4, 2024","18,130.42","18,145.28","17,952.30","18,137.85","18,137.85","5,136,070,000"
"Oct 3, 2024","17,859.49","18,011.25","17,826.42","17,918.48","17,918.48","5,208,990,000"
"Oct 2, 2024","17,867.12","17,978.58","17,767.79","17,925.12","17,925.12","5,489,040,000"
"Oct 1, 2024","18,154.94","18,162.72","17,779.77","17,910.36","17,910.36","5,879,980,000"
"Sep 30, 2024","18,069.83","18,198.16","17,997.56","18,189.17","18,189.17","5,846,150,000"
"Sep 27, 2024","18,228.78","18,238.28","18,069.18","18,119.59","18,119.59","5,367,890,000"
"Sep 26, 2024","18,327.34","18,327.34","18,071.74","18,190.29","18,190.29","5,669,210,000"
"Sep 25, 2024","18,050.36","18,155.04","18,040.62","18,082.21","18,082.21","4,858,060,000"
"Sep 24, 2024","18,046.44","18,091.96","17,863.38","18,074.52","18,074.52","5,347,580,000"
"Sep 23, 2024","17,994.91","18,021.58","17,936.37","17,974.27","17,974.27","5,237,310,000"
"Sep 20, 2024","17,999.35","18,024.34","17,835.64","17,948.32","17,948.32","9,914,480,000"
"Sep 19, 2024","17,980.89","18,099.93","17,909.75","18,013.98","18,013.98","5,574,650,000"
"Sep 18, 2024","17,663.38","17,832.70","17,556.43","17,573.30","17,573.30","5,611,630,000"
"Sep 17, 2024","17,707.02","17,781.74","17,544.64","17,628.06","17,628.06","4,959,520,000"
"Sep 16, 2024","17,573.70","17,618.40","17,480.66","17,592.13","17,592.13","4,675,530,000"
"Sep 13, 2024","17,575.26","17,719.14","17,564.61","17,683.98","17,683.98","4,802,880,000"
"Sep 12, 2024","17,413.89","17,605.72","17,338.32","17,569.68","17,569.68","4,983,120,000"
"Sep 11, 2024","17,061.41","17,420.23","16,787.84","17,395.53","17,395.53","6,086,930,000"
"Sep 10, 2024","16,949.64","17,036.07","16,801.13","17,025.88","17,025.88","4,963,740,000"
"Sep 9, 2024","16,835.67","16,923.28","16,732.84","16,884.60","16,884.60","5,132,150,000"
"Sep 6, 2024","17,137.62","17,166.54","16,668.57","16,690.83","16,690.83","5,549,030,000"
"Sep 5, 2024","17,063.24","17,295.58","17,035.07","17,127.66","17,127.66","4,983,030,000"
"Sep 4, 2024","17,015.71","17,232.65","16,984.67","17,084.30","17,084.30","5,011,820,000"
"Sep 3, 2024","17,585.45","17,585.45","17,057.79","17,136.30","17,136.30","5,813,970,000"
"Aug 30, 2024","17,650.49","17,720.38","17,498.79","17,713.62","17,713.62","5,531,150,000"
"Aug 29, 2024","17,610.57","17,789.21","17,482.60","17,516.43","17,516.43","5,727,780,000"
"Aug 28, 2024","17,738.80","17,759.94","17,439.40","17,556.03","17,556.03","5,211,920,000"
"Aug 27, 2024","17,655.52","17,789.72","17,573.37","17,754.82","17,754.82","4,362,380,000"
"Aug 26, 2024","17,867.85","17,909.09","17,645.69","17,725.77","17,725.77","5,110,940,000"
"Aug 23, 2024","17,772.73","17,941.27","17,700.27","17,877.79","17,877.79","5,380,810,000"
"Aug 22, 2024","17,993.72","18,017.69","17,589.15","17,619.35","17,619.35","5,065,360,000"
"Aug 21, 2024","17,840.51","17,963.07","17,790.98","17,918.99","17,918.99","4,765,150,000"
"Aug 20, 2024","17,849.09","17,932.53","17,758.20","17,816.94","17,816.94","5,305,260,000"
"Aug 19, 2024","17,649.74","17,877.44","17,585.58","17,876.77","17,876.77","5,564,300,000"
"Aug 16, 2024","17,516.40","17,674.65","17,502.83","17,631.72","17,631.72","5,138,150,000"
"Aug 15, 2024","17,394.54","17,602.72","17,375.41","17,594.50","17,594.50","5,478,170,000"
"Aug 14, 2024","17,227.64","17,260.73","17,032.17","17,192.60","17,192.60","4,985,480,000"
"Aug 13, 2024","16,944.74","17,192.79","16,943.95","17,187.61","17,187.61","5,469,160,000"
"Aug 12, 2024","16,793.64","16,895.79","16,699.39","16,780.61","16,780.61","4,890,850,000"
"Aug 9, 2024","16,636.52","16,789.22","16,574.57","16,745.30","16,745.30","5,783,410,000"
"Aug 8, 2024","16,408.27","16,694.25","16,262.93","16,660.02","16,660.02","5,815,880,000"
"Aug 7, 2024","16,622.31","16,709.81","16,179.53","16,195.81","16,195.81","5,913,620,000"
"Aug 6, 2024","16,261.36","16,620.31","16,137.65","16,366.85","16,366.85","5,908,930,000"
"Aug 5, 2024","15,712.53","16,453.46","15,708.54","16,200.08","16,200.08","6,852,190,000"
"Aug 2, 2024","16,780.45","16,920.63","16,582.79","16,776.16","16,776.16","6,313,870,000"
"Aug 1, 2024","17,647.03","17,791.58","17,051.42","17,194.15","17,194.15","6,664,550,000"
"Jul 31, 2024","17,499.23","17,693.98","17,438.60","17,599.40","17,599.40","6,292,560,000"
"Jul 30, 2024","17,424.10","17,468.56","17,015.38","17,147.42","17,147.42","5,564,310,000"
"Jul 29, 2024","17,444.39","17,535.32","17,299.83","17,370.20","17,370.20","4,897,230,000"
"Jul 26, 2024","17,331.95","17,454.57","17,239.99","17,357.88","17,357.88","5,281,560,000"
"Jul 25, 2024","17,352.64","17,544.46","17,033.96","17,181.72","17,181.72","6,114,350,000"
"Jul 24, 2024","17,733.91","17,747.06","17,313.52","17,342.41","17,342.41","6,735,560,000"
"Jul 23, 2024","17,982.74","18,128.38","17,968.10","17,997.35","17,997.35","4,938,000,000"
"Jul 22, 2024","17,923.65","18,040.99","17,839.76","18,007.57","18,007.57","5,093,620,000"
"Jul 19, 2024","17,835.59","17,935.14","17,691.43","17,726.94","17,726.94","4,992,930,000"
"Jul 18, 2024","18,119.15","18,130.87","17,759.54","17,871.22","17,871.22","5,977,260,000"
"Jul 17, 2024","18,188.19","18,223.24","17,972.87","17,996.92","17,996.92","6,007,280,000"
"Jul 16, 2024","18,534.27","18,576.83","18,386.07","18,509.34","18,509.34","5,812,930,000"
"Jul 15, 2024","18,485.91","18,641.53","18,397.83","18,472.57","18,472.57","5,450,350,000"
"Jul 12, 2024","18,303.64","18,556.73","18,293.60","18,398.45","18,398.45","5,845,930,000"
"Jul 11, 2024","18,659.25","18,671.07","18,238.78","18,283.41","18,283.41","6,366,620,000"
"Jul 10, 2024","18,512.09","18,655.19","18,467.58","18,647.45","18,647.45","5,228,240,000"
"Jul 9, 2024","18,465.02","18,511.89","18,381.60","18,429.29","18,429.29","4,839,140,000"
"Jul 8, 2024","18,371.86","18,416.94","18,342.60","18,403.74","18,403.74","5,286,260,000"
"Jul 5, 2024","18,200.60","18,366.31","18,197.14","18,352.76","18,352.76","4,851,000,000"
"Jul 3, 2024","18,016.12","18,188.30","18,016.12","18,188.30","18,188.30","3,713,960,000"
"Jul 2, 2024","17,808.04","18,031.29","17,802.24","18,028.76","18,028.76","4,526,550,000"
"Jul 1, 2024","17,773.90","17,894.28","17,657.64","17,879.30","17,879.30","5,189,990,000"
"Jun 28, 2024","17,891.10","18,035.00","17,723.83","17,732.60","17,732.60","8,960,940,000"
"Jun 27, 2024","17,793.95","17,892.78","17,765.42","17,858.68","17,858.68","5,382,060,000"
"Jun 26, 2024","17,697.27","17,813.55","17,687.07","17,805.16","17,805.16","5,294,310,000"
"Jun 25, 2024","17,572.16","17,734.34","17,546.63","17,717.65","17,717.65","4,848,280,000"
"Jun 24, 2024","17,640.26","17,730.12","17,494.02","17,496.82","17,496.82","5,503,210,000"
"Jun 21, 2024","17,681.01","17,787.34","17,620.57","17,689.36","17,689.36","8,589,160,000"
"Jun 20, 2024","17,913.94","17,936.79","17,650.69","17,721.59","17,721.59","6,289,300,000"
"Jun 18, 2024","17,856.76","17,890.52","17,796.88","17,862.23","17,862.23","5,796,180,000"
"Jun 17, 2024","17,697.30","17,935.99","17,636.36","17,857.02","17,857.02","6,061,200,000"
"Jun 14, 2024","17,621.18","17,693.43","17,590.80","17,688.88","17,688.88","4,973,820,000"
"Jun 13, 2024","17,715.27","17,741.80","17,566.32","17,667.56","17,667.56","4,916,020,000"
"Jun 12, 2024","17,502.15","17,725.39","17,490.64","17,608.44","17,608.44","5,560,630,000"
"Jun 11, 2024","17,160.42","17,345.05","17,107.99","17,343.55","17,343.55","5,009,220,000"
"Jun 10, 2024","17,083.45","17,213.45","17,057.34","17,192.53","17,192.53","5,207,110,000"
"Jun 7, 2024","17,124.14","17,229.31","17,090.04","17,133.13","17,133.13","4,755,650,000"
"Jun 6, 2024","17,204.87","17,235.73","17,123.59","17,173.12","17,173.12","4,960,580,000"
"Jun 5, 2024","16,974.48","17,187.92","16,955.56","17,187.90","17,187.90","5,325,000,000"
"Jun 4, 2024","16,823.88","16,891.87","16,750.39","16,857.05","16,857.05","4,917,350,000"
"Jun 3, 2024","16,865.70","16,909.89","16,646.43","16,828.67","16,828.67","5,422,040,000"
"May 31, 2024","16,771.90","16,789.27","16,445.54","16,735.02","16,735.02","6,674,090,000"
"May 30, 2024","16,878.63","16,900.46","16,690.36","16,737.08","16,737.08","6,659,290,000"
"May 29, 2024","16,879.35","16,989.60","16,873.97","16,920.58","16,920.58","6,652,480,000"
"May 28, 2024","16,988.31","17,032.66","16,917.51","17,019.88","17,019.88","6,293,380,000"
"May 24, 2024","16,786.79","16,947.80","16,771.58","16,920.79","16,920.79","5,836,040,000"
"May 23, 2024","16,996.39","16,996.39","16,678.37","16,736.03","16,736.03","7,752,800,000"
"May 22, 2024","16,839.02","16,855.27","16,712.09","16,801.54","16,801.54","7,277,340,000"
"May 21, 2024","16,736.10","16,839.02","16,719.97","16,832.62","16,832.62","6,245,090,000"
"May 20, 2024","16,702.02","16,823.83","16,695.69","16,794.87","16,794.87","6,861,320,000"
"May 17, 2024","16,708.49","16,726.41","16,613.84","16,685.97","16,685.97","9,587,280,000"
"May 16, 2024","16,738.11","16,797.83","16,693.45","16,698.32","16,698.32","11,932,600,000"
"May 15, 2024","16,601.14","16,749.74","16,544.09","16,742.39","16,742.39","8,538,990,000"
"May 14, 2024","16,391.16","16,526.27","16,386.43","16,511.18","16,511.18","7,270,240,000"
"May 13, 2024","16,400.31","16,407.05","16,334.86","16,388.24","16,388.24","4,452,750,000"
"May 10, 2024","16,389.02","16,437.39","16,293.52","16,340.87","16,340.87","4,402,110,000"
"May 9, 2024","16,323.74","16,362.79","16,241.98","16,346.26","16,346.26","4,505,120,000"
"May 8, 2024","16,226.07","16,341.65","16,226.07","16,302.76","16,302.76","4,530,190,000"
"May 7, 2024","16,358.34","16,397.39","16,303.84","16,332.56","16,332.56","5,041,870,000"
"May 6, 2024","16,208.54","16,350.08","16,197.86","16,349.25","16,349.25","4,460,130,000"
"May 3, 2024","16,147.48","16,204.71","16,068.34","16,156.33","16,156.33","4,887,310,000"
"May 2, 2024","15,758.11","15,862.79","15,604.73","15,840.96","15,840.96","4,901,610,000"
"May 1, 2024","15,646.09","15,926.22","15,557.64","15,605.48","15,605.48","5,277,790,000"
"Apr 30, 2024","15,920.89","15,979.36","15,655.67","15,657.82","15,657.82","5,229,400,000"
"Apr 29, 2024","16,007.00","16,021.49","15,885.89","15,983.08","15,983.08","4,972,520,000"
"Apr 26, 2024","15,821.34","15,981.00","15,770.72","15,927.90","15,927.90","4,694,400,000"
"Apr 25, 2024","15,375.26","15,644.51","15,343.91","15,611.76","15,611.76","4,743,640,000"
"Apr 24, 2024","15,805.60","15,839.00","15,634.44","15,712.75","15,712.75","4,735,870,000"
"Apr 23, 2024","15,525.55","15,730.35","15,510.59","15,696.64","15,696.64","4,951,670,000"
"Apr 22, 2024","15,396.13","15,539.00","15,265.66","15,451.31","15,451.31","4,616,730,000"
"Apr 19, 2024","15,547.10","15,576.70","15,222.78","15,282.01","15,282.01","5,316,010,000"
"Apr 18, 2024","15,705.69","15,786.12","15,587.50","15,601.50","15,601.50","4,932,540,000"
"Apr 17, 2024","15,942.29","15,957.03","15,654.51","15,683.37","15,683.37","4,991,470,000"
"Apr 16, 2024","15,856.38","15,965.79","15,822.02","15,865.25","15,865.25","5,001,860,000"
"Apr 15, 2024","16,276.47","16,295.27","15,863.88","15,885.02","15,885.02","4,910,550,000"
"Apr 12, 2024","16,293.03","16,341.46","16,125.33","16,175.09","16,175.09","4,552,740,000"
"Apr 11, 2024","16,236.20","16,464.60","16,154.65","16,442.20","16,442.20","4,714,750,000"
"Apr 10, 2024","16,104.01","16,200.10","16,092.02","16,170.36","16,170.36","5,308,250,000"
"Apr 9, 2024","16,328.76","16,348.18","16,141.15","16,306.64","16,306.64","4,869,190,000"
"Apr 8, 2024","16,285.18","16,323.60","16,220.72","16,253.96","16,253.96","4,386,700,000"
"Apr 5, 2024","16,095.40","16,326.50","16,080.48","16,248.52","16,248.52","4,578,130,000"
"Apr 4, 2024","16,418.57","16,468.04","16,046.56","16,049.08","16,049.08","5,368,700,000"
"Apr 3, 2024","16,178.80","16,340.74","16,169.31","16,277.46","16,277.46","5,151,500,000"
"Apr 2, 2024","16,199.24","16,251.41","16,137.24","16,240.45","16,240.45","4,710,280,000"
"Apr 1, 2024","16,397.05","16,490.65","16,327.89","16,396.83","16,396.83","4,798,390,000"
"Mar 28, 2024","16,377.23","16,420.92","16,347.38","16,379.46","16,379.46","5,174,450,000"
"Mar 27, 2024","16,424.76","16,431.82","16,279.17","16,399.52","16,399.52","4,768,930,000"
"Mar 26, 2024","16,446.85","16,476.38","16,312.95","16,315.70","16,315.70","5,144,260,000"
"Mar 25, 2024","16,335.30","16,441.17","16,315.72","16,384.47","16,384.47","4,636,940,000"
"Mar 22, 2024","16,387.83","16,467.62","16,361.00","16,428.82","16,428.82","4,339,930,000"
"Mar 21, 2024","16,517.24","16,538.86","16,393.90","16,401.84","16,401.84","5,134,740,000"
"Mar 20, 2024","16,185.76","16,377.44","16,127.48","16,369.41","16,369.41","5,298,380,000"
"Mar 19, 2024","16,031.93","16,175.59","15,951.86","16,166.79","16,166.79","4,758,740,000"
"Mar 18, 2024","16,154.92","16,247.59","16,094.17","16,103.45","16,103.45","5,025,040,000"
"Mar 15, 2024","16,043.58","16,055.33","15,925.91","15,973.17","15,973.17","8,261,950,000"
"Mar 14, 2024","16,209.19","16,245.32","16,039.68","16,128.53","16,128.53","5,450,980,000"
"Mar 13, 2024","16,220.11","16,233.30","16,143.34","16,177.77","16,177.77","4,839,000,000"
"Mar 12, 2024","16,116.98","16,275.45","15,992.98","16,265.64","16,265.64","5,100,330,000"
"Mar 11, 2024","16,052.63","16,085.95","15,978.04","16,019.27","16,019.27","4,917,620,000"
"Mar 8, 2024","16,322.10","16,449.70","16,059.50","16,085.11","16,085.11","5,411,790,000"
"Mar 7, 2024","16,147.32","16,309.02","16,096.01","16,273.38","16,273.38","5,072,790,000"
"Mar 6, 2024","16,092.00","16,128.56","15,956.66","16,031.54","16,031.54","5,511,370,000"
"Mar 5, 2024","16,077.74","16,087.57","15,862.63","15,939.59","15,939.59","6,356,800,000"
"Mar 4, 2024","16,264.21","16,289.06","16,199.06","16,207.51","16,207.51","5,725,470,000"
"Mar 1, 2024","16,109.83","16,302.24","16,096.60","16,274.94","16,274.94","5,457,910,000"
"Feb 29, 2024","16,059.34","16,115.96","15,931.70","16,091.92","16,091.92","6,265,340,000"
"Feb 28, 2024","15,969.14","16,003.56","15,924.72","15,947.74","15,947.74","5,581,690,000"
"Feb 27, 2024","16,013.98","16,046.10","15,940.51","16,035.30","16,035.30","5,423,020,000"
"Feb 26, 2024","16,014.45","16,054.90","15,973.90","15,976.25","15,976.25","5,417,630,000"
"Feb 23, 2024","16,094.80","16,134.22","15,954.50","15,996.82","15,996.82","5,077,910,000"
"Feb 22, 2024","15,904.48","16,061.82","15,869.24","16,041.62","16,041.62","5,653,930,000"
"Feb 21, 2024","15,532.12","15,583.68","15,451.65","15,580.87","15,580.87","4,845,740,000"
"Feb 20, 2024","15,679.84","15,730.47","15,508.50","15,630.78","15,630.78","5,595,700,000"
"Feb 16, 2024","15,910.43","15,917.41","15,752.02","15,775.65","15,775.65","5,223,800,000"
"Feb 15, 2024","15,865.30","15,911.22","15,779.72","15,906.17","15,906.17","6,049,100,000"
"Feb 14, 2024","15,781.71","15,865.51","15,683.94","15,859.15","15,859.15","5,092,660,000"
"Feb 13, 2024","15,598.88","15,770.42","15,551.44","15,655.60","15,655.60","5,599,860,000"
"Feb 12, 2024","15,980.62","16,080.07","15,917.87","15,942.55","15,942.55","5,458,490,000"
"Feb 9, 2024","15,842.38","16,007.29","15,831.76","15,990.66","15,990.66","5,797,260,000"
"Feb 8, 2024","15,762.23","15,813.27","15,739.18","15,793.71","15,793.71","5,675,850,000"
"Feb 7, 2024","15,690.35","15,770.68","15,645.81","15,756.64","15,756.64","4,567,580,000"
"Feb 6, 2024","15,638.19","15,652.75","15,515.25","15,609.00","15,609.00","4,759,640,000"
"Feb 5, 2024","15,613.99","15,637.88","15,471.68","15,597.68","15,597.68","4,831,020,000"
"Feb 2, 2024","15,403.16","15,664.21","15,366.78","15,628.95","15,628.95","4,800,690,000"
"Feb 1, 2024","15,254.02","15,372.13","15,208.88","15,361.64","15,361.64","5,046,920,000"
"Jan 31, 2024","15,324.19","15,405.56","15,158.49","15,164.01","15,164.01","5,875,610,000"
"Jan 30, 2024","15,604.08","15,619.23","15,484.67","15,509.90","15,509.90","4,719,240,000"
"Jan 29, 2024","15,470.66","15,630.58","15,449.87","15,628.04","15,628.04","4,979,310,000"
"Jan 26, 2024","15,474.85","15,538.84","15,433.04","15,455.36","15,455.36","4,510,530,000"
"Jan 25, 2024","15,555.62","15,597.25","15,430.68","15,510.50","15,510.50","5,281,570,000"
"Jan 24, 2024","15,560.61","15,629.07","15,468.91","15,481.92","15,481.92","4,983,210,000"
"Jan 23, 2024","15,391.41","15,432.35","15,337.23","15,425.94","15,425.94","5,207,680,000"
"Jan 22, 2024","15,393.05","15,438.85","15,333.63","15,360.29","15,360.29","5,456,240,000"
"Jan 19, 2024","15,122.38","15,310.97","15,087.20","15,310.97","15,310.97","5,604,950,000"
"Jan 18, 2024","14,994.52","15,066.81","14,911.11","15,055.65","15,055.65","5,587,440,000"
"Jan 17, 2024","14,814.77","14,865.76","14,706.23","14,855.62","14,855.62","5,181,740,000"
"Jan 16, 2024","14,908.26","15,004.35","14,863.81","14,944.35","14,944.35","6,386,180,000"
"Jan 12, 2024","15,001.01","15,047.25","14,931.88","14,972.76","14,972.76","4,958,940,000"
"Jan 11, 2024","15,020.95","15,063.61","14,800.38","14,970.19","14,970.19","5,044,690,000"
"Jan 10, 2024","14,877.70","14,998.20","14,842.70","14,969.65","14,969.65","4,404,590,000"
"Jan 9, 2024","14,744.13","14,894.32","14,716.71","14,857.71","14,857.71","5,068,410,000"
"Jan 8, 2024","14,564.47","14,846.90","14,560.20","14,843.77","14,843.77","6,337,770,000"
"Jan 5, 2024","14,500.11","14,625.19","14,477.57","14,524.07","14,524.07","5,232,820,000"
"Jan 4, 2024","14,532.23","14,632.77","14,504.78","14,510.30","14,510.30","5,289,220,000"
"Jan 3, 2024","14,641.47","14,694.58","14,577.44","14,592.21","14,592.21","5,449,950,000"
"Jan 2, 2024","14,873.70","14,887.80","14,682.38","14,765.94","14,765.94","5,791,170,000"
"Dec 29, 2023","15,099.20","15,111.41","14,955.37","15,011.35","15,011.35","5,441,060,000"
"Dec 28, 2023","15,142.09","15,150.07","15,087.22","15,095.14","15,095.14","5,090,570,000"
"Dec 27, 2023","15,089.66","15,114.08","15,051.67","15,099.18","15,099.18","7,480,170,000"
"Dec 26, 2023","15,028.69","15,101.18","15,024.06","15,074.57","15,074.57","6,120,600,000"
"Dec 22, 2023","15,006.18","15,047.19","14,927.12","14,992.97","14,992.97","4,796,600,000"
"Dec 21, 2023","14,923.14","14,970.81","14,837.47","14,963.87","14,963.87","5,465,640,000"
"Dec 20, 2023","14,973.36","15,069.29","14,776.29","14,777.94","14,777.94","6,294,700,000"
"Dec 19, 2023","14,923.02","15,003.80","14,921.60","15,003.22","15,003.22","5,757,180,000"
"Dec 18, 2023","14,814.02","14,938.04","14,811.82","14,904.81","14,904.81","5,866,080,000"
"Dec 15, 2023","14,797.46","14,848.40","14,753.16","14,813.92","14,813.92","8,377,630,000"
"Dec 14, 2023","14,798.72","14,855.62","14,642.23","14,761.56","14,761.56","8,033,170,000"
"Dec 13, 2023","14,555.68","14,743.55","14,517.52","14,733.96","14,733.96","6,732,040,000"
"Dec 12, 2023","14,423.01","14,533.40","14,385.39","14,533.40","14,533.40","4,950,100,000"
"Dec 11, 2023","14,340.13","14,436.08","14,324.57","14,432.49","14,432.49","5,607,820,000"
"Dec 8, 2023","14,279.46","14,416.92","14,264.96","14,403.97","14,403.97","5,430,840,000"
"Dec 7, 2023","14,230.43","14,353.11","14,220.87","14,339.99","14,339.99","5,694,310,000"
"Dec 6, 2023","14,325.62","14,327.63","14,138.51","14,146.71","14,146.71","5,167,030,000"
"Dec 5, 2023","14,126.40","14,285.66","14,121.76","14,229.91","14,229.91","6,179,120,000"
"Dec 4, 2023","14,168.66","14,197.52","14,058.52","14,185.49","14,185.49","6,270,020,000"
"Dec 1, 2023","14,181.35","14,311.95","14,135.00","14,305.03","14,305.03","5,607,000,000"
"Nov 30, 2023","14,265.05","14,289.20","14,127.05","14,226.22","14,226.22","5,678,070,000"
"Nov 29, 2023","14,367.11","14,423.22","14,247.89","14,258.49","14,258.49","4,890,220,000"
"Nov 28, 2023","14,224.63","14,303.66","14,195.72","14,281.76","14,281.76","4,474,400,000"
"Nov 27, 2023","14,239.31","14,305.71","14,205.24","14,241.02","14,241.02","4,205,880,000"
"Nov 24, 2023","14,238.04","14,270.28","14,214.13","14,250.85","14,250.85","2,541,840,000"
"Nov 22, 2023","14,283.82","14,359.61","14,226.63","14,265.86","14,265.86","3,855,240,000"
"Nov 21, 2023","14,217.23","14,237.50","14,146.31","14,199.98","14,199.98","4,128,600,000"
"Nov 20, 2023","14,134.75","14,309.80","14,134.20","14,284.53","14,284.53","4,561,810,000"
"Nov 17, 2023","14,101.44","14,154.32","14,063.93","14,125.48","14,125.48","4,408,640,000"
"Nov 16, 2023","14,066.88","14,130.45","14,033.79","14,113.67","14,113.67","4,545,180,000"
"Nov 15, 2023","14,147.27","14,194.36","14,060.70","14,103.84","14,103.84","5,063,830,000"
"Nov 14, 2023","14,015.37","14,124.06","14,003.14","14,094.38","14,094.38","5,332,490,000"
"Nov 13, 2023","13,745.96","13,805.11","13,687.78","13,767.74","13,767.74","4,349,590,000"
"Nov 10, 2023","13,571.19","13,802.53","13,556.35","13,798.11","13,798.11","4,722,140,000"
"Nov 9, 2023","13,693.70","13,697.82","13,506.02","13,521.45","13,521.45","5,313,970,000"
"Nov 8, 2023","13,660.22","13,684.87","13,573.58","13,650.41","13,650.41","4,685,550,000"
"Nov 7, 2023","13,555.79","13,675.46","13,516.56","13,639.86","13,639.86","4,354,460,000"
"Nov 6, 2023","13,514.08","13,551.62","13,435.99","13,518.78","13,518.78","4,345,850,000"
"Nov 3, 2023","13,362.85","13,520.28","13,344.73","13,478.28","13,478.28","4,918,750,000"
"Nov 2, 2023","13,230.49","13,302.18","13,177.64","13,294.19","13,294.19","4,962,950,000"
"Nov 1, 2023","12,887.06","13,072.42","12,875.20","13,061.47","13,061.47","4,545,120,000"
"Oct 31, 2023","12,786.62","12,859.40","12,697.04","12,851.24","12,851.24","4,315,630,000"
"Oct 30, 2023","12,750.47","12,842.96","12,691.56","12,789.48","12,789.48","4,149,320,000"
"Oct 27, 2023","12,718.69","12,772.43","12,600.57","12,643.01","12,643.01","4,172,100,000"
"Oct 26, 2023","12,768.97","12,818.14","12,543.86","12,595.61","12,595.61","4,894,900,000"
"Oct 25, 2023","13,039.86","13,042.52","12,804.30","12,821.22","12,821.22","4,599,850,000"
"Oct 24, 2023","13,084.99","13,170.39","13,022.85","13,139.87","13,139.87","4,604,720,000"
"Oct 23, 2023","12,930.85","13,143.22","12,848.83","13,018.33","13,018.33","4,669,060,000"
"Oct 20, 2023","13,157.77","13,177.35","12,977.43","12,983.81","12,983.81","4,622,840,000"
"Oct 19, 2023","13,354.80","13,404.73","13,157.33","13,186.18","13,186.18","5,014,790,000"
"Oct 18, 2023","13,439.68","13,499.74","13,275.30","13,314.30","13,314.30","4,617,140,000"
"Oct 17, 2023","13,419.87","13,602.25","13,364.74","13,533.75","13,533.75","4,417,640,000"
"Oct 16, 2023","13,453.81","13,598.05","13,447.17","13,567.98","13,567.98","4,308,690,000"
"Oct 13, 2023","13,613.59","13,619.54","13,361.85","13,407.23","13,407.23","4,251,550,000"
"Oct 12, 2023","13,672.47","13,714.14","13,491.56","13,574.22","13,574.22","4,858,620,000"
"Oct 11, 2023","13,619.21","13,671.11","13,549.29","13,659.68","13,659.68","4,160,440,000"
"Oct 10, 2023","13,505.81","13,659.63","13,491.81","13,562.84","13,562.84","4,301,350,000"
"Oct 9, 2023","13,326.22","13,509.30","13,277.48","13,484.24","13,484.24","3,835,930,000"
"Oct 6, 2023","13,127.68","13,472.27","13,099.03","13,431.34","13,431.34","4,309,420,000"
"Oct 5, 2023","13,228.12","13,251.18","13,087.57","13,219.83","13,219.83","4,167,470,000"
"Oct 4, 2023","13,092.92","13,258.76","13,072.51","13,236.01","13,236.01","4,308,070,000"
"Oct 3, 2023","13,229.68","13,280.04","13,008.60","13,059.47","13,059.47","4,684,310,000"
"Oct 2, 2023","13,217.98","13,364.03","13,204.08","13,307.77","13,307.77","4,554,700,000"
"Sep 29, 2023","13,337.71","13,382.98","13,177.09","13,219.32","13,219.32","5,138,500,000"
"Sep 28, 2023","13,043.37","13,270.97","13,025.11","13,201.28","13,201.28","4,648,390,000"
"Sep 27, 2023","13,115.36","13,156.37","12,963.16","13,092.85","13,092.85","4,841,410,000"
"Sep 26, 2023","13,180.96","13,199.13","13,033.40","13,063.61","13,063.61","4,693,540,000"
"Sep 25, 2023","13,172.54","13,277.83","13,132.00","13,271.32","13,271.32","4,100,290,000"
"Sep 22, 2023","13,287.17","13,353.22","13,200.64","13,211.81","13,211.81","4,302,700,000"
"Sep 21, 2023","13,328.06","13,362.23","13,222.56","13,223.98","13,223.98","5,014,890,000"
"Sep 20, 2023","13,710.26","13,727.81","13,467.28","13,469.13","13,469.13","4,782,440,000"
"Sep 19, 2023","13,649.44","13,705.15","13,578.87","13,678.19","13,678.19","4,453,460,000"
"Sep 18, 2023","13,669.96","13,751.28","13,663.46","13,710.24","13,710.24","4,855,880,000"
"Sep 15, 2023","13,889.20","13,895.75","13,684.24","13,708.33","13,708.33","8,162,210,000"
"Sep 14, 2023","13,889.76","13,957.57","13,810.66","13,926.05","13,926.05","4,649,010,000"
"Sep 13, 2023","13,773.67","13,868.57","13,733.82","13,813.59","13,813.59","4,840,310,000"
"Sep 12, 2023","13,858.94","13,913.60","13,763.69","13,773.61","13,773.61","4,595,490,000"
"Sep 11, 2023","13,884.03","13,937.47","13,805.13","13,917.89","13,917.89","4,538,870,000"
"Sep 8, 2023","13,754.71","13,843.37","13,733.18","13,761.53","13,761.53","4,160,360,000"
"Sep 7, 2023","13,675.11","13,774.63","13,642.47","13,748.83","13,748.83","4,320,830,000"
"Sep 6, 2023","13,988.81","14,001.95","13,802.42","13,872.47","13,872.47","4,215,320,000"
"Sep 5, 2023","13,994.54","14,060.85","13,945.65","14,020.95","14,020.95","4,379,790,000"
"Sep 1, 2023","14,129.96","14,149.62","13,982.42","14,031.81","14,031.81","4,033,960,000"
"Aug 31, 2023","14,041.54","14,114.67","14,010.48","14,034.97","14,034.97","4,568,610,000"
"Aug 30, 2023","13,961.77","14,050.82","13,924.20","14,019.31","14,019.31","4,364,600,000"
"Aug 29, 2023","13,687.23","13,959.81","13,677.06","13,943.76","13,943.76","4,748,180,000"
"Aug 28, 2023","13,695.36","13,735.98","13,626.64","13,705.13","13,705.13","3,666,680,000"
"Aug 25, 2023","13,514.37","13,633.42","13,376.35","13,590.65","13,590.65","3,970,060,000"
"Aug 24, 2023","13,834.31","13,834.69","13,462.84","13,463.97","13,463.97","4,383,820,000"
"Aug 23, 2023","13,532.43","13,757.00","13,532.43","13,721.03","13,721.03","4,127,850,000"
"Aug 22, 2023","13,593.95","13,598.77","13,484.38","13,505.87","13,505.87","4,282,430,000"
"Aug 21, 2023","13,347.26","13,516.86","13,325.59","13,497.59","13,497.59","4,363,070,000"
"Aug 18, 2023","13,190.02","13,335.87","13,161.76","13,290.78","13,290.78","4,801,910,000"
"Aug 17, 2023","13,527.30","13,535.09","13,303.45","13,316.93","13,316.93","5,280,180,000"
"Aug 16, 2023","13,593.17","13,644.32","13,473.03","13,474.63","13,474.63","6,243,760,000"
"Aug 15, 2023","13,760.48","13,774.98","13,611.94","13,631.05","13,631.05","4,473,320,000"
"Aug 14, 2023","13,599.00","13,789.16","13,582.49","13,788.33","13,788.33","4,272,020,000"
"Aug 11, 2023","13,633.65","13,720.33","13,609.98","13,644.85","13,644.85","4,638,880,000"
"Aug 10, 2023","13,818.25","13,947.16","13,686.51","13,737.99","13,737.99","5,299,080,000"
"Aug 9, 2023","13,897.61","13,898.54","13,698.39","13,722.02","13,722.02","5,591,360,000"
"Aug 8, 2023","13,875.45","13,899.74","13,769.34","13,884.32","13,884.32","5,284,550,000"
"Aug 7, 2023","13,972.45","13,997.15","13,864.92","13,994.40","13,994.40","4,892,330,000"
"Aug 4, 2023","14,025.96","14,119.22","13,897.93","13,909.24","13,909.24","5,349,450,000"
"Aug 3, 2023","13,899.76","14,032.28","13,881.35","13,959.72","13,959.72","6,036,970,000"
"Aug 2, 2023","14,132.73","14,133.85","13,914.81","13,973.45","13,973.45","5,481,960,000"
"Aug 1, 2023","14,274.93","14,309.21","14,215.64","14,283.91","14,283.91","4,633,770,000"
"Jul 31, 2023","14,337.90","14,370.91","14,292.75","14,346.02","14,346.02","4,934,440,000"
"Jul 28, 2023","14,199.83","14,344.35","14,188.10","14,316.66","14,316.66","4,453,520,000"
"Jul 27, 2023","14,319.16","14,360.20","14,006.93","14,050.11","14,050.11","5,115,840,000"
"Jul 26, 2023","14,123.52","14,187.35","14,041.95","14,127.28","14,127.28","4,322,000,000"
"Jul 25, 2023","14,093.24","14,201.91","14,092.52","14,144.56","14,144.56","3,812,470,000"
"Jul 24, 2023","14,081.63","14,110.15","13,997.13","14,058.87","14,058.87","4,083,070,000"
"Jul 21, 2023","14,148.18","14,179.01","14,020.45","14,032.81","14,032.81","5,254,180,000"
"Jul 20, 2023","14,273.29","14,309.92","14,030.62","14,063.31","14,063.31","5,128,020,000"
"Jul 19, 2023","14,398.53","14,446.55","14,317.09","14,358.02","14,358.02","5,112,420,000"
"Jul 18, 2023","14,212.25","14,396.69","14,176.11","14,353.64","14,353.64","4,824,070,000"
"Jul 17, 2023","14,149.92","14,274.41","14,138.01","14,244.95","14,244.95","4,593,160,000"
"Jul 14, 2023","14,166.66","14,232.11","14,081.96","14,113.70","14,113.70","5,366,890,000"
"Jul 13, 2023","14,021.15","14,163.80","14,012.24","14,138.57","14,138.57","5,183,560,000"
"Jul 12, 2023","13,915.64","13,963.45","13,842.13","13,918.96","13,918.96","5,230,620,000"
"Jul 11, 2023","13,709.81","13,774.83","13,643.32","13,760.70","13,760.70","4,840,950,000"
"Jul 10, 2023","13,645.37","13,692.41","13,584.87","13,685.48","13,685.48","5,275,390,000"
"Jul 7, 2023","13,668.07","13,804.51","13,656.73","13,660.72","13,660.72","5,098,120,000"
"Jul 6, 2023","13,653.17","13,689.52","13,567.25","13,679.04","13,679.04","6,113,080,000"
"Jul 5, 2023","13,772.10","13,844.50","13,764.25","13,791.65","13,791.65","5,339,340,000"
"Jul 3, 2023","13,798.70","13,839.09","13,773.41","13,816.77","13,816.77","2,902,300,000"
"Jun 30, 2023","13,719.98","13,816.68","13,716.16","13,787.92","13,787.92","4,661,120,000"
"Jun 29, 2023","13,592.36","13,618.53","13,540.26","13,591.33","13,591.33","4,388,140,000"
"Jun 28, 2023","13,506.02","13,654.14","13,495.73","13,591.75","13,591.75","4,533,270,000"
"Jun 27, 2023","13,389.25","13,578.80","13,366.97","13,555.67","13,555.67","5,053,660,000"
"Jun 26, 2023","13,468.74","13,573.57","13,334.42","13,335.78","13,335.78","4,430,600,000"
"Jun 23, 2023","13,484.10","13,572.19","13,442.65","13,492.52","13,492.52","7,734,500,000"
"Jun 22, 2023","13,443.41","13,631.85","13,441.56","13,630.61","13,630.61","4,499,550,000"
"Jun 21, 2023","13,620.87","13,638.57","13,460.94","13,502.20","13,502.20","5,194,640,000"
"Jun 20, 2023","13,642.29","13,711.18","13,561.84","13,667.29","13,667.29","5,237,710,000"
"Jun 16, 2023","13,859.07","13,864.06","13,680.95","13,689.57","13,689.57","8,076,530,000"
"Jun 15, 2023","13,572.88","13,828.17","13,561.37","13,782.82","13,782.82","5,667,520,000"
"Jun 14, 2023","13,570.56","13,661.74","13,455.99","13,626.48","13,626.48","5,772,550,000"
"Jun 13, 2023","13,566.53","13,594.40","13,473.19","13,573.32","13,573.32","5,522,100,000"
"Jun 12, 2023","13,326.37","13,465.91","13,302.58","13,461.92","13,461.92","4,722,680,000"
"Jun 9, 2023","13,312.39","13,385.95","13,229.33","13,259.14","13,259.14","4,412,710,000"
"Jun 8, 2023","13,113.27","13,248.60","13,101.18","13,238.52","13,238.52","4,280,160,000"
"Jun 7, 2023","13,295.26","13,361.90","13,089.48","13,104.90","13,104.90","5,270,600,000"
"Jun 6, 2023","13,199.59","13,306.21","13,165.65","13,276.42","13,276.42","4,810,910,000"
"Jun 5, 2023","13,238.48","13,330.65","13,194.95","13,229.43","13,229.43","4,344,280,000"
"Jun 2, 2023","13,190.48","13,256.21","13,125.86","13,240.77","13,240.77","4,426,760,000"
"Jun 1, 2023","12,944.46","13,141.83","12,903.63","13,100.98","13,100.98","4,610,310,000"
"May 31, 2023","12,968.38","13,029.08","12,889.37","12,935.29","12,935.29","5,905,760,000"
"May 30, 2023","13,109.10","13,154.29","12,968.12","13,017.43","13,017.43","4,843,470,000"
"May 26, 2023","12,736.42","13,001.91","12,729.74","12,975.69","12,975.69","4,434,070,000"
"May 25, 2023","12,706.44","12,736.92","12,604.89","12,698.09","12,698.09","4,651,640,000"
"May 24, 2023","12,481.89","12,529.63","12,415.85","12,484.16","12,484.16","4,088,270,000"
"May 23, 2023","12,652.88","12,709.74","12,554.43","12,560.25","12,560.25","4,347,440,000"
"May 22, 2023","12,664.44","12,756.23","12,655.26","12,720.78","12,720.78","4,278,920,000"
"May 19, 2023","12,709.46","12,731.73","12,624.06","12,657.90","12,657.90","3,935,780,000"
"May 18, 2023","12,513.87","12,698.50","12,512.26","12,688.84","12,688.84","4,532,890,000"
"May 17, 2023","12,388.58","12,514.07","12,335.02","12,500.57","12,500.57","4,501,820,000"
"May 16, 2023","12,327.05","12,403.81","12,324.52","12,343.05","12,343.05","4,067,510,000"
"May 15, 2023","12,301.17","12,376.40","12,263.35","12,365.21","12,365.21","3,979,290,000"
"May 12, 2023","12,350.52","12,364.65","12,209.58","12,284.74","12,284.74","4,170,000,000"
"May 11, 2023","12,321.26","12,347.38","12,255.44","12,328.51","12,328.51","4,489,490,000"
"May 10, 2023","12,286.66","12,337.69","12,180.86","12,306.44","12,306.44","4,948,260,000"
"May 9, 2023","12,195.78","12,216.13","12,174.06","12,179.55","12,179.55","4,126,780,000"
"May 8, 2023","12,231.68","12,264.99","12,178.26","12,256.92","12,256.92","4,216,360,000"
"May 5, 2023","12,073.03","12,264.83","12,065.72","12,235.41","12,235.41","4,574,790,000"
"May 4, 2023","11,997.34","12,033.15","11,925.37","11,966.40","11,966.40","4,745,780,000"
"May 3, 2023","12,097.04","12,212.55","12,022.46","12,025.33","12,025.33","5,782,160,000"
"May 2, 2023","12,198.02","12,206.58","12,015.23","12,080.51","12,080.51","5,501,410,000"
"May 1, 2023","12,210.05","12,261.32","12,181.08","12,212.60","12,212.60","5,168,430,000"
"Apr 28, 2023","12,117.54","12,227.72","12,082.57","12,226.58","12,226.58","5,331,380,000"
"Apr 27, 2023","11,972.15","12,154.01","11,950.92","12,142.24","12,142.24","5,253,710,000"
"Apr 26, 2023","11,913.23","11,967.99","11,833.07","11,854.35","11,854.35","5,281,970,000"
"Apr 25, 2023","11,968.81","11,990.46","11,798.77","11,799.16","11,799.16","4,806,020,000"
"Apr 24, 2023","12,053.47","12,103.58","11,960.30","12,037.20","12,037.20","4,854,050,000"
"Apr 21, 2023","12,046.03","12,097.15","11,986.82","12,072.46","12,072.46","4,868,050,000"
"Apr 20, 2023","12,039.08","12,155.96","12,011.95","12,059.56","12,059.56","4,590,530,000"
"Apr 19, 2023","12,063.68","12,191.10","12,060.17","12,157.23","12,157.23","4,972,700,000"
"Apr 18, 2023","12,234.56","12,245.43","12,110.23","12,153.41","12,153.41","4,851,810,000"
"Apr 17, 2023","12,108.23","12,159.02","12,064.10","12,157.72","12,157.72","4,823,180,000"
"Apr 14, 2023","12,117.91","12,205.72","12,026.55","12,123.47","12,123.47","4,655,740,000"
"Apr 13, 2023","11,997.42","12,178.80","11,995.94","12,166.27","12,166.27","4,942,990,000"
"Apr 12, 2023","12,110.87","12,134.50","11,916.54","11,929.34","11,929.34","4,909,770,000"
"Apr 11, 2023","12,080.24","12,091.27","12,011.40","12,031.88","12,031.88","4,676,960,000"
"Apr 10, 2023","11,975.13","12,084.95","11,924.20","12,084.36","12,084.36","4,334,070,000"
"Apr 6, 2023","11,939.08","12,098.50","11,898.36","12,087.96","12,087.96","3,862,800,000"
"Apr 5, 2023","12,081.76","12,086.75","11,931.85","11,996.86","11,996.86","4,378,590,000"
"Apr 4, 2023","12,208.49","12,224.68","12,081.81","12,126.33","12,126.33","4,298,760,000"
"Apr 3, 2023","12,146.09","12,196.34","12,086.52","12,189.45","12,189.45","4,816,440,000"
"Mar 31, 2023","12,031.54","12,227.93","12,030.44","12,221.91","12,221.91","5,521,150,000"
"Mar 30, 2023","12,010.45","12,044.79","11,953.37","12,013.47","12,013.47","4,738,880,000"
"Mar 29, 2023","11,855.59","11,941.60","11,823.35","11,926.24","11,926.24","4,493,540,000"
"Mar 28, 2023","11,752.76","11,752.76","11,635.03","11,716.08","11,716.08","4,036,910,000"
"Mar 27, 2023","11,868.54","11,903.21","11,739.05","11,768.84","11,768.84","4,330,320,000"
"Mar 24, 2023","11,747.62","11,826.23","11,670.67","11,823.96","11,823.96","4,363,650,000"
"Mar 23, 2023","11,811.32","11,962.69","11,684.52","11,787.40","11,787.40","4,917,460,000"
"Mar 22, 2023","11,857.50","12,013.99","11,666.85","11,669.96","11,669.96","4,981,590,000"
"Mar 21, 2023","11,764.79","11,879.16","11,724.91","11,860.11","11,860.11","4,829,870,000"
"Mar 20, 2023","11,614.39","11,695.55","11,550.69","11,675.54","11,675.54","4,970,630,000"
"Mar 17, 2023","11,696.34","11,773.11","11,562.63","11,630.51","11,630.51","7,903,090,000"
"Mar 16, 2023","11,384.87","11,733.80","11,365.49","11,717.28","11,717.28","5,498,920,000"
"Mar 15, 2023","11,291.17","11,447.90","11,238.44","11,434.05","11,434.05","5,912,430,000"
"Mar 14, 2023","11,357.73","11,467.02","11,284.93","11,428.15","11,428.15","5,533,120,000"
"Mar 13, 2023","11,041.46","11,326.73","10,982.80","11,188.84","11,188.84","6,201,490,000"
"Mar 10, 2023","11,325.36","11,373.81","11,093.86","11,138.89","11,138.89","6,193,500,000"
"Mar 9, 2023","11,578.31","11,667.12","11,319.98","11,338.35","11,338.35","5,061,790,000"
"Mar 8, 2023","11,553.09","11,601.23","11,487.75","11,576.00","11,576.00","5,085,970,000"
"Mar 7, 2023","11,670.98","11,705.96","11,512.03","11,530.33","11,530.33","5,422,820,000"
"Mar 6, 2023","11,736.87","11,827.92","11,667.48","11,675.74","11,675.74","4,982,880,000"
"Mar 3, 2023","11,524.65","11,699.63","11,514.74","11,689.01","11,689.01","5,102,210,000"
"Mar 2, 2023","11,273.77","11,487.59","11,273.61","11,462.98","11,462.98","5,313,760,000"
"Mar 1, 2023","11,447.58","11,479.00","11,349.87","11,379.48","11,379.48","4,927,530,000"
"Feb 28, 2023","11,451.05","11,548.23","11,435.39","11,455.54","11,455.54","5,340,950,000"
"Feb 27, 2023","11,517.19","11,565.23","11,444.60","11,466.98","11,466.98","4,494,000,000"
"Feb 24, 2023","11,404.18","11,434.36","11,334.47","11,394.94","11,394.94","4,432,650,000"
"Feb 23, 2023","11,636.93","11,638.98","11,432.58","11,590.40","11,590.40","4,714,580,000"
"Feb 22, 2023","11,517.20","11,582.52","11,445.17","11,507.07","11,507.07","4,671,270,000"
"Feb 21, 2023","11,640.37","11,684.14","11,491.18","11,492.30","11,492.30","5,002,540,000"
"Feb 17, 2023","11,777.50","11,803.22","11,673.21","11,787.27","11,787.27","4,925,230,000"
"Feb 16, 2023","11,896.31","12,040.34","11,853.36","11,855.83","11,855.83","5,159,410,000"
"Feb 15, 2023","11,905.12","12,071.29","11,876.82","12,070.59","12,070.59","5,056,640,000"
"Feb 14, 2023","11,808.20","11,999.85","11,760.56","11,960.15","11,960.15","5,032,430,000"
"Feb 13, 2023","11,759.09","11,910.92","11,719.73","11,891.79","11,891.79","4,752,880,000"
"Feb 10, 2023","11,714.60","11,775.80","11,630.54","11,718.12","11,718.12","4,885,030,000"
"Feb 9, 2023","12,069.10","12,070.96","11,745.11","11,789.58","11,789.58","5,536,290,000"
"Feb 8, 2023","12,069.12","12,096.39","11,890.09","11,910.52","11,910.52","5,052,870,000"
"Feb 7, 2023","11,891.25","12,150.22","11,836.78","12,113.79","12,113.79","5,720,240,000"
"Feb 6, 2023","11,904.41","11,973.41","11,843.49","11,887.45","11,887.45","5,538,350,000"
"Feb 3, 2023","11,946.86","12,231.31","11,946.86","12,006.95","12,006.95","5,954,490,000"
"Feb 2, 2023","12,065.15","12,269.55","12,024.14","12,200.82","12,200.82","7,038,210,000"
"Feb 1, 2023","11,573.14","11,904.02","11,500.33","11,816.32","11,816.32","6,336,040,000"
"Jan 31, 2023","11,398.58","11,586.01","11,398.37","11,584.55","11,584.55","5,695,150,000"
"Jan 30, 2023","11,512.34","11,553.31","11,388.54","11,393.81","11,393.81","5,122,320,000"
"Jan 27, 2023","11,470.47","11,691.89","11,470.27","11,621.71","11,621.71","6,243,800,000"
"Jan 26, 2023","11,458.40","11,516.05","11,341.19","11,512.41","11,512.41","5,732,890,000"
"Jan 25, 2023","11,146.53","11,334.22","11,069.18","11,313.36","11,313.36","5,485,570,000"
"Jan 24, 2023","11,302.93","11,378.15","11,282.65","11,334.27","11,334.27","5,670,860,000"
"Jan 23, 2023","11,171.94","11,405.50","11,144.03","11,364.41","11,364.41","5,997,810,000"
"Jan 20, 2023","10,924.66","11,143.17","10,885.65","11,140.43","11,140.43","5,980,110,000"
"Jan 19, 2023","10,890.40","10,932.52","10,804.57","10,852.27","10,852.27","4,660,800,000"
"Jan 18, 2023","11,170.95","11,223.41","10,952.05","10,957.01","10,957.01","5,288,630,000"
"Jan 17, 2023","11,070.00","11,145.44","11,024.72","11,095.11","11,095.11","5,138,410,000"
"Jan 13, 2023","10,906.37","11,084.01","10,900.16","11,079.16","11,079.16","5,077,990,000"
"Jan 12, 2023","10,969.26","11,027.75","10,797.12","11,001.10","11,001.10","5,681,240,000"
"Jan 11, 2023","10,794.99","10,932.44","10,762.73","10,931.67","10,931.67","5,284,390,000"
"Jan 10, 2023","10,607.72","10,743.67","10,589.59","10,742.63","10,742.63","4,710,680,000"
"Jan 9, 2023","10,662.10","10,807.26","10,619.12","10,635.65","10,635.65","5,132,190,000"
"Jan 6, 2023","10,363.96","10,604.14","10,265.04","10,569.29","10,569.29","5,199,780,000"
"Jan 5, 2023","10,390.31","10,393.22","10,295.25","10,305.24","10,305.24","4,764,270,000"
"Jan 4, 2023","10,467.82","10,515.22","10,337.64","10,458.76","10,458.76","5,085,380,000"
"Jan 3, 2023","10,562.06","10,613.06","10,309.16","10,386.98","10,386.98","4,780,650,000"
"Dec 30, 2022","10,368.37","10,468.31","10,324.70","10,466.48","10,466.48","3,959,030,000"
"Dec 29, 2022","10,321.46","10,502.08","10,301.06","10,478.09","10,478.09","4,154,100,000"
"Dec 28, 2022","10,339.20","10,414.82","10,207.47","10,213.29","10,213.29","3,842,970,000"
"Dec 27, 2022","10,462.19","10,472.32","10,340.73","10,353.23","10,353.23","3,827,290,000"
"Dec 23, 2022","10,437.75","10,514.76","10,361.82","10,497.86","10,497.86","3,544,680,000"
"Dec 22, 2022","10,586.46","10,599.34","10,313.32","10,476.12","10,476.12","5,125,070,000"
"Dec 21, 2022","10,592.00","10,753.57","10,569.20","10,709.37","10,709.37","4,401,420,000"
"Dec 20, 2022","10,490.89","10,609.46","10,446.82","10,547.11","10,547.11","4,707,190,000"
"Dec 19, 2022","10,707.44","10,713.97","10,497.55","10,546.03","10,546.03","4,631,820,000"
"Dec 16, 2022","10,767.63","10,833.24","10,642.10","10,705.41","10,705.41","7,968,170,000"
"Dec 15, 2022","11,012.62","11,029.57","10,775.61","10,810.53","10,810.53","5,536,070,000"
"Dec 14, 2022","11,248.09","11,352.09","11,065.24","11,170.89","11,170.89","5,485,150,000"
"Dec 13, 2022","11,542.84","11,571.64","11,160.54","11,256.81","11,256.81","6,126,890,000"
"Dec 12, 2022","11,015.48","11,144.67","10,984.82","11,143.74","11,143.74","4,829,990,000"
"Dec 9, 2022","11,038.17","11,138.70","10,999.26","11,004.62","11,004.62","4,337,440,000"
"Dec 8, 2022","11,011.33","11,119.16","10,939.47","11,082.00","11,082.00","4,281,800,000"
"Dec 7, 2022","10,963.95","11,039.81","10,910.62","10,958.55","10,958.55","4,343,860,000"
"Dec 6, 2022","11,228.42","11,241.42","10,956.20","11,014.89","11,014.89","4,713,330,000"
"Dec 5, 2022","11,380.99","11,425.51","11,193.02","11,239.94","11,239.94","4,510,030,000"
"Dec 2, 2022","11,308.38","11,492.32","11,296.72","11,461.50","11,461.50","4,523,010,000"
"Dec 1, 2022","11,475.17","11,546.77","11,378.75","11,482.45","11,482.45","5,158,120,000"
"Nov 30, 2022","10,995.20","11,468.47","10,966.53","11,468.00","11,468.00","6,653,460,000"
"Nov 29, 2022","11,060.02","11,086.02","10,944.37","10,983.78","10,983.78","4,592,830,000"
"Nov 28, 2022","11,147.57","11,217.75","11,020.69","11,049.50","11,049.50","4,271,360,000"
"Nov 25, 2022","11,231.00","11,261.57","11,206.38","11,226.36","11,226.36","2,184,080,000"
"Nov 23, 2022","11,174.61","11,310.82","11,174.61","11,285.32","11,285.32","4,431,530,000"
"Nov 22, 2022","11,058.56","11,179.87","10,975.66","11,174.41","11,174.41","4,186,360,000"
"Nov 21, 2022","11,091.01","11,128.78","10,999.75","11,024.51","11,024.51","3,977,130,000"
"Nov 18, 2022","11,257.01","11,259.44","11,059.16","11,146.06","11,146.06","4,175,420,000"
"Nov 17, 2022","11,008.67","11,198.84","11,006.21","11,144.96","11,144.96","4,354,360,000"
"Nov 16, 2022","11,260.10","11,286.10","11,162.92","11,183.66","11,183.66","4,585,190,000"
"Nov 15, 2022","11,474.82","11,492.62","11,241.15","11,358.41","11,358.41","5,617,310,000"
"Nov 14, 2022","11,233.90","11,350.12","11,167.17","11,196.22","11,196.22","5,004,060,000"
"Nov 11, 2022","11,124.75","11,352.43","11,069.83","11,323.33","11,323.33","5,867,750,000"
"Nov 10, 2022","10,869.17","11,119.12","10,779.95","11,114.15","11,114.15","6,433,000,000"
"Nov 9, 2022","10,528.45","10,564.97","10,344.01","10,353.17","10,353.17","4,977,460,000"
"Nov 8, 2022","10,611.53","10,745.64","10,472.73","10,616.20","10,616.20","5,134,500,000"
"Nov 7, 2022","10,516.94","10,587.96","10,428.91","10,564.52","10,564.52","4,456,690,000"
"Nov 4, 2022","10,548.14","10,553.63","10,262.93","10,475.25","10,475.25","5,453,750,000"
"Nov 3, 2022","10,399.45","10,486.01","10,319.54","10,342.94","10,342.94","5,102,190,000"
"Nov 2, 2022","10,885.01","10,993.24","10,522.90","10,524.80","10,524.80","5,436,420,000"
"Nov 1, 2022","11,154.74","11,156.35","10,881.19","10,890.85","10,890.85","4,677,520,000"
"Oct 31, 2022","11,028.43","11,047.94","10,914.01","10,988.15","10,988.15","4,753,740,000"
"Oct 28, 2022","10,766.20","11,117.04","10,766.20","11,102.45","11,102.45","4,731,940,000"
"Oct 27, 2022","10,971.95","10,998.73","10,780.50","10,792.67","10,792.67","4,773,520,000"
"Oct 26, 2022","10,969.02","11,205.84","10,948.38","10,970.99","10,970.99","5,224,440,000"
"Oct 25, 2022","10,996.97","11,210.38","10,996.97","11,199.12","11,199.12","5,141,760,000"
"Oct 24, 2022","10,867.07","10,983.52","10,713.33","10,952.61","10,952.61","4,808,710,000"
"Oct 21, 2022","10,576.04","10,875.72","10,542.43","10,859.72","10,859.72","4,706,440,000"
"Oct 20, 2022","10,657.41","10,837.30","10,574.55","10,614.84","10,614.84","4,628,010,000"
"Oct 19, 2022","10,689.31","10,808.04","10,592.88","10,680.51","10,680.51","4,955,090,000"
"Oct 18, 2022","10,963.99","10,972.97","10,670.12","10,772.40","10,772.40","5,047,360,000"
"Oct 17, 2022","10,575.65","10,696.59","10,569.69","10,675.80","10,675.80","4,439,190,000"
"Oct 14, 2022","10,742.81","10,766.69","10,308.81","10,321.39","10,321.39","4,393,000,000"
"Oct 13, 2022","10,131.82","10,697.71","10,088.83","10,649.15","10,649.15","5,300,080,000"
"Oct 12, 2022","10,437.00","10,494.53","10,372.21","10,417.10","10,417.10","4,091,030,000"
"Oct 11, 2022","10,484.37","10,608.84","10,351.98","10,426.19","10,426.19","4,738,840,000"
"Oct 10, 2022","10,659.95","10,669.93","10,449.04","10,542.10","10,542.10","3,989,640,000"
"Oct 7, 2022","10,877.28","10,891.93","10,608.52","10,652.40","10,652.40","4,634,190,000"
"Oct 6, 2022","11,129.04","11,230.44","11,051.27","11,073.31","11,073.31","4,423,320,000"
"Oct 5, 2022","11,022.67","11,210.32","10,910.76","11,148.64","11,148.64","4,091,860,000"
"Oct 4, 2022","11,054.72","11,189.96","11,044.04","11,176.41","11,176.41","5,004,780,000"
"Oct 3, 2022","10,659.01","10,875.46","10,577.89","10,815.43","10,815.43","4,415,440,000"
"Sep 30, 2022","10,697.71","10,883.04","10,572.33","10,575.62","10,575.62","4,649,710,000"
"Sep 29, 2022","10,894.44","10,899.47","10,623.22","10,737.51","10,737.51","4,516,630,000"
"Sep 28, 2022","10,817.52","11,101.50","10,776.34","11,051.64","11,051.64","4,556,100,000"
"Sep 27, 2022","10,955.29","11,040.98","10,741.02","10,829.50","10,829.50","4,445,050,000"
"Sep 26, 2022","10,833.38","11,024.00","10,789.05","10,802.92","10,802.92","4,697,730,000"
"Sep 23, 2022","10,952.69","10,958.29","10,732.72","10,867.93","10,867.93","5,134,350,000"
"Sep 22, 2022","11,167.38","11,203.77","11,024.64","11,066.81","11,066.81","4,916,470,000"
"Sep 21, 2022","11,466.21","11,613.57","11,218.99","11,220.19","11,220.19","4,471,000,000"
"Sep 20, 2022","11,440.14","11,520.99","11,343.72","11,425.05","11,425.05","4,028,100,000"
"Sep 19, 2022","11,338.57","11,538.13","11,337.83","11,535.02","11,535.02","4,168,670,000"
"Sep 16, 2022","11,401.21","11,460.43","11,316.92","11,448.40","11,448.40","7,451,840,000"
"Sep 15, 2022","11,633.24","11,760.73","11,497.11","11,552.36","11,552.36","4,805,910,000"
"Sep 14, 2022","11,680.41","11,746.83","11,602.76","11,719.68","11,719.68","4,861,530,000"
"Sep 13, 2022","11,908.81","11,957.97","11,604.43","11,633.57","11,633.57","5,188,380,000"
"Sep 12, 2022","12,174.94","12,270.19","12,169.28","12,266.41","12,266.41","4,146,680,000"
"Sep 9, 2022","11,958.61","12,132.67","11,958.61","12,112.31","12,112.31","4,401,590,000"
"Sep 8, 2022","11,679.86","11,896.73","11,660.53","11,862.13","11,862.13","4,329,910,000"
"Sep 7, 2022","11,559.38","11,819.07","11,555.08","11,791.90","11,791.90","4,445,640,000"
"Sep 6, 2022","11,643.03","11,679.43","11,471.50","11,544.91","11,544.91","4,622,940,000"
"Sep 2, 2022","11,899.14","11,945.91","11,573.51","11,630.86","11,630.86","4,257,410,000"
"Sep 1, 2022","11,707.44","11,798.37","11,546.52","11,785.13","11,785.13","4,792,890,000"
"Aug 31, 2022","11,972.56","12,027.43","11,814.17","11,816.20","11,816.20","4,952,010,000"
"Aug 30, 2022","12,093.06","12,101.85","11,790.02","11,883.14","11,883.14","4,681,520,000"
"Aug 29, 2022","12,021.05","12,124.87","11,981.42","12,017.67","12,017.67","4,209,850,000"
"Aug 26, 2022","12,630.58","12,655.84","12,141.52","12,141.71","12,141.71","4,530,000,000"
"Aug 25, 2022","12,506.37","12,641.26","12,471.98","12,639.27","12,639.27","4,323,470,000"
"Aug 24, 2022","12,375.15","12,504.33","12,350.16","12,431.53","12,431.53","3,917,170,000"
"Aug 23, 2022","12,380.37","12,490.85","12,352.03","12,381.30","12,381.30","3,836,180,000"
"Aug 22, 2022","12,523.16","12,538.55","12,353.73","12,381.57","12,381.57","4,270,980,000"
"Aug 19, 2022","12,832.27","12,859.01","12,674.87","12,705.22","12,705.22","4,628,170,000"
"Aug 18, 2022","12,937.79","13,002.66","12,873.49","12,965.34","12,965.34","4,724,350,000"
"Aug 17, 2022","12,968.63","13,053.51","12,863.01","12,938.12","12,938.12","5,229,520,000"
"Aug 16, 2022","13,082.64","13,181.09","12,979.24","13,102.55","13,102.55","5,028,410,000"
"Aug 15, 2022","12,996.63","13,146.06","12,993.78","13,128.05","13,128.05","4,476,040,000"
"Aug 12, 2022","12,866.31","13,047.19","12,821.22","13,047.19","13,047.19","4,782,610,000"
"Aug 11, 2022","12,944.82","13,026.24","12,760.09","12,779.91","12,779.91","5,815,960,000"
"Aug 10, 2022","12,793.44","12,861.44","12,698.61","12,854.80","12,854.80","5,196,210,000"
"Aug 9, 2022","12,557.49","12,582.91","12,438.86","12,493.93","12,493.93","5,307,340,000"
"Aug 8, 2022","12,703.72","12,855.15","12,597.75","12,644.46","12,644.46","5,238,600,000"
"Aug 5, 2022","12,538.80","12,720.44","12,525.77","12,657.55","12,657.55","4,911,300,000"
"Aug 4, 2022","12,675.04","12,736.19","12,600.78","12,720.58","12,720.58","5,451,470,000"
"Aug 3, 2022","12,433.87","12,699.64","12,425.21","12,668.16","12,668.16","5,667,990,000"
"Aug 2, 2022","12,287.67","12,503.34","12,260.48","12,348.76","12,348.76","4,792,140,000"
"Aug 1, 2022","12,317.96","12,499.72","12,271.98","12,368.98","12,368.98","4,396,390,000"
"Jul 29, 2022","12,239.69","12,426.26","12,181.13","12,390.69","12,390.69","4,907,410,000"
"Jul 28, 2022","12,036.48","12,179.09","11,886.67","12,162.59","12,162.59","4,924,950,000"
"Jul 27, 2022","11,756.19","12,081.73","11,718.38","12,032.42","12,032.42","4,588,480,000"
"Jul 26, 2022","11,701.53","11,711.31","11,533.37","11,562.57","11,562.57","4,349,760,000"
"Jul 25, 2022","11,837.96","11,855.11","11,707.53","11,782.67","11,782.67","4,346,520,000"
"Jul 22, 2022","12,025.37","12,093.02","11,767.19","11,834.11","11,834.11","4,721,880,000"
"Jul 21, 2022","11,914.15","12,060.59","11,812.72","12,059.61","12,059.61","4,680,930,000"
"Jul 20, 2022","11,726.09","11,939.96","11,703.36","11,897.65","11,897.65","5,467,080,000"
"Jul 19, 2022","11,515.00","11,721.22","11,448.97","11,713.15","11,713.15","5,302,740,000"
"Jul 18, 2022","11,561.64","11,629.03","11,322.84","11,360.05","11,360.05","5,057,920,000"
"Jul 15, 2022","11,379.36","11,454.69","11,295.33","11,452.42","11,452.42","4,369,060,000"
"Jul 14, 2022","11,151.21","11,279.97","11,005.93","11,251.19","11,251.19","4,481,070,000"
"Jul 13, 2022","11,056.55","11,325.67","11,031.27","11,247.58","11,247.58","4,433,060,000"
"Jul 12, 2022","11,420.89","11,483.17","11,207.08","11,264.73","11,264.73","4,317,860,000"
"Jul 11, 2022","11,524.49","11,541.10","11,348.06","11,372.60","11,372.60","4,362,910,000"
"Jul 8, 2022","11,503.61","11,689.70","11,479.77","11,635.31","11,635.31","4,526,570,000"
"Jul 7, 2022","11,422.60","11,644.47","11,412.88","11,621.35","11,621.35","4,685,050,000"
"Jul 6, 2022","11,337.90","11,443.15","11,250.32","11,361.85","11,361.85","4,851,170,000"
"Jul 5, 2022","10,964.18","11,323.89","10,911.45","11,322.24","11,322.24","5,053,570,000"
"Jul 1, 2022","11,006.83","11,132.55","10,922.71","11,127.85","11,127.85","4,865,730,000"
"Jun 30, 2022","11,048.25","11,160.92","10,850.01","11,028.74","11,028.74","5,654,520,000"
"Jun 29, 2022","11,160.22","11,226.33","11,072.19","11,177.89","11,177.89","5,650,860,000"
"Jun 28, 2022","11,542.24","11,635.85","11,177.68","11,181.54","11,181.54","5,433,220,000"
"Jun 27, 2022","11,661.02","11,677.49","11,487.07","11,524.55","11,524.55","5,047,860,000"
"Jun 24, 2022","11,351.31","11,613.23","11,337.78","11,607.62","11,607.62","9,468,130,000"
"Jun 23, 2022","11,137.68","11,260.27","11,046.28","11,232.19","11,232.19","5,258,200,000"
"Jun 22, 2022","10,941.95","11,216.77","10,938.06","11,053.08","11,053.08","5,238,180,000"
"Jun 21, 2022","10,974.05","11,164.99","10,974.05","11,069.30","11,069.30","5,226,260,000"
"Jun 17, 2022","10,697.55","10,884.71","10,638.72","10,798.35","10,798.35","7,452,830,000"
"Jun 16, 2022","10,806.02","10,831.07","10,565.14","10,646.10","10,646.10","5,696,630,000"
"Jun 15, 2022","10,968.40","11,244.26","10,866.39","11,099.15","11,099.15","5,368,500,000"
"Jun 14, 2022","10,897.43","10,926.81","10,733.04","10,828.35","10,828.35","4,819,890,000"
"Jun 13, 2022","10,986.85","11,071.48","10,775.14","10,809.23","10,809.23","5,937,320,000"
"Jun 10, 2022","11,543.88","11,569.15","11,328.27","11,340.02","11,340.02","5,152,020,000"
"Jun 9, 2022","12,016.47","12,115.06","11,751.98","11,754.23","11,754.23","5,408,460,000"
"Jun 8, 2022","12,147.28","12,235.78","12,052.70","12,086.27","12,086.27","4,708,980,000"
"Jun 7, 2022","11,925.81","12,194.86","11,888.61","12,175.23","12,175.23","4,411,240,000"
"Jun 6, 2022","12,200.33","12,245.40","12,004.20","12,061.37","12,061.37","4,647,010,000"
"Jun 3, 2022","12,097.12","12,167.44","11,966.62","12,012.73","12,012.73","4,130,040,000"
"Jun 2, 2022","11,945.57","12,320.12","11,901.45","12,316.90","12,316.90","4,445,840,000"
"Jun 1, 2022","12,176.89","12,237.94","11,901.43","11,994.46","11,994.46","4,719,900,000"
"May 31, 2022","12,137.54","12,190.08","11,942.50","12,081.39","12,081.39","6,045,500,000"
"May 27, 2022","11,869.69","12,131.66","11,856.82","12,131.13","12,131.13","4,793,900,000"
"May 26, 2022","11,409.84","11,796.97","11,406.16","11,740.65","11,740.65","4,672,620,000"
"May 25, 2022","11,225.03","11,511.90","11,211.85","11,434.74","11,434.74","4,519,690,000"
"May 24, 2022","11,326.44","11,351.61","11,092.48","11,264.45","11,264.45","4,724,430,000"
"May 23, 2022","11,396.28","11,552.07","11,304.56","11,535.27","11,535.27","4,552,200,000"
"May 20, 2022","11,542.67","11,552.21","11,035.69","11,354.62","11,354.62","5,434,370,000"
"May 19, 2022","11,364.40","11,562.82","11,313.31","11,388.50","11,388.50","5,154,410,000"
"May 18, 2022","11,790.68","11,826.22","11,381.69","11,418.15","11,418.15","5,064,120,000"
"May 17, 2022","11,905.57","11,988.43","11,754.28","11,984.52","11,984.52","5,093,960,000"
"May 16, 2022","11,727.14","11,804.59","11,627.53","11,662.79","11,662.79","4,930,250,000"
"May 13, 2022","11,555.97","11,856.71","11,510.26","11,805.00","11,805.00","5,894,020,000"
"May 12, 2022","11,199.25","11,547.33","11,108.76","11,370.96","11,370.96","6,679,470,000"
"May 11, 2022","11,645.57","11,844.51","11,339.18","11,364.24","11,364.24","6,152,370,000"
"May 10, 2022","11,900.34","11,944.94","11,566.28","11,737.67","11,737.67","6,218,260,000"
"May 9, 2022","11,923.03","11,990.61","11,574.94","11,623.25","11,623.25","5,939,140,000"
"May 6, 2022","12,246.83","12,358.42","11,990.15","12,144.66","12,144.66","5,324,480,000"
"May 5, 2022","12,787.52","12,787.52","12,183.56","12,317.69","12,317.69","5,308,920,000"
"May 4, 2022","12,574.73","12,985.01","12,367.02","12,964.86","12,964.86","5,498,050,000"
"May 3, 2022","12,511.46","12,645.83","12,460.99","12,563.76","12,563.76","4,547,280,000"
"May 2, 2022","12,331.69","12,542.54","12,202.41","12,536.02","12,536.02","4,918,240,000"
"Apr 29, 2022","12,710.42","12,861.83","12,315.74","12,334.64","12,334.64","4,733,070,000"
"Apr 28, 2022","12,712.86","12,948.52","12,487.86","12,871.53","12,871.53","5,067,150,000"
"Apr 27, 2022","12,500.88","12,703.79","12,430.90","12,488.93","12,488.93","4,810,720,000"
"Apr 26, 2022","12,918.04","12,918.04","12,490.74","12,490.74","12,490.74","5,168,160,000"
"Apr 25, 2022","12,749.17","13,011.45","12,722.59","13,004.85","13,004.85","4,845,160,000"
"Apr 22, 2022","13,168.80","13,212.60","12,828.02","12,839.29","12,839.29","4,475,090,000"
"Apr 21, 2022","13,623.70","13,710.70","13,140.83","13,174.65","13,174.65","5,233,110,000"
"Apr 20, 2022","13,665.38","13,678.55","13,426.13","13,453.07","13,453.07","4,678,930,000"
"Apr 19, 2022","13,312.44","13,643.97","13,281.22","13,619.66","13,619.66","4,562,840,000"
"Apr 18, 2022","13,319.39","13,414.27","13,222.03","13,332.36","13,332.36","4,365,230,000"
"Apr 14, 2022","13,647.43","13,662.93","13,345.22","13,351.08","13,351.08","4,642,240,000"
"Apr 13, 2022","13,373.12","13,679.43","13,353.66","13,643.59","13,643.59","4,909,720,000"
"Apr 12, 2022","13,584.69","13,685.95","13,317.74","13,371.57","13,371.57","4,991,720,000"
"Apr 11, 2022","13,547.29","13,585.08","13,401.39","13,411.96","13,411.96","4,946,680,000"
"Apr 8, 2022","13,830.47","13,866.06","13,693.69","13,711.00","13,711.00","4,574,080,000"
"Apr 7, 2022","13,861.49","13,978.25","13,689.23","13,897.30","13,897.30","4,856,090,000"
"Apr 6, 2022","14,002.58","14,032.84","13,788.90","13,888.82","13,888.82","5,360,420,000"
"Apr 5, 2022","14,490.26","14,500.29","14,169.12","14,204.17","14,204.17","4,727,710,000"
"Apr 4, 2022","14,304.35","14,534.38","14,286.45","14,532.55","14,532.55","4,630,100,000"
"Apr 1, 2022","14,269.53","14,306.94","14,131.81","14,261.50","14,261.50","5,002,790,000"
"Mar 31, 2022","14,444.78","14,456.74","14,217.72","14,220.52","14,220.52","5,453,890,000"
"Mar 30, 2022","14,558.59","14,609.25","14,383.45","14,442.27","14,442.27","5,479,200,000"
"Mar 29, 2022","14,500.39","14,646.90","14,419.40","14,619.64","14,619.64","6,060,890,000"
"Mar 28, 2022","14,177.21","14,356.00","14,101.34","14,354.90","14,354.90","5,129,500,000"
"Mar 25, 2022","14,194.72","14,218.76","14,010.79","14,169.30","14,169.30","5,585,100,000"
"Mar 24, 2022","14,001.32","14,193.55","13,897.20","14,191.84","14,191.84","5,149,520,000"
"Mar 23, 2022","13,990.35","14,152.14","13,921.65","13,922.60","13,922.60","5,024,230,000"
"Mar 22, 2022","13,866.43","14,141.07","13,857.29","14,108.82","14,108.82","5,445,100,000"
"Mar 21, 2022","13,860.39","13,945.81","13,682.55","13,838.46","13,838.46","5,673,940,000"
"Mar 18, 2022","13,564.63","13,899.28","13,528.06","13,893.84","13,893.84","8,149,290,000"
"Mar 17, 2022","13,360.72","13,620.80","13,317.14","13,614.78","13,614.78","5,612,090,000"
"Mar 16, 2022","13,119.37","13,440.12","12,992.20","13,436.55","13,436.55","6,552,210,000"
"Mar 15, 2022","12,685.23","12,973.88","12,616.59","12,948.62","12,948.62","5,440,100,000"
"Mar 14, 2022","12,795.12","12,918.01","12,555.35","12,581.22","12,581.22","5,876,710,000"
"Mar 11, 2022","13,229.77","13,239.35","12,830.37","12,843.81","12,843.81","5,288,210,000"
"Mar 10, 2022","13,098.35","13,163.50","12,946.28","13,129.96","13,129.96","5,071,250,000"
"Mar 9, 2022","13,113.70","13,301.16","13,039.79","13,255.55","13,255.55","5,396,550,000"
"Mar 8, 2022","12,800.04","13,159.44","12,670.08","12,795.55","12,795.55","6,683,960,000"
"Mar 7, 2022","13,328.36","13,353.28","12,828.02","12,830.96","12,830.96","6,195,370,000"
"Mar 4, 2022","13,455.23","13,486.71","13,224.98","13,313.44","13,313.44","5,343,900,000"
"Mar 3, 2022","13,837.59","13,837.59","13,472.64","13,537.94","13,537.94","5,092,580,000"
"Mar 2, 2022","13,597.53","13,796.55","13,493.91","13,752.02","13,752.02","5,246,390,000"
"Mar 1, 2022","13,716.70","13,777.04","13,441.32","13,532.46","13,532.46","6,131,350,000"
"Feb 28, 2022","13,570.83","13,810.64","13,549.90","13,751.40","13,751.40","5,928,130,000"
"Feb 25, 2022","13,485.26","13,696.86","13,358.29","13,694.62","13,694.62","4,628,720,000"
"Feb 24, 2022","12,587.88","13,486.11","12,587.88","13,473.59","13,473.59","6,180,200,000"
"Feb 23, 2022","13,511.75","13,533.78","13,032.17","13,037.49","13,037.49","4,639,330,000"
"Feb 22, 2022","13,424.36","13,618.72","13,249.65","13,381.52","13,381.52","4,849,170,000"
"Feb 18, 2022","13,735.40","13,762.40","13,465.56","13,548.07","13,548.07","4,501,940,000"
"Feb 17, 2022","14,004.19","14,020.82","13,704.70","13,716.72","13,716.72","4,278,370,000"
"Feb 16, 2022","14,038.92","14,163.73","13,931.99","14,124.09","14,124.09","4,238,560,000"
"Feb 15, 2022","13,997.18","14,142.49","13,976.29","14,139.76","14,139.76","4,416,840,000"
"Feb 14, 2022","13,768.97","13,921.71","13,664.76","13,790.92","13,790.92","4,347,350,000"
"Feb 11, 2022","14,213.62","14,246.70","13,733.16","13,791.15","13,791.15","5,237,320,000"
"Feb 10, 2022","14,228.68","14,509.56","14,118.20","14,185.64","14,185.64","5,212,510,000"
"Feb 9, 2022","14,368.16","14,490.72","14,330.87","14,490.37","14,490.37","4,729,730,000"
"Feb 8, 2022","13,984.43","14,226.48","13,934.78","14,194.45","14,194.45","4,293,770,000"
"Feb 7, 2022","14,118.79","14,236.31","13,974.10","14,015.67","14,015.67","4,268,730,000"
"Feb 4, 2022","13,958.48","14,222.76","13,850.39","14,098.01","14,098.01","4,121,340,000"
"Feb 3, 2022","14,045.83","14,207.89","13,851.74","13,878.82","13,878.82","4,326,300,000"
"Feb 2, 2022","14,494.47","14,504.82","14,264.65","14,417.55","14,417.55","4,673,140,000"
"Feb 1, 2022","14,277.43","14,358.69","14,070.77","14,346.00","14,346.00","4,671,850,000"
"Jan 31, 2022","13,812.19","14,242.90","13,767.71","14,239.88","14,239.88","5,124,940,000"
"Jan 28, 2022","13,436.71","13,771.91","13,236.56","13,770.57","13,770.57","4,971,930,000"
"Jan 27, 2022","13,710.99","13,765.91","13,322.66","13,352.78","13,352.78","5,177,380,000"
"Jan 26, 2022","13,871.77","14,002.65","13,392.19","13,542.12","13,542.12","5,771,140,000"
"Jan 25, 2022","13,610.87","13,781.62","13,414.14","13,539.29","13,539.29","5,019,380,000"
"Jan 24, 2022","13,481.50","13,876.61","13,094.65","13,855.13","13,855.13","6,998,770,000"
"Jan 21, 2022","14,046.22","14,171.72","13,764.24","13,768.92","13,768.92","5,870,830,000"
"Jan 20, 2022","14,462.85","14,642.03","14,140.78","14,154.02","14,154.02","5,102,050,000"
"Jan 19, 2022","14,582.22","14,658.89","14,331.65","14,340.26","14,340.26","4,665,340,000"
"Jan 18, 2022","14,681.83","14,740.54","14,482.94","14,506.90","14,506.90","5,060,790,000"
"Jan 14, 2022","14,708.02","14,897.68","14,689.43","14,893.75","14,893.75","4,374,020,000"
"Jan 13, 2022","15,245.04","15,259.71","14,782.24","14,806.81","14,806.81","4,302,020,000"
"Jan 12, 2022","15,263.10","15,319.03","15,117.29","15,188.39","15,188.39","4,338,530,000"
"Jan 11, 2022","14,919.26","15,158.71","14,837.63","15,153.45","15,153.45","4,390,710,000"
"Jan 10, 2022","14,751.78","14,953.85","14,530.23","14,942.83","14,942.83","5,317,180,000"
"Jan 7, 2022","15,095.72","15,171.02","14,877.63","14,935.90","14,935.90","4,238,070,000"
"Jan 6, 2022","15,024.15","15,198.45","14,914.87","15,080.86","15,080.86","4,790,820,000"
"Jan 5, 2022","15,547.16","15,586.30","15,095.18","15,100.17","15,100.17","5,031,850,000"
"Jan 4, 2022","15,852.14","15,852.14","15,512.41","15,622.72","15,622.72","5,131,110,000"
"Jan 3, 2022","15,732.50","15,832.80","15,644.09","15,832.80","15,832.80","4,429,960,000"
"Dec 31, 2021","15,722.91","15,777.43","15,643.94","15,644.97","15,644.97","3,392,580,000"
"Dec 30, 2021","15,758.98","15,868.09","15,729.16","15,741.56","15,741.56","3,750,920,000"
"Dec 29, 2021","15,794.92","15,821.81","15,679.85","15,766.22","15,766.22","3,714,380,000"
"Dec 28, 2021","15,895.20","15,901.47","15,757.07","15,781.72","15,781.72","3,648,500,000"
"Dec 27, 2021","15,696.83","15,871.40","15,696.83","15,871.26","15,871.26","3,743,920,000"
"Dec 23, 2021","15,544.79","15,697.98","15,528.91","15,653.37","15,653.37","3,935,010,000"
"Dec 22, 2021","15,319.16","15,525.97","15,303.06","15,521.89","15,521.89","4,107,900,000"
"Dec 21, 2021","15,140.43","15,349.06","15,015.03","15,341.09","15,341.09","4,581,720,000"
"Dec 20, 2021","14,933.00","15,007.30","14,860.04","14,980.94","14,980.94","4,602,640,000"
"Dec 17, 2021","15,036.77","15,288.78","14,960.37","15,169.68","15,169.68","7,668,770,000"
"Dec 16, 2021","15,629.08","15,633.19","15,119.49","15,180.43","15,180.43","4,906,480,000"
"Dec 15, 2021","15,230.71","15,575.76","15,055.23","15,565.58","15,565.58","5,343,920,000"
"Dec 14, 2021","15,215.96","15,317.55","15,097.35","15,237.64","15,237.64","4,865,990,000"
"Dec 13, 2021","15,621.27","15,637.06","15,408.25","15,413.28","15,413.28","4,573,920,000"
"Dec 10, 2021","15,629.59","15,677.60","15,477.85","15,630.60","15,630.60","4,426,210,000"
"Dec 9, 2021","15,720.54","15,796.05","15,511.12","15,517.37","15,517.37","4,515,600,000"
"Dec 8, 2021","15,690.65","15,792.64","15,618.88","15,786.99","15,786.99","4,615,390,000"
"Dec 7, 2021","15,510.91","15,720.09","15,507.66","15,686.92","15,686.92","5,116,490,000"
"Dec 6, 2021","15,117.63","15,281.99","14,931.61","15,225.15","15,225.15","5,115,230,000"
"Dec 3, 2021","15,428.71","15,470.36","14,931.06","15,085.47","15,085.47","5,900,290,000"
"Dec 2, 2021","15,181.82","15,444.54","15,150.12","15,381.32","15,381.32","5,418,340,000"
"Dec 1, 2021","15,752.27","15,816.82","15,243.93","15,254.05","15,254.05","6,320,260,000"
"Nov 30, 2021","15,716.50","15,828.20","15,451.39","15,537.69","15,537.69","6,631,470,000"
"Nov 29, 2021","15,719.42","15,833.11","15,644.61","15,782.83","15,782.83","4,836,230,000"
"Nov 26, 2021","15,664.38","15,731.54","15,456.09","15,491.66","15,491.66","3,502,170,000"
"Nov 24, 2021","15,677.88","15,848.56","15,591.36","15,845.23","15,845.23","4,197,090,000"
"Nov 23, 2021","15,809.50","15,895.86","15,601.46","15,775.14","15,775.14","5,434,380,000"
"Nov 22, 2021","16,120.92","16,212.23","15,851.04","15,854.76","15,854.76","5,567,830,000"
"Nov 19, 2021","16,042.16","16,121.12","16,017.23","16,057.44","16,057.44","4,875,310,000"
"Nov 18, 2021","15,973.39","16,010.88","15,848.83","15,993.71","15,993.71","5,391,360,000"
"Nov 17, 2021","15,973.62","15,998.57","15,909.39","15,921.57","15,921.57","5,049,320,000"
"Nov 16, 2021","15,840.32","15,989.61","15,825.00","15,973.86","15,973.86","5,533,020,000"
"Nov 15, 2021","15,894.82","15,918.45","15,778.31","15,853.85","15,853.85","5,020,180,000"
"Nov 12, 2021","15,752.62","15,874.57","15,705.38","15,860.96","15,860.96","5,446,540,000"
"Nov 11, 2021","15,752.08","15,768.03","15,695.77","15,704.28","15,704.28","4,570,460,000"
"Nov 10, 2021","15,753.84","15,867.24","15,543.68","15,622.71","15,622.71","5,369,110,000"
"Nov 9, 2021","16,024.13","16,035.21","15,836.68","15,886.54","15,886.54","5,574,660,000"
"Nov 8, 2021","15,995.72","16,038.23","15,961.81","15,982.36","15,982.36","5,723,650,000"
"Nov 5, 2021","16,003.56","16,053.39","15,900.78","15,971.59","15,971.59","5,566,400,000"
"Nov 4, 2021","15,849.74","15,966.09","15,827.66","15,940.31","15,940.31","5,297,250,000"
"Nov 3, 2021","15,658.52","15,821.57","15,616.44","15,811.58","15,811.58","5,325,110,000"
"Nov 2, 2021","15,583.98","15,656.60","15,569.27","15,649.60","15,649.60","5,129,370,000"
"Nov 1, 2021","15,541.26","15,598.95","15,470.82","15,595.92","15,595.92","5,273,950,000"
"Oct 29, 2021","15,323.29","15,504.12","15,323.29","15,498.39","15,498.39","5,338,290,000"
"Oct 28, 2021","15,304.74","15,452.30","15,290.31","15,448.12","15,448.12","5,714,890,000"
"Oct 27, 2021","15,276.00","15,364.54","15,235.84","15,235.84","15,235.84","6,130,110,000"
"Oct 26, 2021","15,317.50","15,384.00","15,198.23","15,235.71","15,235.71","7,173,230,000"
"Oct 25, 2021","15,142.92","15,259.63","15,070.75","15,226.71","15,226.71","5,750,200,000"
"Oct 22, 2021","15,158.07","15,193.01","15,021.02","15,090.20","15,090.20","5,775,770,000"
"Oct 21, 2021","15,104.80","15,222.25","15,094.14","15,215.70","15,215.70","4,961,860,000"
"Oct 20, 2021","15,160.00","15,178.39","15,071.15","15,121.68","15,121.68","4,117,050,000"
"Oct 19, 2021","15,073.13","15,137.85","15,049.73","15,129.09","15,129.09","4,483,400,000"
"Oct 18, 2021","14,839.74","15,026.68","14,833.28","15,021.81","15,021.81","4,167,740,000"
"Oct 15, 2021","14,891.24","14,904.98","14,847.96","14,897.34","14,897.34","4,494,440,000"
"Oct 14, 2021","14,717.50","14,827.56","14,699.52","14,823.43","14,823.43","4,262,400,000"
"Oct 13, 2021","14,537.17","14,589.28","14,471.88","14,571.64","14,571.64","4,053,580,000"
"Oct 12, 2021","14,539.09","14,552.71","14,441.60","14,465.92","14,465.92","4,063,830,000"
"Oct 11, 2021","14,540.08","14,665.99","14,482.62","14,486.20","14,486.20","3,539,540,000"
"Oct 8, 2021","14,694.72","14,699.91","14,569.68","14,579.54","14,579.54","3,571,380,000"
"Oct 7, 2021","14,631.80","14,755.72","14,615.14","14,654.02","14,654.02","3,984,180,000"
"Oct 6, 2021","14,289.45","14,509.55","14,259.07","14,501.91","14,501.91","4,465,910,000"
"Oct 5, 2021","14,312.86","14,508.65","14,299.78","14,433.83","14,433.83","4,176,390,000"
"Oct 4, 2021","14,493.12","14,499.74","14,181.69","14,255.48","14,255.48","4,557,110,000"
"Oct 1, 2021","14,494.93","14,606.82","14,324.01","14,566.70","14,566.70","4,710,720,000"
"Sep 30, 2021","14,582.60","14,632.36","14,444.30","14,448.58","14,448.58","5,950,950,000"
"Sep 29, 2021","14,614.88","14,676.62","14,493.67","14,512.44","14,512.44","5,294,600,000"
"Sep 28, 2021","14,787.21","14,817.74","14,539.88","14,546.68","14,546.68","4,989,510,000"
"Sep 27, 2021","14,954.18","15,003.16","14,864.96","14,969.97","14,969.97","4,650,790,000"
"Sep 24, 2021","14,961.61","15,067.56","14,946.57","15,047.70","15,047.70","3,992,150,000"
"Sep 23, 2021","14,960.00","15,085.44","14,932.51","15,052.24","15,052.24","4,196,130,000"
"Sep 22, 2021","14,800.59","14,950.12","14,767.01","14,896.85","14,896.85","4,252,490,000"
"Sep 21, 2021","14,803.36","14,847.03","14,696.47","14,746.40","14,746.40","4,083,010,000"
"Sep 20, 2021","14,758.14","14,841.82","14,530.07","14,713.90","14,713.90","4,879,490,000"
"Sep 17, 2021","15,163.36","15,166.56","14,998.73","15,043.97","15,043.97","6,709,540,000"
"Sep 16, 2021","15,120.09","15,205.50","15,047.14","15,181.92","15,181.92","3,701,500,000"
"Sep 15, 2021","15,071.34","15,174.38","14,984.68","15,161.53","15,161.53","4,465,140,000"
"Sep 14, 2021","15,168.45","15,181.19","15,008.30","15,037.76","15,037.76","4,593,140,000"
"Sep 13, 2021","15,211.43","15,215.44","15,030.85","15,105.58","15,105.58","4,723,370,000"
"Sep 10, 2021","15,332.92","15,349.47","15,111.31","15,115.49","15,115.49","4,587,150,000"
"Sep 9, 2021","15,296.06","15,352.38","15,245.17","15,248.25","15,248.25","4,031,140,000"
"Sep 8, 2021","15,360.35","15,360.35","15,206.61","15,286.64","15,286.64","4,131,560,000"
"Sep 7, 2021","15,375.98","15,403.44","15,343.28","15,374.33","15,374.33","4,014,250,000"
"Sep 3, 2021","15,313.41","15,375.56","15,283.67","15,363.52","15,363.52","3,706,990,000"
"Sep 2, 2021","15,358.47","15,380.07","15,285.35","15,331.18","15,331.18","4,050,510,000"
"Sep 1, 2021","15,308.98","15,379.50","15,302.11","15,309.38","15,309.38","4,271,690,000"
"Aug 31, 2021","15,262.88","15,278.96","15,202.67","15,259.24","15,259.24","4,188,020,000"
"Aug 30, 2021","15,165.94","15,288.08","15,165.12","15,265.89","15,265.89","4,061,760,000"
"Aug 27, 2021","14,969.77","15,144.48","14,966.52","15,129.50","15,129.50","4,048,610,000"
"Aug 26, 2021","15,025.17","15,059.63","14,939.56","14,945.81","14,945.81","3,630,900,000"
"Aug 25, 2021","15,039.03","15,059.43","15,011.58","15,041.86","15,041.86","3,654,150,000"
"Aug 24, 2021","14,978.14","15,034.89","14,965.54","15,019.80","15,019.80","3,809,750,000"
"Aug 23, 2021","14,776.98","14,963.47","14,776.98","14,942.65","14,942.65","3,906,780,000"
"Aug 20, 2021","14,571.53","14,722.16","14,571.53","14,714.66","14,714.66","3,886,340,000"
"Aug 19, 2021","14,423.16","14,610.76","14,423.16","14,541.79","14,541.79","4,191,490,000"
"Aug 18, 2021","14,636.24","14,697.25","14,516.30","14,525.91","14,525.91","3,841,840,000"
"Aug 17, 2021","14,670.56","14,716.95","14,550.88","14,656.18","14,656.18","4,168,880,000"
"Aug 16, 2021","14,771.53","14,794.68","14,610.02","14,793.76","14,793.76","3,973,920,000"
"Aug 13, 2021","14,825.07","14,850.61","14,797.22","14,822.90","14,822.90","4,061,070,000"
"Aug 12, 2021","14,751.36","14,824.31","14,698.94","14,816.26","14,816.26","4,049,000,000"
"Aug 11, 2021","14,834.38","14,842.50","14,692.41","14,765.14","14,765.14","4,002,340,000"
"Aug 10, 2021","14,887.75","14,894.61","14,754.48","14,788.09","14,788.09","3,991,770,000"
"Aug 9, 2021","14,855.76","14,883.81","14,802.69","14,860.18","14,860.18","4,111,640,000"
"Aug 6, 2021","14,864.22","14,890.18","14,788.59","14,835.76","14,835.76","4,173,090,000"
"Aug 5, 2021","14,794.08","14,896.47","14,776.03","14,895.12","14,895.12","4,107,300,000"
"Aug 4, 2021","14,747.21","14,812.37","14,734.12","14,780.53","14,780.53","4,337,330,000"
"Aug 3, 2021","14,713.99","14,762.60","14,584.09","14,761.29","14,761.29","4,141,370,000"
"Aug 2, 2021","14,758.60","14,770.41","14,665.67","14,681.07","14,681.07","3,746,130,000"
"Jul 30, 2021","14,615.85","14,728.78","14,615.85","14,672.68","14,672.68","3,645,050,000"
"Jul 29, 2021","14,771.17","14,833.74","14,761.38","14,778.26","14,778.26","3,928,640,000"
"Jul 28, 2021","14,715.66","14,798.88","14,645.63","14,762.58","14,762.58","4,268,210,000"
"Jul 27, 2021","14,807.95","14,811.08","14,503.76","14,660.58","14,660.58","4,329,230,000"
"Jul 26, 2021","14,821.03","14,863.65","14,790.49","14,840.71","14,840.71","4,437,090,000"
"Jul 23, 2021","14,753.06","14,846.06","14,698.77","14,836.99","14,836.99","3,997,250,000"
"Jul 22, 2021","14,652.72","14,694.19","14,617.87","14,684.60","14,684.60","3,597,540,000"
"Jul 21, 2021","14,508.75","14,633.14","14,498.65","14,631.95","14,631.95","4,098,520,000"
"Jul 20, 2021","14,330.46","14,555.75","14,271.23","14,498.88","14,498.88","4,652,450,000"
"Jul 19, 2021","14,235.98","14,313.60","14,178.66","14,274.98","14,274.98","4,537,130,000"
"Jul 16, 2021","14,597.51","14,623.02","14,413.32","14,427.24","14,427.24","4,069,530,000"
"Jul 15, 2021","14,635.78","14,650.37","14,451.80","14,543.13","14,543.13","4,512,550,000"
"Jul 14, 2021","14,780.90","14,790.55","14,632.95","14,644.95","14,644.95","4,496,220,000"
"Jul 13, 2021","14,715.13","14,803.68","14,660.19","14,677.65","14,677.65","4,583,460,000"
"Jul 12, 2021","14,743.86","14,761.08","14,672.63","14,733.24","14,733.24","3,897,090,000"
"Jul 9, 2021","14,578.43","14,710.20","14,552.26","14,701.92","14,701.92","3,826,500,000"
"Jul 8, 2021","14,409.20","14,610.06","14,371.59","14,559.78","14,559.78","4,575,010,000"
"Jul 7, 2021","14,753.41","14,755.33","14,580.79","14,665.06","14,665.06","4,605,630,000"
"Jul 6, 2021","14,661.55","14,687.00","14,529.80","14,663.64","14,663.64","4,489,540,000"
"Jul 2, 2021","14,582.98","14,649.11","14,555.34","14,639.33","14,639.33","3,751,420,000"
"Jul 1, 2021","14,493.69","14,533.55","14,439.40","14,522.38","14,522.38","4,410,470,000"
"Jun 30, 2021","14,509.85","14,526.81","14,478.06","14,503.95","14,503.95","5,293,810,000"
"Jun 29, 2021","14,509.19","14,535.97","14,471.38","14,528.33","14,528.33","4,901,300,000"
"Jun 28, 2021","14,417.81","14,505.19","14,417.20","14,500.51","14,500.51","4,283,000,000"
"Jun 25, 2021","14,400.81","14,409.08","14,337.65","14,360.39","14,360.39","7,468,090,000"
"Jun 24, 2021","14,357.27","14,414.46","14,333.70","14,369.71","14,369.71","4,324,620,000"
"Jun 23, 2021","14,263.38","14,317.66","14,246.30","14,271.73","14,271.73","4,417,470,000"
"Jun 22, 2021","14,138.29","14,269.77","14,121.00","14,253.27","14,253.27","4,433,140,000"
"Jun 21, 2021","14,047.42","14,150.78","13,960.04","14,141.48","14,141.48","4,562,010,000"
"Jun 18, 2021","14,096.93","14,129.22","14,009.04","14,030.38","14,030.38","6,126,070,000"
"Jun 17, 2021","13,999.13","14,196.21","13,998.93","14,161.35","14,161.35","4,558,280,000"
"Jun 16, 2021","14,085.55","14,129.69","13,903.73","14,039.68","14,039.68","4,683,030,000"
"Jun 15, 2021","14,166.64","14,171.02","14,052.16","14,072.86","14,072.86","4,554,580,000"
"Jun 14, 2021","14,083.47","14,175.45","14,056.67","14,174.14","14,174.14","4,415,160,000"
"Jun 11, 2021","14,030.85","14,069.42","14,006.59","14,069.42","14,069.42","4,157,580,000"
"Jun 10, 2021","13,933.88","14,031.19","13,904.40","14,020.33","14,020.33","4,919,880,000"
"Jun 9, 2021","13,980.23","14,003.50","13,906.45","13,911.75","13,911.75","5,640,490,000"
"Jun 8, 2021","13,946.32","13,981.72","13,831.98","13,924.91","13,924.91","5,958,410,000"
"Jun 7, 2021","13,802.82","13,889.11","13,784.89","13,881.72","13,881.72","4,639,210,000"
"Jun 4, 2021","13,697.25","13,826.82","13,692.01","13,814.49","13,814.49","4,360,710,000"
"Jun 3, 2021","13,655.75","13,684.13","13,548.93","13,614.51","13,614.51","5,396,250,000"
"Jun 2, 2021","13,743.24","13,775.89","13,689.74","13,756.33","13,756.33","5,097,630,000"
"Jun 1, 2021","13,829.06","13,836.17","13,678.77","13,736.48","13,736.48","4,186,280,000"
"May 28, 2021","13,792.05","13,820.87","13,747.61","13,748.74","13,748.74","4,447,940,000"
"May 27, 2021","13,742.59","13,776.52","13,701.63","13,736.28","13,736.28","5,087,180,000"
"May 26, 2021","13,693.94","13,750.16","13,679.59","13,738.00","13,738.00","4,264,500,000"
"May 25, 2021","13,721.54","13,751.14","13,631.80","13,657.17","13,657.17","4,128,990,000"
"May 24, 2021","13,557.21","13,708.85","13,551.01","13,661.17","13,661.17","3,509,470,000"
"May 21, 2021","13,616.19","13,616.58","13,463.26","13,470.99","13,470.99","3,733,940,000"
"May 20, 2021","13,356.63","13,563.52","13,355.71","13,535.74","13,535.74","3,990,760,000"
"May 19, 2021","13,078.19","13,304.61","13,072.23","13,299.74","13,299.74","4,333,520,000"
"May 18, 2021","13,416.90","13,485.34","13,299.93","13,303.64","13,303.64","4,301,300,000"
"May 17, 2021","13,368.80","13,399.17","13,265.40","13,379.05","13,379.05","3,997,780,000"
"May 14, 2021","13,255.65","13,460.88","13,242.97","13,429.98","13,429.98","4,022,610,000"
"May 13, 2021","13,150.94","13,247.87","13,007.24","13,124.99","13,124.99","4,698,110,000"
"May 12, 2021","13,215.49","13,288.61","13,002.54","13,031.68","13,031.68","4,752,930,000"
"May 11, 2021","13,115.85","13,423.31","13,107.67","13,389.43","13,389.43","4,738,390,000"
"May 10, 2021","13,687.59","13,687.93","13,401.74","13,401.86","13,401.86","4,818,670,000"
"May 7, 2021","13,723.09","13,828.62","13,690.75","13,752.24","13,752.24","4,391,100,000"
"May 6, 2021","13,557.83","13,635.73","13,439.39","13,632.84","13,632.84","5,021,400,000"
"May 5, 2021","13,731.13","13,753.05","13,553.93","13,582.42","13,582.42","4,535,690,000"
"May 4, 2021","13,774.51","13,795.57","13,485.59","13,633.50","13,633.50","5,879,730,000"
"May 3, 2021","14,031.77","14,042.12","13,881.51","13,895.12","13,895.12","4,761,430,000"
"Apr 30, 2021","13,970.73","14,084.76","13,941.63","13,962.68","13,962.68","4,792,460,000"
"Apr 29, 2021","14,204.51","14,211.57","13,952.80","14,082.55","14,082.55","4,928,030,000"
"Apr 28, 2021","14,082.78","14,133.65","14,034.70","14,051.03","14,051.03","4,559,710,000"
"Apr 27, 2021","14,170.91","14,171.24","14,064.28","14,090.22","14,090.22","4,691,460,000"
"Apr 26, 2021","14,052.38","14,154.03","14,019.50","14,138.78","14,138.78","4,506,210,000"
"Apr 23, 2021","13,861.37","14,062.74","13,856.83","14,016.81","14,016.81","4,355,100,000"
"Apr 22, 2021","13,952.57","14,015.87","13,771.04","13,818.41","13,818.41","4,420,820,000"
"Apr 21, 2021","13,745.77","13,951.35","13,706.86","13,950.22","13,950.22","3,999,620,000"
"Apr 20, 2021","13,894.46","13,927.67","13,698.67","13,786.27","13,786.27","4,245,120,000"
"Apr 19, 2021","13,984.58","14,041.79","13,842.57","13,914.77","13,914.77","4,379,610,000"
"Apr 16, 2021","14,059.11","14,062.50","13,977.05","14,052.34","14,052.34","4,427,780,000"
"Apr 15, 2021","13,983.23","14,049.13","13,970.42","14,038.76","14,038.76","4,406,880,000"
"Apr 14, 2021","14,004.08","14,033.63","13,839.04","13,857.84","13,857.84","4,120,770,000"
"Apr 13, 2021","13,902.45","14,011.51","13,902.45","13,996.10","13,996.10","4,219,360,000"
"Apr 12, 2021","13,854.44","13,877.00","13,783.95","13,850.00","13,850.00","4,250,900,000"
"Apr 9, 2021","13,787.02","13,905.41","13,748.35","13,900.19","13,900.19","3,926,110,000"
"Apr 8, 2021","13,796.89","13,830.14","13,758.71","13,829.31","13,829.31","4,153,600,000"
"Apr 7, 2021","13,675.30","13,733.03","13,653.59","13,688.84","13,688.84","4,098,740,000"
"Apr 6, 2021","13,681.67","13,776.71","13,674.28","13,698.38","13,698.38","4,073,710,000"
"Apr 5, 2021","13,594.90","13,720.58","13,582.76","13,705.59","13,705.59","4,459,000,000"
"Apr 1, 2021","13,414.32","13,487.08","13,404.18","13,480.11","13,480.11","4,576,480,000"
"Mar 31, 2021","13,122.57","13,325.54","13,118.38","13,246.87","13,246.87","5,004,720,000"
"Mar 30, 2021","13,008.80","13,075.75","12,922.57","13,045.39","13,045.39","4,721,950,000"
"Mar 29, 2021","13,103.97","13,143.41","12,968.16","13,059.65","13,059.65","4,965,090,000"
"Mar 26, 2021","12,996.03","13,149.55","12,878.72","13,138.73","13,138.73","5,224,360,000"
"Mar 25, 2021","12,844.58","13,021.86","12,786.81","12,977.68","12,977.68","5,634,290,000"
"Mar 24, 2021","13,289.24","13,292.92","12,961.35","12,961.89","12,961.89","6,248,650,000"
"Mar 23, 2021","13,381.43","13,405.15","13,202.43","13,227.70","13,227.70","5,675,010,000"
"Mar 22, 2021","13,278.78","13,455.64","13,278.78","13,377.54","13,377.54","5,321,760,000"
"Mar 19, 2021","13,119.90","13,252.37","13,039.45","13,215.24","13,215.24","7,630,590,000"
"Mar 18, 2021","13,349.20","13,384.46","13,101.92","13,116.17","13,116.17","5,739,720,000"
"Mar 17, 2021","13,336.91","13,595.00","13,272.69","13,525.20","13,525.20","5,536,110,000"
"Mar 16, 2021","13,523.17","13,620.71","13,397.08","13,471.57","13,471.57","5,493,890,000"
"Mar 15, 2021","13,323.47","13,460.35","13,272.50","13,459.71","13,459.71","5,972,370,000"
"Mar 12, 2021","13,222.81","13,324.69","13,158.72","13,319.86","13,319.86","5,497,210,000"
"Mar 11, 2021","13,273.31","13,433.62","13,246.33","13,398.67","13,398.67","6,008,850,000"
"Mar 10, 2021","13,234.73","13,277.11","13,035.44","13,068.83","13,068.83","6,023,880,000"
"Mar 9, 2021","12,923.07","13,151.54","12,882.49","13,073.82","13,073.82","6,345,560,000"
"Mar 8, 2021","12,904.26","13,001.00","12,599.23","12,609.16","12,609.16","6,010,230,000"
"Mar 5, 2021","12,860.04","12,941.21","12,397.05","12,920.15","12,920.15","7,725,200,000"
"Mar 4, 2021","12,953.99","13,068.71","12,553.96","12,723.47","12,723.47","7,864,380,000"
"Mar 3, 2021","13,336.25","13,372.52","12,995.07","12,997.75","12,997.75","5,529,980,000"
"Mar 2, 2021","13,599.45","13,601.33","13,352.00","13,358.79","13,358.79","4,948,140,000"
"Mar 1, 2021","13,406.16","13,596.59","13,362.66","13,588.83","13,588.83","5,079,530,000"
"Feb 26, 2021","13,232.90","13,368.06","13,024.53","13,192.35","13,192.35","5,906,110,000"
"Feb 25, 2021","13,512.64","13,602.86","13,066.38","13,119.43","13,119.43","6,390,380,000"
"Feb 24, 2021","13,400.25","13,607.36","13,286.59","13,597.97","13,597.97","5,886,230,000"
"Feb 23, 2021","13,262.61","13,526.09","13,003.98","13,465.20","13,465.20","7,516,510,000"
"Feb 22, 2021","13,714.20","13,757.06","13,530.96","13,533.05","13,533.05","6,483,740,000"
"Feb 19, 2021","13,929.20","13,985.58","13,842.60","13,874.46","13,874.46","6,737,820,000"
"Feb 18, 2021","13,814.67","13,905.96","13,714.35","13,865.36","13,865.36","6,499,420,000"
"Feb 17, 2021","13,911.65","13,976.43","13,804.26","13,965.49","13,965.49","7,280,500,000"
"Feb 16, 2021","14,152.21","14,175.12","13,995.45","14,047.50","14,047.50","7,722,100,000"
"Feb 12, 2021","13,979.21","14,102.04","13,937.71","14,095.47","14,095.47","7,416,940,000"
"Feb 11, 2021","14,045.21","14,058.91","13,916.85","14,025.77","14,025.77","10,916,780,000"
"Feb 10, 2021","14,093.35","14,109.12","13,845.47","13,972.53","13,972.53","10,785,930,000"
"Feb 9, 2021","13,966.82","14,044.95","13,966.55","14,007.70","14,007.70","8,766,770,000"
"Feb 8, 2021","13,937.06","13,987.74","13,894.15","13,987.64","13,987.64","8,564,530,000"
"Feb 5, 2021","13,824.88","13,878.16","13,761.66","13,856.30","13,856.30","6,792,910,000"
"Feb 4, 2021","13,674.06","13,778.42","13,631.62","13,777.74","13,777.74","7,295,370,000"
"Feb 3, 2021","13,718.31","13,723.83","13,585.34","13,610.54","13,610.54","7,546,940,000"
"Feb 2, 2021","13,543.10","13,652.70","13,535.86","13,612.78","13,612.78","7,325,270,000"
"Feb 1, 2021","13,226.18","13,431.46","13,132.47","13,403.39","13,403.39","7,092,520,000"
"Jan 29, 2021","13,284.72","13,322.00","12,985.05","13,070.69","13,070.69","7,872,250,000"
"Jan 28, 2021","13,323.29","13,507.64","13,316.52","13,337.16","13,337.16","9,959,270,000"
"Jan 27, 2021","13,486.58","13,538.42","13,192.91","13,270.60","13,270.60","11,621,190,000"
"Jan 26, 2021","13,681.72","13,702.69","13,603.19","13,626.06","13,626.06","6,849,600,000"
"Jan 25, 2021","13,681.21","13,728.98","13,368.68","13,635.99","13,635.99","7,193,710,000"
"Jan 22, 2021","13,474.81","13,567.14","13,463.66","13,543.06","13,543.06","5,972,750,000"
"Jan 21, 2021","13,521.48","13,560.35","13,454.07","13,530.91","13,530.91","7,258,640,000"
"Jan 20, 2021","13,342.55","13,486.13","13,329.77","13,457.25","13,457.25","6,820,990,000"
"Jan 19, 2021","13,132.73","13,206.86","13,078.70","13,197.18","13,197.18","6,297,860,000"
"Jan 15, 2021","13,099.90","13,139.83","12,949.76","12,998.50","12,998.50","6,458,360,000"
"Jan 14, 2021","13,174.75","13,220.16","13,098.41","13,112.64","13,112.64","6,734,100,000"
"Jan 13, 2021","13,088.01","13,171.15","13,051.06","13,128.95","13,128.95","7,104,810,000"
"Jan 12, 2021","13,062.06","13,105.04","12,963.92","13,072.43","13,072.43","7,264,070,000"
"Jan 11, 2021","13,048.78","13,138.27","12,999.51","13,036.43","13,036.43","6,960,470,000"
"Jan 8, 2021","13,160.22","13,208.09","13,036.55","13,201.98","13,201.98","7,289,390,000"
"Jan 7, 2021","12,867.34","13,090.91","12,867.34","13,067.48","13,067.48","6,841,480,000"
"Jan 6, 2021","12,666.15","12,909.63","12,649.99","12,740.79","12,740.79","7,689,880,000"
"Jan 5, 2021","12,665.65","12,828.27","12,665.65","12,818.96","12,818.96","6,971,860,000"
"Jan 4, 2021","12,958.52","12,958.72","12,543.24","12,698.45","12,698.45","6,636,170,000"
"Dec 31, 2020","12,877.09","12,902.07","12,821.23","12,888.28","12,888.28","4,815,840,000"
"Dec 30, 2020","12,906.51","12,924.93","12,857.76","12,870.00","12,870.00","5,343,010,000"
"Dec 29, 2020","12,965.39","12,973.33","12,821.96","12,850.22","12,850.22","4,726,920,000"
"Dec 28, 2020","12,914.64","12,930.89","12,827.45","12,899.42","12,899.42","5,109,140,000"
"Dec 24, 2020","12,791.54","12,833.55","12,767.64","12,804.73","12,804.73","3,305,960,000"
"Dec 23, 2020","12,834.94","12,841.92","12,758.67","12,771.11","12,771.11","7,100,250,000"
"Dec 22, 2020","12,785.22","12,840.57","12,695.31","12,807.92","12,807.92","5,811,850,000"
"Dec 21, 2020","12,596.14","12,751.27","12,525.22","12,742.52","12,742.52","5,192,860,000"
"Dec 18, 2020","12,804.93","12,809.60","12,654.60","12,755.64","12,755.64","7,125,800,000"
"Dec 17, 2020","12,730.78","12,765.25","12,696.35","12,764.75","12,764.75","5,029,830,000"
"Dec 16, 2020","12,611.04","12,687.32","12,566.38","12,658.19","12,658.19","4,592,700,000"
"Dec 15, 2020","12,543.26","12,596.13","12,465.42","12,595.06","12,595.06","4,423,650,000"
"Dec 14, 2020","12,447.44","12,543.00","12,432.71","12,440.04","12,440.04","4,491,930,000"
"Dec 11, 2020","12,336.79","12,383.50","12,246.77","12,377.87","12,377.87","4,292,680,000"
"Dec 10, 2020","12,247.55","12,431.56","12,214.74","12,405.81","12,405.81","4,518,580,000"
"Dec 9, 2020","12,591.69","12,607.14","12,290.78","12,338.95","12,338.95","5,168,450,000"
"Dec 8, 2020","12,503.17","12,594.54","12,453.21","12,582.77","12,582.77","4,809,480,000"
"Dec 7, 2020","12,461.00","12,536.23","12,460.55","12,519.95","12,519.95","4,771,820,000"
"Dec 4, 2020","12,399.32","12,464.23","12,376.44","12,464.23","12,464.23","5,086,900,000"
"Dec 3, 2020","12,369.26","12,439.02","12,356.99","12,377.18","12,377.18","5,209,980,000"
"Dec 2, 2020","12,285.75","12,360.06","12,217.35","12,349.37","12,349.37","5,194,960,000"
"Dec 1, 2020","12,313.36","12,405.79","12,263.93","12,355.11","12,355.11","6,512,420,000"
"Nov 30, 2020","12,224.25","12,244.65","12,027.16","12,198.74","12,198.74","7,760,390,000"
"Nov 27, 2020","12,159.18","12,236.23","12,154.57","12,205.85","12,205.85","3,401,830,000"
"Nov 25, 2020","12,053.89","12,114.77","12,020.95","12,094.40","12,094.40","4,448,640,000"
"Nov 24, 2020","11,939.33","12,049.88","11,863.45","12,036.79","12,036.79","6,339,580,000"
"Nov 23, 2020","11,916.76","11,949.33","11,796.53","11,880.63","11,880.63","5,473,250,000"
"Nov 20, 2020","11,892.70","11,935.47","11,852.51","11,854.97","11,854.97","5,350,970,000"
"Nov 19, 2020","11,779.04","11,912.63","11,760.98","11,904.71","11,904.71","5,385,190,000"
"Nov 18, 2020","11,896.06","11,942.49","11,799.96","11,801.60","11,801.60","4,731,420,000"
"Nov 17, 2020","11,913.35","11,950.18","11,852.41","11,899.34","11,899.34","4,145,030,000"
"Nov 16, 2020","11,847.11","11,937.72","11,814.89","11,924.13","11,924.13","4,172,570,000"
"Nov 13, 2020","11,794.94","11,849.79","11,715.52","11,829.29","11,829.29","3,654,230,000"
"Nov 12, 2020","11,802.50","11,847.84","11,666.37","11,709.59","11,709.59","3,886,670,000"
"Nov 11, 2020","11,656.65","11,793.57","11,638.90","11,786.43","11,786.43","3,854,680,000"
"Nov 10, 2020","11,622.44","11,665.87","11,424.61","11,553.86","11,553.86","4,736,560,000"
"Nov 9, 2020","12,046.66","12,108.07","11,703.49","11,713.78","11,713.78","5,863,900,000"
"Nov 6, 2020","11,869.90","11,920.54","11,737.13","11,895.23","11,895.23","4,183,220,000"
"Nov 5, 2020","11,816.33","11,924.28","11,784.15","11,890.93","11,890.93","3,848,160,000"
"Nov 4, 2020","11,443.77","11,663.31","11,394.21","11,590.78","11,590.78","3,620,760,000"
"Nov 3, 2020","11,038.66","11,213.92","11,004.84","11,160.57","11,160.57","3,216,580,000"
"Nov 2, 2020","11,010.45","11,071.08","10,830.95","10,957.61","10,957.61","3,209,000,000"
"Oct 30, 2020","11,103.47","11,129.81","10,822.57","10,911.59","10,911.59","3,671,600,000"
"Oct 29, 2020","11,064.47","11,287.63","11,030.19","11,185.59","11,185.59","3,244,190,000"
"Oct 28, 2020","11,230.90","11,249.95","10,999.07","11,004.87","11,004.87","3,930,690,000"
"Oct 27, 2020","11,409.34","11,465.06","11,361.86","11,431.35","11,431.35","3,104,770,000"
"Oct 26, 2020","11,440.64","11,545.63","11,221.06","11,358.94","11,358.94","3,205,100,000"
"Oct 23, 2020","11,536.01","11,548.85","11,434.86","11,548.28","11,548.28","3,145,570,000"
"Oct 22, 2020","11,526.97","11,548.77","11,369.29","11,506.01","11,506.01","3,434,040,000"
"Oct 21, 2020","11,530.39","11,613.79","11,476.08","11,484.69","11,484.69","3,467,310,000"
"Oct 20, 2020","11,531.83","11,632.89","11,471.23","11,516.49","11,516.49","3,510,040,000"
"Oct 19, 2020","11,732.34","11,778.11","11,454.57","11,478.88","11,478.88","3,477,410,000"
"Oct 16, 2020","11,761.83","11,827.42","11,648.53","11,671.56","11,671.56","3,166,980,000"
"Oct 15, 2020","11,559.88","11,740.68","11,559.10","11,713.87","11,713.87","3,325,270,000"
"Oct 14, 2020","11,889.07","11,939.92","11,714.35","11,768.73","11,768.73","3,410,410,000"
"Oct 13, 2020","11,901.76","11,946.98","11,821.83","11,863.90","11,863.90","3,634,130,000"
"Oct 12, 2020","11,732.33","11,965.54","11,704.13","11,876.26","11,876.26","3,885,030,000"
"Oct 9, 2020","11,487.60","11,581.23","11,476.66","11,579.94","11,579.94","3,504,230,000"
"Oct 8, 2020","11,443.35","11,448.23","11,384.33","11,420.98","11,420.98","3,507,570,000"
"Oct 7, 2020","11,271.68","11,380.56","11,258.35","11,364.60","11,364.60","3,910,770,000"
"Oct 6, 2020","11,314.53","11,392.41","11,124.45","11,154.60","11,154.60","4,390,960,000"
"Oct 5, 2020","11,169.11","11,335.21","11,162.52","11,332.49","11,332.49","3,623,920,000"
"Oct 2, 2020","11,082.53","11,244.87","11,033.69","11,075.02","11,075.02","3,731,510,000"
"Oct 1, 2020","11,291.99","11,344.13","11,240.53","11,326.51","11,326.51","4,005,900,000"
"Sep 30, 2020","11,092.90","11,277.96","11,092.90","11,167.51","11,167.51","4,260,630,000"
"Sep 29, 2020","11,109.00","11,153.23","11,065.63","11,085.25","11,085.25","3,389,040,000"
"Sep 28, 2020","11,084.38","11,120.79","11,019.14","11,117.53","11,117.53","3,591,740,000"
"Sep 25, 2020","10,680.46","10,939.55","10,639.98","10,913.56","10,913.56","3,785,270,000"
"Sep 24, 2020","10,551.02","10,799.55","10,520.22","10,672.27","10,672.27","4,086,360,000"
"Sep 23, 2020","10,950.82","10,962.03","10,612.91","10,632.99","10,632.99","4,097,320,000"
"Sep 22, 2020","10,873.30","10,979.65","10,737.52","10,963.64","10,963.64","3,515,440,000"
"Sep 21, 2020","10,610.14","10,782.74","10,519.49","10,778.80","10,778.80","3,900,970,000"
"Sep 18, 2020","10,973.45","10,977.68","10,639.95","10,793.28","10,793.28","5,759,090,000"
"Sep 17, 2020","10,796.05","10,974.45","10,783.81","10,910.28","10,910.28","3,740,110,000"
"Sep 16, 2020","11,222.08","11,245.42","11,046.43","11,050.47","11,050.47","3,678,020,000"
"Sep 15, 2020","11,193.96","11,244.46","11,127.98","11,190.32","11,190.32","3,786,110,000"
"Sep 14, 2020","11,010.14","11,118.29","10,982.26","11,056.65","11,056.65","3,737,610,000"
"Sep 11, 2020","11,010.07","11,033.04","10,728.03","10,853.55","10,853.55","3,630,250,000"
"Sep 10, 2020","11,235.53","11,299.53","10,875.02","10,919.59","10,919.59","3,840,010,000"
"Sep 9, 2020","11,064.76","11,217.69","10,970.45","11,141.56","11,141.56","3,550,660,000"
"Sep 8, 2020","10,900.70","11,131.50","10,837.20","10,847.69","10,847.69","3,905,420,000"
"Sep 4, 2020","11,396.24","11,531.18","10,875.87","11,313.13","11,313.13","4,284,440,000"
"Sep 3, 2020","11,861.90","11,894.40","11,361.36","11,458.10","11,458.10","4,465,010,000"
"Sep 2, 2020","12,047.26","12,074.06","11,836.18","12,056.44","12,056.44","3,982,360,000"
"Sep 1, 2020","11,850.96","11,945.72","11,794.78","11,939.67","11,939.67","3,511,060,000"
"Aug 31, 2020","11,718.81","11,829.84","11,697.42","11,775.46","11,775.46","3,612,050,000"
"Aug 28, 2020","11,689.28","11,708.77","11,634.77","11,695.63","11,695.63","3,012,980,000"
"Aug 27, 2020","11,688.19","11,730.01","11,551.01","11,625.34","11,625.34","3,547,400,000"
"Aug 26, 2020","11,516.62","11,672.05","11,507.46","11,665.06","11,665.06","3,471,520,000"
"Aug 25, 2020","11,370.23","11,468.26","11,343.04","11,466.47","11,466.47","3,475,280,000"
"Aug 24, 2020","11,449.25","11,462.05","11,297.53","11,379.72","11,379.72","3,907,310,000"
"Aug 21, 2020","11,258.44","11,326.21","11,245.44","11,311.80","11,311.80","3,929,290,000"
"Aug 20, 2020","11,096.40","11,283.62","11,090.03","11,264.95","11,264.95","4,215,130,000"
"Aug 19, 2020","11,214.80","11,257.42","11,132.10","11,146.46","11,146.46","3,496,480,000"
"Aug 18, 2020","11,170.75","11,230.62","11,103.83","11,210.84","11,210.84","3,228,590,000"
"Aug 17, 2020","11,083.25","11,144.53","11,080.30","11,129.73","11,129.73","3,214,870,000"
"Aug 14, 2020","11,042.24","11,058.44","10,972.06","11,019.30","11,019.30","3,514,260,000"
"Aug 13, 2020","11,026.86","11,124.85","11,007.50","11,042.50","11,042.50","3,480,470,000"
"Aug 12, 2020","10,878.12","11,036.72","10,877.16","11,012.24","11,012.24","3,745,230,000"
"Aug 11, 2020","10,942.66","10,989.42","10,762.71","10,782.82","10,782.82","4,331,770,000"
"Aug 10, 2020","11,033.73","11,040.24","10,849.46","10,968.36","10,968.36","4,048,420,000"
"Aug 7, 2020","11,072.53","11,126.04","10,920.37","11,010.98","11,010.98","4,263,930,000"
"Aug 6, 2020","10,989.98","11,121.19","10,963.41","11,108.07","11,108.07","4,120,000,000"
"Aug 5, 2020","10,967.87","11,002.11","10,943.72","10,998.40","10,998.40","4,160,740,000"
"Aug 4, 2020","10,897.89","10,941.91","10,852.90","10,941.17","10,941.17","4,016,520,000"
"Aug 3, 2020","10,848.64","10,927.56","10,831.15","10,902.80","10,902.80","4,203,890,000"
"Jul 31, 2020","10,741.47","10,747.80","10,557.70","10,745.27","10,745.27","4,438,730,000"
"Jul 30, 2020","10,450.12","10,609.59","10,412.09","10,587.81","10,587.81","4,185,810,000"
"Jul 29, 2020","10,474.70","10,567.91","10,464.00","10,542.94","10,542.94","4,009,640,000"
"Jul 28, 2020","10,509.20","10,523.64","10,397.87","10,402.09","10,402.09","3,894,660,000"
"Jul 27, 2020","10,421.70","10,546.44","10,399.86","10,536.27","10,536.27","4,244,570,000"
"Jul 24, 2020","10,294.41","10,418.75","10,217.31","10,363.18","10,363.18","4,233,390,000"
"Jul 23, 2020","10,689.50","10,728.12","10,407.87","10,461.42","10,461.42","4,501,540,000"
"Jul 22, 2020","10,687.58","10,745.32","10,627.45","10,706.13","10,706.13","4,128,960,000"
"Jul 21, 2020","10,837.88","10,839.93","10,650.46","10,680.36","10,680.36","5,350,750,000"
"Jul 20, 2020","10,526.02","10,783.80","10,488.04","10,767.09","10,767.09","4,314,630,000"
"Jul 17, 2020","10,500.52","10,532.62","10,421.21","10,503.19","10,503.19","4,361,480,000"
"Jul 16, 2020","10,443.87","10,499.79","10,364.39","10,473.83","10,473.83","4,277,760,000"
"Jul 15, 2020","10,576.72","10,604.67","10,420.54","10,550.49","10,550.49","4,647,070,000"
"Jul 14, 2020","10,310.25","10,497.83","10,182.46","10,488.58","10,488.58","4,461,770,000"
"Jul 13, 2020","10,729.92","10,824.78","10,368.04","10,390.84","10,390.84","4,851,880,000"
"Jul 10, 2020","10,545.91","10,622.35","10,447.01","10,617.44","10,617.44","3,537,510,000"
"Jul 9, 2020","10,563.72","10,578.10","10,379.91","10,547.75","10,547.75","4,013,180,000"
"Jul 8, 2020","10,409.35","10,494.63","10,350.96","10,492.50","10,492.50","4,030,210,000"
"Jul 7, 2020","10,412.46","10,518.98","10,337.98","10,343.89","10,343.89","4,337,130,000"
"Jul 6, 2020","10,360.38","10,462.05","10,354.98","10,433.65","10,433.65","4,570,260,000"
"Jul 2, 2020","10,268.67","10,310.36","10,194.06","10,207.63","10,207.63","4,038,920,000"
"Jul 1, 2020","10,063.67","10,197.19","10,048.04","10,154.63","10,154.63","4,624,430,000"
"Jun 30, 2020","9,875.29","10,085.59","9,863.67","10,058.77","10,058.77","4,510,190,000"
"Jun 29, 2020","9,771.72","9,877.34","9,663.61","9,874.15","9,874.15","4,336,290,000"
"Jun 26, 2020","9,995.12","10,000.67","9,749.07","9,757.22","9,757.22","7,309,380,000"
"Jun 25, 2020","9,899.36","10,023.28","9,810.47","10,017.00","10,017.00","4,779,640,000"
"Jun 24, 2020","10,092.92","10,137.50","9,842.22","9,909.17","9,909.17","5,589,130,000"
"Jun 23, 2020","10,130.83","10,221.85","10,112.44","10,131.37","10,131.37","5,755,170,000"
"Jun 22, 2020","9,945.49","10,059.61","9,916.60","10,056.48","10,056.48","4,506,960,000"
"Jun 19, 2020","10,042.13","10,053.91","9,872.94","9,946.12","9,946.12","6,093,830,000"
"Jun 18, 2020","9,892.48","9,959.20","9,885.66","9,943.05","9,943.05","4,335,320,000"
"Jun 17, 2020","9,943.31","9,991.21","9,891.81","9,910.53","9,910.53","4,279,700,000"
"Jun 16, 2020","9,949.78","9,963.63","9,748.38","9,895.87","9,895.87","4,669,320,000"
"Jun 15, 2020","9,426.90","9,756.07","9,403.00","9,726.02","9,726.02","4,476,010,000"
"Jun 12, 2020","9,715.87","9,768.64","9,413.62","9,588.81","9,588.81","4,388,990,000"
"Jun 11, 2020","9,791.24","9,868.08","9,491.31","9,492.73","9,492.73","5,300,850,000"
"Jun 10, 2020","10,012.32","10,086.89","9,962.58","10,020.35","10,020.35","5,170,860,000"
"Jun 9, 2020","9,867.19","10,002.50","9,863.27","9,953.75","9,953.75","5,319,450,000"
"Jun 8, 2020","9,823.44","9,927.13","9,780.61","9,924.75","9,924.75","6,197,330,000"
"Jun 5, 2020","9,703.54","9,845.69","9,685.35","9,814.08","9,814.08","6,607,730,000"
"Jun 4, 2020","9,649.65","9,716.14","9,560.41","9,615.81","9,615.81","6,141,320,000"
"Jun 3, 2020","9,651.86","9,707.78","9,627.17","9,682.91","9,682.91","4,679,030,000"
"Jun 2, 2020","9,566.53","9,611.22","9,472.08","9,608.38","9,608.38","3,990,080,000"
"Jun 1, 2020","9,471.42","9,571.28","9,462.32","9,552.05","9,552.05","3,847,770,000"
"May 29, 2020","9,382.35","9,505.55","9,324.73","9,489.87","9,489.87","4,742,290,000"
"May 28, 2020","9,392.99","9,523.64","9,345.28","9,368.99","9,368.99","4,113,660,000"
"May 27, 2020","9,346.12","9,414.62","9,144.28","9,412.36","9,412.36","4,489,110,000"
"May 26, 2020","9,501.21","9,501.21","9,333.16","9,340.22","9,340.22","4,448,950,000"
"May 22, 2020","9,278.55","9,328.28","9,239.41","9,324.59","9,324.59","3,668,070,000"
"May 21, 2020","9,375.19","9,405.25","9,254.85","9,284.88","9,284.88","3,745,270,000"
"May 20, 2020","9,305.62","9,392.82","9,304.20","9,375.78","9,375.78","4,315,500,000"
"May 19, 2020","9,227.46","9,317.25","9,183.25","9,185.10","9,185.10","4,193,550,000"
"May 18, 2020","9,177.15","9,267.22","9,154.35","9,234.83","9,234.83","4,341,820,000"
"May 15, 2020","8,839.99","9,018.40","8,821.38","9,014.56","9,014.56","4,240,690,000"
"May 14, 2020","8,788.04","8,945.71","8,705.25","8,943.72","8,943.72","3,965,970,000"
"May 13, 2020","9,006.05","9,074.16","8,752.68","8,863.17","8,863.17","4,273,210,000"
"May 12, 2020","9,225.15","9,250.96","9,000.07","9,002.55","9,002.55","4,336,510,000"
"May 11, 2020","9,054.91","9,241.92","9,053.17","9,192.34","9,192.34","3,925,450,000"
"May 8, 2020","9,056.89","9,125.98","9,018.21","9,121.32","9,121.32","3,813,630,000"
"May 7, 2020","8,973.78","9,015.99","8,932.86","8,979.66","8,979.66","3,787,220,000"
"May 6, 2020","8,874.70","8,933.25","8,819.37","8,854.39","8,854.39","3,656,750,000"
"May 5, 2020","8,809.66","8,909.96","8,781.31","8,809.12","8,809.12","3,933,550,000"
"May 4, 2020","8,555.32","8,715.82","8,537.83","8,710.71","8,710.71","3,443,140,000"
"May 1, 2020","8,681.29","8,754.46","8,566.84","8,604.95","8,604.95","3,741,300,000"
"Apr 30, 2020","8,911.02","8,926.11","8,825.83","8,889.55","8,889.55","4,335,660,000"
"Apr 29, 2020","8,802.70","8,957.27","8,765.01","8,914.71","8,914.71","4,407,140,000"
"Apr 28, 2020","8,825.69","8,830.57","8,600.70","8,607.73","8,607.73","3,730,350,000"
"Apr 27, 2020","8,717.98","8,754.57","8,697.37","8,730.16","8,730.16","3,694,980,000"
"Apr 24, 2020","8,530.08","8,642.93","8,464.42","8,634.52","8,634.52","3,696,020,000"
"Apr 23, 2020","8,528.84","8,635.23","8,475.20","8,494.75","8,494.75","3,759,890,000"
"Apr 22, 2020","8,434.55","8,537.31","8,404.54","8,495.38","8,495.38","3,041,520,000"
"Apr 21, 2020","8,460.69","8,480.29","8,215.69","8,263.23","8,263.23","3,788,180,000"
"Apr 20, 2020","8,553.38","8,684.91","8,553.38","8,560.73","8,560.73","3,827,370,000"
"Apr 17, 2020","8,667.48","8,670.30","8,531.69","8,650.14","8,650.14","4,348,310,000"
"Apr 16, 2020","8,479.11","8,560.16","8,393.27","8,532.36","8,532.36","4,057,800,000"
"Apr 15, 2020","8,355.96","8,464.66","8,308.79","8,393.18","8,393.18","3,347,920,000"
"Apr 14, 2020","8,353.21","8,531.11","8,338.08","8,515.74","8,515.74","3,767,410,000"
"Apr 13, 2020","8,127.69","8,200.44","8,035.95","8,192.42","8,192.42","3,184,660,000"
"Apr 9, 2020","8,169.01","8,227.91","8,072.32","8,153.58","8,153.58","4,145,460,000"
"Apr 8, 2020","7,975.72","8,114.43","7,901.94","8,090.90","8,090.90","3,487,440,000"
"Apr 7, 2020","8,129.99","8,146.43","7,881.22","7,887.26","7,887.26","4,085,960,000"
"Apr 6, 2020","7,660.17","7,938.33","7,617.79","7,913.24","7,913.24","3,849,130,000"
"Apr 3, 2020","7,477.27","7,518.72","7,288.11","7,373.08","7,373.08","3,294,260,000"
"Apr 2, 2020","7,317.45","7,501.70","7,307.95","7,487.31","7,487.31","3,622,170,000"
"Apr 1, 2020","7,459.50","7,566.37","7,301.98","7,360.58","7,360.58","3,700,040,000"
"Mar 31, 2020","7,740.06","7,880.31","7,642.86","7,700.10","7,700.10","4,078,960,000"
"Mar 30, 2020","7,583.46","7,784.35","7,539.97","7,774.15","7,774.15","3,870,770,000"
"Mar 27, 2020","7,554.25","7,716.24","7,491.14","7,502.38","7,502.38","3,989,120,000"
"Mar 26, 2020","7,462.21","7,809.83","7,462.21","7,797.54","7,797.54","4,014,670,000"
"Mar 25, 2020","7,421.36","7,671.21","7,276.40","7,384.30","7,384.30","4,683,630,000"
"Mar 24, 2020","7,196.15","7,418.37","7,169.86","7,417.86","7,417.86","4,441,080,000"
"Mar 23, 2020","6,847.28","6,984.94","6,631.42","6,860.67","6,860.67","4,348,410,000"
"Mar 20, 2020","7,248.07","7,354.44","6,854.67","6,879.52","6,879.52","5,260,300,000"
"Mar 19, 2020","6,996.45","7,341.38","6,858.38","7,150.58","7,150.58","4,778,490,000"
"Mar 18, 2020","6,902.32","7,182.83","6,686.36","6,989.84","6,989.84","4,935,000,000"
"Mar 17, 2020","7,072.00","7,406.23","6,828.91","7,334.78","7,334.78","4,920,210,000"
"Mar 16, 2020","7,392.73","7,422.20","6,882.86","6,904.59","6,904.59","4,618,120,000"
"Mar 13, 2020","7,610.39","7,875.93","7,219.09","7,874.88","7,874.88","4,701,070,000"
"Mar 12, 2020","7,398.58","7,712.33","7,194.67","7,201.80","7,201.80","5,099,350,000"
"Mar 11, 2020","8,136.25","8,181.36","7,850.95","7,952.05","7,952.05","4,302,610,000"
"Mar 10, 2020","8,219.76","8,347.40","7,930.43","8,344.25","8,344.25","4,447,260,000"
"Mar 9, 2020","7,957.93","8,243.31","7,943.16","7,950.68","7,950.68","4,554,110,000"
"Mar 6, 2020","8,469.02","8,612.36","8,375.13","8,575.62","8,575.62","4,292,730,000"
"Mar 5, 2020","8,790.09","8,921.08","8,677.39","8,738.59","8,738.59","3,763,860,000"
"Mar 4, 2020","8,834.10","9,019.96","8,757.66","9,018.09","9,018.09","3,634,760,000"
"Mar 3, 2020","8,965.10","9,070.32","8,602.89","8,684.09","8,684.09","4,336,700,000"
"Mar 2, 2020","8,667.14","8,952.81","8,543.35","8,952.17","8,952.17","4,249,020,000"
"Feb 28, 2020","8,269.74","8,591.82","8,264.16","8,567.37","8,567.37","5,320,020,000"
"Feb 27, 2020","8,744.03","8,904.11","8,562.05","8,566.48","8,566.48","4,559,900,000"
"Feb 26, 2020","9,011.55","9,148.32","8,927.80","8,980.78","8,980.78","3,587,950,000"
"Feb 25, 2020","9,301.20","9,315.26","8,940.49","8,965.61","8,965.61","3,595,520,000"
"Feb 24, 2020","9,188.44","9,322.88","9,166.01","9,221.28","9,221.28","3,188,590,000"
"Feb 21, 2020","9,708.01","9,715.95","9,542.33","9,576.59","9,576.59","2,750,160,000"
"Feb 20, 2020","9,799.20","9,820.86","9,636.94","9,750.97","9,750.97","2,745,730,000"
"Feb 19, 2020","9,782.81","9,838.37","9,777.10","9,817.18","9,817.18","2,470,860,000"
"Feb 18, 2020","9,679.04","9,747.68","9,675.80","9,732.74","9,732.74","2,279,420,000"
"Feb 14, 2020","9,728.90","9,746.36","9,693.05","9,731.18","9,731.18","2,226,720,000"
"Feb 13, 2020","9,657.04","9,748.32","9,650.02","9,711.97","9,711.97","2,254,870,000"
"Feb 12, 2020","9,688.60","9,728.77","9,666.69","9,725.96","9,725.96","2,366,510,000"
"Feb 11, 2020","9,680.89","9,714.74","9,617.21","9,638.94","9,638.94","2,450,070,000"
"Feb 10, 2020","9,493.63","9,628.66","9,493.63","9,628.39","9,628.39","2,187,520,000"
"Feb 7, 2020","9,526.64","9,570.09","9,496.53","9,520.51","9,520.51","2,243,720,000"
"Feb 6, 2020","9,540.98","9,575.66","9,505.68","9,572.15","9,572.15","2,313,860,000"
"Feb 5, 2020","9,574.10","9,574.94","9,454.93","9,508.68","9,508.68","2,470,240,000"
"Feb 4, 2020","9,398.39","9,485.38","9,374.05","9,467.97","9,467.97","2,447,340,000"
"Feb 3, 2020","9,190.72","9,299.85","9,188.55","9,273.40","9,273.40","2,427,320,000"
"Jan 31, 2020","9,324.33","9,324.80","9,123.22","9,150.94","9,150.94","2,696,090,000"
"Jan 30, 2020","9,211.15","9,303.00","9,185.18","9,298.93","9,298.93","2,345,370,000"
"Jan 29, 2020","9,318.26","9,329.12","9,249.04","9,275.16","9,275.16","2,234,620,000"
"Jan 28, 2020","9,201.82","9,288.87","9,182.33","9,269.68","9,269.68","2,169,020,000"
"Jan 27, 2020","9,092.46","9,185.45","9,088.04","9,139.31","9,139.31","2,593,910,000"
"Jan 24, 2020","9,446.21","9,451.43","9,273.23","9,314.91","9,314.91","2,622,970,000"
"Jan 23, 2020","9,377.72","9,409.20","9,334.13","9,402.48","9,402.48","2,465,850,000"
"Jan 22, 2020","9,413.61","9,439.29","9,375.13","9,383.77","9,383.77","2,454,580,000"
"Jan 21, 2020","9,361.07","9,397.58","9,350.20","9,370.81","9,370.81","2,686,610,000"
"Jan 17, 2020","9,392.37","9,393.48","9,346.81","9,388.94","9,388.94","2,542,540,000"
"Jan 16, 2020","9,313.45","9,357.92","9,301.32","9,357.13","9,357.13","2,312,110,000"
"Jan 15, 2020","9,253.76","9,298.82","9,231.14","9,258.70","9,258.70","2,443,220,000"
"Jan 14, 2020","9,270.61","9,298.33","9,226.49","9,251.33","9,251.33","2,553,160,000"
"Jan 13, 2020","9,213.72","9,274.49","9,193.06","9,273.93","9,273.93","2,536,820,000"
"Jan 10, 2020","9,232.95","9,235.20","9,164.66","9,178.86","9,178.86","2,382,900,000"
"Jan 9, 2020","9,202.27","9,215.95","9,158.50","9,203.43","9,203.43","2,540,960,000"
"Jan 8, 2020","9,068.03","9,168.89","9,059.38","9,129.24","9,129.24","2,472,620,000"
"Jan 7, 2020","9,076.64","9,091.93","9,042.55","9,068.58","9,068.58","2,381,740,000"
"Jan 6, 2020","8,943.50","9,072.41","8,943.50","9,071.47","9,071.47","2,810,450,000"
"Jan 3, 2020","8,976.43","9,065.76","8,976.43","9,020.77","9,020.77","2,586,520,000"
"Jan 2, 2020","9,039.46","9,093.43","9,010.89","9,092.19","9,092.19","2,862,700,000"
"Dec 31, 2019","8,918.74","8,975.36","8,912.77","8,972.60","8,972.60","2,186,830,000"
"Dec 30, 2019","9,004.45","9,006.36","8,909.19","8,945.99","8,945.99","2,051,320,000"
"Dec 27, 2019","9,049.47","9,052.00","8,987.32","9,006.62","9,006.62","1,833,740,000"
"Dec 26, 2019","8,970.21","9,022.46","8,968.46","9,022.39","9,022.39","1,639,960,000"
"Dec 24, 2019","8,955.01","8,957.12","8,934.36","8,952.88","8,952.88","1,014,530,000"
"Dec 23, 2019","8,950.20","8,956.64","8,934.55","8,945.65","8,945.65","2,028,670,000"
"Dec 20, 2019","8,911.84","8,931.91","8,901.87","8,924.96","8,924.96","3,830,200,000"
"Dec 19, 2019","8,838.97","8,888.13","8,838.97","8,887.22","8,887.22","2,446,890,000"
"Dec 18, 2019","8,834.65","8,848.76","8,820.42","8,827.74","8,827.74","2,742,330,000"
"Dec 17, 2019","8,829.47","8,831.99","8,804.60","8,823.36","8,823.36","2,382,450,000"
"Dec 16, 2019","8,791.31","8,833.45","8,789.77","8,814.23","8,814.23","2,368,050,000"
"Dec 13, 2019","8,713.91","8,768.87","8,697.58","8,734.88","8,734.88","2,219,630,000"
"Dec 12, 2019","8,645.36","8,745.82","8,633.60","8,717.32","8,717.32","2,396,400,000"
"Dec 11, 2019","8,631.12","8,658.48","8,622.36","8,654.05","8,654.05","1,982,080,000"
"Dec 10, 2019","8,623.56","8,650.76","8,600.82","8,616.18","8,616.18","2,058,760,000"
"Dec 9, 2019","8,650.86","8,678.85","8,619.77","8,621.83","8,621.83","2,123,870,000"
"Dec 6, 2019","8,634.25","8,665.44","8,630.58","8,656.53","8,656.53","2,057,020,000"
"Dec 5, 2019","8,587.93","8,588.89","8,541.92","8,570.70","8,570.70","2,133,380,000"
"Dec 4, 2019","8,557.45","8,584.88","8,552.38","8,566.67","8,566.67","2,158,870,000"
"Dec 3, 2019","8,460.72","8,523.98","8,435.40","8,520.64","8,520.64","2,318,760,000"
"Dec 2, 2019","8,672.84","8,672.84","8,540.16","8,567.99","8,567.99","2,240,300,000"
"Nov 29, 2019","8,682.01","8,697.32","8,664.04","8,665.47","8,665.47","1,099,090,000"
"Nov 27, 2019","8,669.59","8,705.91","8,662.58","8,705.18","8,705.18","1,748,520,000"
"Nov 26, 2019","8,635.40","8,659.73","8,625.62","8,647.93","8,647.93","2,439,370,000"
"Nov 25, 2019","8,559.65","8,633.15","8,559.65","8,632.49","8,632.49","2,262,750,000"
"Nov 22, 2019","8,530.54","8,535.46","8,477.49","8,519.88","8,519.88","1,885,730,000"
"Nov 21, 2019","8,527.87","8,530.73","8,487.29","8,506.21","8,506.21","2,073,720,000"
"Nov 20, 2019","8,543.57","8,578.27","8,468.63","8,526.73","8,526.73","2,608,780,000"
"Nov 19, 2019","8,578.02","8,589.76","8,536.73","8,570.66","8,570.66","2,094,030,000"
"Nov 18, 2019","8,529.16","8,559.78","8,503.62","8,549.94","8,549.94","2,053,260,000"
"Nov 15, 2019","8,524.48","8,540.83","8,506.80","8,540.83","8,540.83","2,199,480,000"
"Nov 14, 2019","8,461.06","8,485.36","8,441.58","8,479.02","8,479.02","2,113,840,000"
"Nov 13, 2019","8,455.02","8,496.90","8,451.34","8,482.10","8,482.10","2,180,010,000"
"Nov 12, 2019","8,471.07","8,514.84","8,462.99","8,486.09","8,486.09","2,001,440,000"
"Nov 11, 2019","8,431.26","8,467.29","8,425.48","8,464.28","8,464.28","1,719,300,000"
"Nov 8, 2019","8,422.67","8,475.57","8,405.89","8,475.31","8,475.31","1,982,140,000"
"Nov 7, 2019","8,455.11","8,483.16","8,415.87","8,434.52","8,434.52","2,403,680,000"
"Nov 6, 2019","8,426.57","8,426.57","8,379.33","8,410.63","8,410.63","2,342,570,000"
"Nov 5, 2019","8,446.62","8,457.39","8,421.05","8,434.68","8,434.68","2,327,420,000"
"Nov 4, 2019","8,445.50","8,451.37","8,421.30","8,433.20","8,433.20","2,166,830,000"
"Nov 1, 2019","8,335.05","8,386.75","8,326.56","8,386.40","8,386.40","2,071,350,000"
"Oct 31, 2019","8,314.38","8,321.80","8,248.81","8,292.36","8,292.36","2,276,140,000"
"Oct 30, 2019","8,284.28","8,315.50","8,241.70","8,303.98","8,303.98","1,936,060,000"
"Oct 29, 2019","8,313.35","8,319.29","8,275.14","8,276.85","8,276.85","1,842,720,000"
"Oct 28, 2019","8,285.77","8,335.56","8,285.27","8,325.99","8,325.99","1,959,920,000"
"Oct 25, 2019","8,150.59","8,249.97","8,150.59","8,243.12","8,243.12","1,911,580,000"
"Oct 24, 2019","8,180.04","8,187.84","8,137.66","8,185.80","8,185.80","1,893,620,000"
"Oct 23, 2019","8,090.24","8,122.88","8,078.35","8,119.79","8,119.79","1,822,180,000"
"Oct 22, 2019","8,188.12","8,194.62","8,101.98","8,104.30","8,104.30","1,850,870,000"
"Oct 21, 2019","8,137.42","8,164.14","8,117.26","8,162.99","8,162.99","1,756,640,000"
"Oct 18, 2019","8,149.85","8,157.36","8,045.37","8,089.54","8,089.54","2,020,020,000"
"Oct 17, 2019","8,176.91","8,183.64","8,131.25","8,156.85","8,156.85","1,864,020,000"
"Oct 16, 2019","8,119.81","8,146.15","8,103.38","8,124.18","8,124.18","1,900,010,000"
"Oct 15, 2019","8,074.85","8,166.18","8,071.81","8,148.71","8,148.71","1,841,660,000"
"Oct 14, 2019","8,044.35","8,069.85","8,036.41","8,048.65","8,048.65","1,423,700,000"
"Oct 11, 2019","8,047.34","8,115.80","8,046.80","8,057.04","8,057.04","2,184,790,000"
"Oct 10, 2019","7,904.56","7,982.84","7,899.81","7,950.78","7,950.78","1,793,470,000"
"Oct 9, 2019","7,895.96","7,930.92","7,873.52","7,903.74","7,903.74","1,563,500,000"
"Oct 8, 2019","7,898.27","7,921.88","7,823.73","7,823.78","7,823.78","1,943,700,000"
"Oct 7, 2019","7,956.41","8,013.31","7,942.08","7,956.29","7,956.29","1,759,580,000"
"Oct 4, 2019","7,908.44","7,986.62","7,899.39","7,982.47","7,982.47","1,748,000,000"
"Oct 3, 2019","7,787.02","7,872.26","7,700.00","7,872.26","7,872.26","2,157,220,000"
"Oct 2, 2019","7,851.13","7,852.70","7,744.96","7,785.25","7,785.25","2,503,630,000"
"Oct 1, 2019","8,026.83","8,062.50","7,906.29","7,908.68","7,908.68","2,250,500,000"
"Sep 30, 2019","7,964.09","8,012.16","7,949.63","7,999.34","7,999.34","1,809,050,000"
"Sep 27, 2019","8,047.11","8,051.83","7,890.28","7,939.63","7,939.63","2,041,250,000"
"Sep 26, 2019","8,070.12","8,072.11","7,991.02","8,030.66","8,030.66","1,886,310,000"
"Sep 25, 2019","7,990.66","8,095.00","7,935.57","8,077.38","8,077.38","2,022,080,000"
"Sep 24, 2019","8,147.23","8,158.83","7,969.65","7,993.63","7,993.63","2,310,940,000"
"Sep 23, 2019","8,106.49","8,135.81","8,085.34","8,112.46","8,112.46","1,781,750,000"
"Sep 20, 2019","8,184.88","8,202.82","8,086.16","8,117.67","8,117.67","3,363,230,000"
"Sep 19, 2019","8,193.59","8,237.43","8,174.32","8,182.88","8,182.88","1,818,430,000"
"Sep 18, 2019","8,174.62","8,179.87","8,086.22","8,177.39","8,177.39","2,045,590,000"
"Sep 17, 2019","8,148.65","8,188.23","8,139.82","8,186.02","8,186.02","1,857,350,000"
"Sep 16, 2019","8,121.64","8,165.33","8,121.25","8,153.54","8,153.54","1,876,540,000"
"Sep 13, 2019","8,190.57","8,210.20","8,165.47","8,176.71","8,176.71","1,984,570,000"
"Sep 12, 2019","8,206.58","8,243.80","8,176.73","8,194.47","8,194.47","2,228,100,000"
"Sep 11, 2019","8,091.68","8,169.68","8,081.56","8,169.68","8,169.68","2,322,610,000"
"Sep 10, 2019","8,049.98","8,086.53","8,001.68","8,084.16","8,084.16","2,366,080,000"
"Sep 9, 2019","8,130.91","8,131.66","8,052.34","8,087.44","8,087.44","2,186,660,000"
"Sep 6, 2019","8,125.58","8,134.39","8,098.52","8,103.07","8,103.07","1,878,730,000"
"Sep 5, 2019","8,061.29","8,134.42","8,061.29","8,116.83","8,116.83","2,108,700,000"
"Sep 4, 2019","7,949.81","7,981.41","7,928.94","7,976.88","7,976.88","1,893,740,000"
"Sep 3, 2019","7,906.44","7,940.37","7,847.32","7,874.16","7,874.16","1,938,780,000"
"Aug 30, 2019","8,015.16","8,017.91","7,914.74","7,962.88","7,962.88","1,668,110,000"
"Aug 29, 2019","7,945.78","7,992.29","7,925.83","7,973.39","7,973.39","1,703,760,000"
"Aug 28, 2019","7,798.35","7,866.87","7,766.67","7,856.88","7,856.88","1,663,450,000"
"Aug 27, 2019","7,908.78","7,916.83","7,795.18","7,826.95","7,826.95","1,914,930,000"
"Aug 26, 2019","7,829.58","7,856.04","7,789.05","7,853.74","7,853.74","1,691,990,000"
"Aug 23, 2019","7,943.65","8,005.34","7,730.77","7,751.77","7,751.77","2,214,370,000"
"Aug 22, 2019","8,038.79","8,048.58","7,937.12","7,991.39","7,991.39","1,780,760,000"
"Aug 21, 2019","8,017.07","8,036.94","7,998.50","8,020.21","8,020.21","1,721,410,000"
"Aug 20, 2019","7,989.36","8,010.58","7,948.09","7,948.56","7,948.56","1,750,730,000"
"Aug 19, 2019","8,006.18","8,026.75","7,895.99","8,002.81","8,002.81","1,946,440,000"
"Aug 16, 2019","7,828.35","7,907.52","7,828.35","7,895.99","7,895.99","2,018,710,000"
"Aug 15, 2019","7,790.20","7,805.93","7,716.55","7,766.62","7,766.62","2,190,810,000"
"Aug 14, 2019","7,877.33","7,900.28","7,762.87","7,773.94","7,773.94","2,543,670,000"
"Aug 13, 2019","7,852.37","8,065.24","7,851.58","8,016.36","8,016.36","2,353,570,000"
"Aug 12, 2019","7,907.49","7,924.99","7,833.79","7,863.41","7,863.41","2,068,920,000"
"Aug 9, 2019","7,997.19","8,020.56","7,910.35","7,959.14","7,959.14","2,221,180,000"
"Aug 8, 2019","7,921.59","8,041.12","7,896.15","8,039.16","8,039.16","2,442,950,000"
"Aug 7, 2019","7,747.27","7,881.38","7,702.42","7,862.83","7,862.83","2,470,170,000"
"Aug 6, 2019","7,804.51","7,845.01","7,739.57","7,833.27","7,833.27","2,217,620,000"
"Aug 5, 2019","7,823.33","7,836.45","7,662.90","7,726.04","7,726.04","2,661,780,000"
"Aug 2, 2019","8,056.42","8,068.80","7,953.67","8,004.07","8,004.07","2,262,550,000"
"Aug 1, 2019","8,190.56","8,311.04","8,080.52","8,111.12","8,111.12","2,815,420,000"
"Jul 31, 2019","8,290.80","8,299.83","8,110.02","8,175.42","8,175.42","2,679,230,000"
"Jul 30, 2019","8,231.77","8,295.46","8,228.02","8,273.61","8,273.61","1,893,610,000"
"Jul 29, 2019","8,325.10","8,325.28","8,247.37","8,293.33","8,293.33","1,882,980,000"
"Jul 26, 2019","8,294.30","8,339.64","8,291.12","8,330.21","8,330.21","1,975,110,000"
"Jul 25, 2019","8,294.68","8,295.95","8,233.40","8,238.54","8,238.54","2,058,090,000"
"Jul 24, 2019","8,227.36","8,321.81","8,226.50","8,321.50","8,321.50","1,953,670,000"
"Jul 23, 2019","8,242.50","8,251.83","8,193.89","8,251.40","8,251.40","1,845,050,000"
"Jul 22, 2019","8,171.99","8,218.42","8,171.54","8,204.14","8,204.14","1,860,440,000"
"Jul 19, 2019","8,241.34","8,245.78","8,144.63","8,146.49","8,146.49","1,893,050,000"
"Jul 18, 2019","8,151.76","8,215.58","8,135.12","8,207.24","8,207.24","2,063,790,000"
"Jul 17, 2019","8,224.00","8,230.67","8,184.66","8,185.21","8,185.21","1,887,120,000"
"Jul 16, 2019","8,251.66","8,259.75","8,204.23","8,222.80","8,222.80","1,947,010,000"
"Jul 15, 2019","8,263.18","8,264.78","8,236.27","8,258.19","8,258.19","1,790,770,000"
"Jul 12, 2019","8,209.20","8,245.66","8,201.52","8,244.14","8,244.14","1,835,960,000"
"Jul 11, 2019","8,219.28","8,226.18","8,171.63","8,196.04","8,196.04","1,970,690,000"
"Jul 10, 2019","8,183.19","8,228.60","8,160.56","8,202.53","8,202.53","2,066,640,000"
"Jul 9, 2019","8,061.41","8,146.98","8,061.32","8,141.73","8,141.73","1,871,430,000"
"Jul 8, 2019","8,112.91","8,161.79","8,078.39","8,098.38","8,098.38","1,957,160,000"
"Jul 5, 2019","8,123.28","8,171.97","8,093.66","8,161.79","8,161.79","1,690,700,000"
"Jul 3, 2019","8,129.57","8,170.23","8,122.34","8,170.23","8,170.23","1,548,240,000"
"Jul 2, 2019","8,086.65","8,109.37","8,063.11","8,109.09","8,109.09","1,956,590,000"
"Jul 1, 2019","8,145.85","8,150.45","8,059.29","8,091.16","8,091.16","2,219,030,000"
"Jun 28, 2019","7,988.76","8,010.15","7,961.46","8,006.24","8,006.24","4,101,490,000"
"Jun 27, 2019","7,939.36","7,976.58","7,935.47","7,967.76","7,967.76","2,083,920,000"
"Jun 26, 2019","7,933.92","7,974.28","7,903.07","7,909.97","7,909.97","2,122,730,000"
"Jun 25, 2019","8,005.27","8,007.31","7,879.15","7,884.72","7,884.72","2,132,550,000"
"Jun 24, 2019","8,040.58","8,047.56","8,004.63","8,005.70","8,005.70","2,073,470,000"
"Jun 21, 2019","8,028.69","8,073.02","8,011.20","8,031.71","8,031.71","2,909,540,000"
"Jun 20, 2019","8,087.45","8,088.88","7,996.87","8,051.34","8,051.34","2,108,250,000"
"Jun 19, 2019","7,970.26","7,998.59","7,930.38","7,987.32","7,987.32","2,027,520,000"
"Jun 18, 2019","7,920.98","8,005.21","7,911.67","7,953.88","7,953.88","2,250,550,000"
"Jun 17, 2019","7,819.43","7,865.98","7,812.61","7,845.02","7,845.02","1,950,550,000"
"Jun 14, 2019","7,807.19","7,819.21","7,778.12","7,796.66","7,796.66","1,808,370,000"
"Jun 13, 2019","7,822.56","7,848.36","7,813.60","7,837.13","7,837.13","1,848,360,000"
"Jun 12, 2019","7,803.13","7,819.16","7,773.97","7,792.72","7,792.72","1,978,930,000"
"Jun 11, 2019","7,901.04","7,909.99","7,798.63","7,822.57","7,822.57","2,121,150,000"
"Jun 10, 2019","7,798.87","7,895.44","7,795.76","7,823.17","7,823.17","2,042,340,000"
"Jun 7, 2019","7,652.97","7,767.02","7,647.91","7,742.10","7,742.10","2,074,120,000"
"Jun 6, 2019","7,582.24","7,634.12","7,546.22","7,615.55","7,615.55","2,093,470,000"
"Jun 5, 2019","7,585.68","7,589.47","7,498.17","7,575.48","7,575.48","2,139,290,000"
"Jun 4, 2019","7,413.94","7,529.50","7,385.02","7,527.12","7,527.12","2,374,130,000"
"Jun 3, 2019","7,441.21","7,457.66","7,292.22","7,333.02","7,333.02","2,580,670,000"
"May 31, 2019","7,470.95","7,506.86","7,448.23","7,453.15","7,453.15","2,239,420,000"
"May 30, 2019","7,565.46","7,595.90","7,527.66","7,567.72","7,567.72","1,875,180,000"
"May 29, 2019","7,553.02","7,581.11","7,503.94","7,547.31","7,547.31","2,282,120,000"
"May 28, 2019","7,655.66","7,693.74","7,603.76","7,607.35","7,607.35","2,378,470,000"
"May 24, 2019","7,675.57","7,694.15","7,631.25","7,637.01","7,637.01","1,685,230,000"
"May 23, 2019","7,660.72","7,665.15","7,585.32","7,628.28","7,628.28","2,270,530,000"
"May 22, 2019","7,749.80","7,786.33","7,738.35","7,750.84","7,750.84","1,884,660,000"
"May 21, 2019","7,765.57","7,804.44","7,752.92","7,785.72","7,785.72","2,000,130,000"
"May 20, 2019","7,714.06","7,747.27","7,678.35","7,702.38","7,702.38","2,130,700,000"
"May 17, 2019","7,829.03","7,918.71","7,810.35","7,816.28","7,816.28","2,176,380,000"
"May 16, 2019","7,832.58","7,946.23","7,826.67","7,898.05","7,898.05","2,168,720,000"
"May 15, 2019","7,682.80","7,838.72","7,682.24","7,822.15","7,822.15","2,014,080,000"
"May 14, 2019","7,689.66","7,776.20","7,665.30","7,734.49","7,734.49","2,103,140,000"
"May 13, 2019","7,720.07","7,760.83","7,627.22","7,647.02","7,647.02","2,484,820,000"
"May 10, 2019","7,881.31","7,949.34","7,759.34","7,916.94","7,916.94","2,421,470,000"
"May 9, 2019","7,853.21","7,929.78","7,796.16","7,910.59","7,910.59","2,549,500,000"
"May 8, 2019","7,946.24","8,004.49","7,923.35","7,943.32","7,943.32","2,214,680,000"
"May 7, 2019","8,043.52","8,070.97","7,899.02","7,963.76","7,963.76","2,397,600,000"
"May 6, 2019","7,981.85","8,135.54","7,981.85","8,123.29","8,123.29","1,979,650,000"
"May 3, 2019","8,092.88","8,164.71","8,084.80","8,164.00","8,164.00","2,081,080,000"
"May 2, 2019","8,046.48","8,094.06","7,976.77","8,036.77","8,036.77","2,211,530,000"
"May 1, 2019","8,132.93","8,146.00","8,048.23","8,049.64","8,049.64","2,273,540,000"
"Apr 30, 2019","8,104.91","8,124.61","8,050.55","8,095.39","8,095.39","2,131,850,000"
"Apr 29, 2019","8,147.65","8,176.08","8,136.41","8,161.85","8,161.85","1,781,860,000"
"Apr 26, 2019","8,100.28","8,146.42","8,060.89","8,146.40","8,146.40","1,982,560,000"
"Apr 25, 2019","8,150.85","8,151.84","8,075.41","8,118.68","8,118.68","2,073,370,000"
"Apr 24, 2019","8,122.88","8,139.55","8,101.70","8,102.01","8,102.01","2,043,310,000"
"Apr 23, 2019","8,026.75","8,128.87","8,023.81","8,120.82","8,120.82","2,099,410,000"
"Apr 22, 2019","7,969.37","8,017.15","7,965.90","8,015.27","8,015.27","1,790,990,000"
"Apr 18, 2019","7,998.45","8,002.31","7,950.97","7,998.06","7,998.06","2,124,630,000"
"Apr 17, 2019","8,044.97","8,052.40","7,973.38","7,996.08","7,996.08","2,317,330,000"
"Apr 16, 2019","8,000.57","8,017.56","7,978.81","8,000.23","8,000.23","2,102,740,000"
"Apr 15, 2019","7,987.16","7,993.33","7,933.57","7,976.01","7,976.01","1,827,710,000"
"Apr 12, 2019","7,984.15","7,992.09","7,952.61","7,984.16","7,984.16","1,968,900,000"
"Apr 11, 2019","7,975.20","7,975.20","7,933.41","7,947.36","7,947.36","1,969,480,000"
"Apr 10, 2019","7,922.73","7,965.33","7,916.90","7,964.24","7,964.24","2,012,290,000"
"Apr 9, 2019","7,924.77","7,945.55","7,897.61","7,909.28","7,909.28","2,078,800,000"
"Apr 8, 2019","7,924.89","7,955.90","7,891.85","7,953.88","7,953.88","2,075,550,000"
"Apr 5, 2019","7,914.51","7,940.45","7,909.14","7,938.69","7,938.69","2,157,050,000"
"Apr 4, 2019","7,894.26","7,917.65","7,844.96","7,891.78","7,891.78","2,152,640,000"
"Apr 3, 2019","7,891.18","7,938.26","7,870.90","7,895.55","7,895.55","2,509,630,000"
"Apr 2, 2019","7,824.61","7,854.92","7,811.28","7,848.69","7,848.69","2,123,250,000"
"Apr 1, 2019","7,800.24","7,831.45","7,777.09","7,828.91","7,828.91","2,230,050,000"
"Mar 29, 2019","7,726.71","7,733.62","7,688.51","7,729.32","7,729.32","2,311,790,000"
"Mar 28, 2019","7,660.07","7,689.16","7,619.82","7,669.17","7,669.17","1,922,150,000"
"Mar 27, 2019","7,702.05","7,712.84","7,582.09","7,643.38","7,643.38","2,244,070,000"
"Mar 26, 2019","7,700.00","7,738.17","7,649.21","7,691.52","7,691.52","2,080,350,000"
"Mar 25, 2019","7,618.98","7,662.38","7,579.29","7,637.54","7,637.54","2,162,490,000"
"Mar 22, 2019","7,800.25","7,817.83","7,642.57","7,642.67","7,642.67","2,504,740,000"
"Mar 21, 2019","7,705.43","7,850.11","7,705.43","7,838.96","7,838.96","2,502,810,000"
"Mar 20, 2019","7,721.95","7,779.24","7,674.04","7,728.97","7,728.97","2,464,230,000"
"Mar 19, 2019","7,747.40","7,767.89","7,699.15","7,723.95","7,723.95","2,457,920,000"
"Mar 18, 2019","7,696.38","7,737.67","7,677.74","7,714.48","7,714.48","2,302,140,000"
"Mar 15, 2019","7,658.41","7,714.96","7,652.04","7,688.53","7,688.53","3,451,860,000"
"Mar 14, 2019","7,644.79","7,653.10","7,627.02","7,630.91","7,630.91","2,198,900,000"
"Mar 13, 2019","7,621.38","7,677.07","7,619.46","7,643.41","7,643.41","2,379,260,000"
"Mar 12, 2019","7,571.85","7,611.13","7,560.46","7,591.03","7,591.03","2,171,620,000"
"Mar 11, 2019","7,442.56","7,558.23","7,442.40","7,558.06","7,558.06","2,248,460,000"
"Mar 8, 2019","7,334.35","7,411.52","7,332.92","7,408.14","7,408.14","2,260,950,000"
"Mar 7, 2019","7,483.79","7,489.08","7,397.19","7,421.46","7,421.46","2,462,690,000"
"Mar 6, 2019","7,575.38","7,579.02","7,499.87","7,505.92","7,505.92","2,256,550,000"
"Mar 5, 2019","7,582.29","7,598.66","7,543.54","7,576.36","7,576.36","2,166,670,000"
"Mar 4, 2019","7,636.62","7,643.66","7,501.56","7,577.57","7,577.57","2,582,090,000"
"Mar 1, 2019","7,587.45","7,603.04","7,540.75","7,595.35","7,595.35","2,490,920,000"
"Feb 28, 2019","7,533.31","7,561.90","7,516.48","7,532.53","7,532.53","2,676,790,000"
"Feb 27, 2019","7,526.42","7,562.29","7,485.39","7,554.51","7,554.51","2,430,790,000"
"Feb 26, 2019","7,535.29","7,573.22","7,524.31","7,549.30","7,549.30","2,305,760,000"
"Feb 25, 2019","7,585.30","7,602.69","7,551.61","7,554.46","7,554.46","2,399,410,000"
"Feb 22, 2019","7,481.63","7,527.54","7,479.01","7,527.54","7,527.54","2,428,560,000"
"Feb 21, 2019","7,475.41","7,485.75","7,430.89","7,459.71","7,459.71","2,144,680,000"
"Feb 20, 2019","7,490.31","7,513.70","7,455.25","7,489.07","7,489.07","2,202,670,000"
"Feb 19, 2019","7,450.75","7,507.79","7,450.27","7,486.77","7,486.77","2,124,140,000"
"Feb 15, 2019","7,468.57","7,477.28","7,440.26","7,472.41","7,472.41","2,263,640,000"
"Feb 14, 2019","7,390.25","7,454.42","7,375.71","7,426.95","7,426.95","2,117,500,000"
"Feb 13, 2019","7,437.46","7,461.66","7,413.84","7,420.38","7,420.38","2,103,840,000"
"Feb 12, 2019","7,358.85","7,419.43","7,349.80","7,414.62","7,414.62","2,140,130,000"
"Feb 11, 2019","7,327.37","7,343.56","7,290.03","7,307.90","7,307.90","1,908,490,000"
"Feb 8, 2019","7,232.30","7,299.44","7,225.14","7,298.20","7,298.20","2,102,520,000"
"Feb 7, 2019","7,316.50","7,336.74","7,235.05","7,288.35","7,288.35","2,310,700,000"
"Feb 6, 2019","7,400.44","7,410.77","7,346.72","7,375.28","7,375.28","2,179,400,000"
"Feb 5, 2019","7,356.34","7,408.68","7,355.36","7,402.08","7,402.08","2,284,960,000"
"Feb 4, 2019","7,266.28","7,348.23","7,261.07","7,347.54","7,347.54","2,106,030,000"
"Feb 1, 2019","7,256.37","7,299.94","7,243.41","7,263.87","7,263.87","2,398,800,000"
"Jan 31, 2019","7,208.17","7,303.12","7,205.95","7,281.74","7,281.74","2,947,490,000"
"Jan 30, 2019","7,094.79","7,201.31","7,065.57","7,183.08","7,183.08","2,569,410,000"
"Jan 29, 2019","7,087.49","7,092.29","7,011.47","7,028.29","7,028.29","2,106,370,000"
"Jan 28, 2019","7,075.01","7,086.30","7,034.25","7,085.68","7,085.68","2,448,790,000"
"Jan 25, 2019","7,128.18","7,174.56","7,111.09","7,164.86","7,164.86","2,446,550,000"
"Jan 24, 2019","7,042.25","7,078.96","7,029.95","7,073.46","7,073.46","2,419,110,000"
"Jan 23, 2019","7,061.65","7,084.85","6,953.23","7,025.77","7,025.77","2,288,090,000"
"Jan 22, 2019","7,109.57","7,110.16","6,979.81","7,020.36","7,020.36","2,397,660,000"
"Jan 18, 2019","7,134.10","7,185.38","7,096.62","7,157.23","7,157.23","2,459,920,000"
"Jan 17, 2019","7,010.13","7,113.95","7,003.62","7,084.46","7,084.46","2,149,280,000"
"Jan 16, 2019","7,033.75","7,079.63","7,028.12","7,034.69","7,034.69","2,163,730,000"
"Jan 15, 2019","6,931.39","7,025.85","6,928.12","7,023.83","7,023.83","2,066,090,000"
"Jan 14, 2019","6,908.03","6,936.22","6,887.48","6,905.92","6,905.92","1,960,780,000"
"Jan 11, 2019","6,947.46","6,975.65","6,933.60","6,971.48","6,971.48","2,074,310,000"
"Jan 10, 2019","6,908.65","6,991.37","6,877.08","6,986.07","6,986.07","2,190,110,000"
"Jan 9, 2019","6,923.06","6,985.22","6,899.56","6,957.08","6,957.08","2,434,500,000"
"Jan 8, 2019","6,893.44","6,909.58","6,795.86","6,897.00","6,897.00","2,407,340,000"
"Jan 7, 2019","6,757.53","6,855.60","6,741.40","6,823.47","6,823.47","2,523,450,000"
"Jan 4, 2019","6,567.14","6,760.69","6,554.24","6,738.86","6,738.86","2,596,150,000"
"Jan 3, 2019","6,584.77","6,600.21","6,457.13","6,463.50","6,463.50","2,631,550,000"
"Jan 2, 2019","6,506.91","6,693.71","6,506.88","6,665.94","6,665.94","2,261,800,000"
"Dec 31, 2018","6,649.52","6,659.96","6,570.06","6,635.28","6,635.28","2,109,320,000"
"Dec 28, 2018","6,616.79","6,684.18","6,529.22","6,584.52","6,584.52","2,216,250,000"
"Dec 27, 2018","6,457.19","6,583.01","6,336.97","6,579.49","6,579.49","2,449,110,000"
"Dec 26, 2018","6,257.86","6,555.53","6,214.34","6,554.36","6,554.36","2,572,890,000"
"Dec 24, 2018","6,278.49","6,355.18","6,190.17","6,192.92","6,192.92","1,647,440,000"
"Dec 21, 2018","6,573.49","6,586.68","6,304.63","6,332.99","6,332.99","4,571,670,000"
"Dec 20, 2018","6,607.76","6,666.20","6,447.91","6,528.41","6,528.41","3,282,440,000"
"Dec 19, 2018","6,777.59","6,868.86","6,586.50","6,636.83","6,636.83","2,919,140,000"
"Dec 18, 2018","6,809.82","6,847.27","6,733.71","6,783.91","6,783.91","2,623,270,000"
"Dec 17, 2018","6,886.46","6,931.81","6,710.01","6,753.73","6,753.73","2,697,400,000"
"Dec 14, 2018","6,986.37","7,027.17","6,898.99","6,910.66","6,910.66","2,218,330,000"
"Dec 13, 2018","7,135.28","7,154.64","7,034.82","7,070.33","7,070.33","2,162,210,000"
"Dec 12, 2018","7,127.00","7,197.29","7,096.56","7,098.31","7,098.31","2,427,080,000"
"Dec 11, 2018","7,121.66","7,129.83","6,983.01","7,031.83","7,031.83","2,286,810,000"
"Dec 10, 2018","6,959.63","7,047.62","6,878.99","7,020.52","7,020.52","2,380,270,000"
"Dec 7, 2018","7,163.49","7,205.37","6,945.27","6,969.25","6,969.25","2,504,680,000"
"Dec 6, 2018","7,017.05","7,189.52","6,984.34","7,188.26","7,188.26","2,857,650,000"
"Dec 4, 2018","7,407.95","7,421.11","7,150.11","7,158.43","7,158.43","2,655,720,000"
"Dec 3, 2018","7,486.13","7,486.51","7,392.22","7,441.51","7,441.51","2,643,150,000"
"Nov 30, 2018","7,279.30","7,332.79","7,255.68","7,330.54","7,330.54","2,547,970,000"
"Nov 29, 2018","7,267.37","7,319.96","7,217.69","7,273.08","7,273.08","2,018,190,000"
"Nov 28, 2018","7,135.08","7,292.71","7,090.98","7,291.59","7,291.59","2,413,120,000"
"Nov 27, 2018","7,041.23","7,105.14","7,014.36","7,082.70","7,082.70","2,076,790,000"
"Nov 26, 2018","7,026.50","7,083.93","7,003.12","7,081.85","7,081.85","2,036,910,000"
"Nov 23, 2018","6,919.52","6,987.89","6,919.16","6,938.98","6,938.98","958,950,000"
"Nov 21, 2018","6,985.51","7,029.93","6,951.62","6,972.25","6,972.25","1,867,840,000"
"Nov 20, 2018","6,867.43","6,994.75","6,830.76","6,908.82","6,908.82","2,672,250,000"
"Nov 19, 2018","7,217.24","7,224.12","7,011.40","7,028.48","7,028.48","2,381,430,000"
"Nov 16, 2018","7,193.60","7,274.86","7,171.70","7,247.87","7,247.87","2,466,980,000"
"Nov 15, 2018","7,112.83","7,274.26","7,072.36","7,259.03","7,259.03","2,523,500,000"
"Nov 14, 2018","7,265.39","7,285.57","7,101.17","7,136.39","7,136.39","2,566,210,000"
"Nov 13, 2018","7,230.69","7,319.12","7,182.86","7,200.87","7,200.87","2,361,240,000"
"Nov 12, 2018","7,364.05","7,371.09","7,193.77","7,200.87","7,200.87","2,305,340,000"
"Nov 9, 2018","7,468.51","7,474.34","7,349.48","7,406.90","7,406.90","2,426,750,000"
"Nov 8, 2018","7,544.17","7,566.93","7,499.71","7,530.88","7,530.88","2,475,160,000"
"Nov 7, 2018","7,446.09","7,572.93","7,435.87","7,570.75","7,570.75","2,687,410,000"
"Nov 6, 2018","7,326.07","7,400.64","7,320.89","7,375.96","7,375.96","2,300,920,000"
"Nov 5, 2018","7,344.08","7,349.23","7,255.88","7,328.85","7,328.85","2,186,310,000"
"Nov 2, 2018","7,424.02","7,466.53","7,298.68","7,356.99","7,356.99","2,899,670,000"
"Nov 1, 2018","7,327.82","7,435.88","7,286.50","7,434.06","7,434.06","2,728,760,000"
"Oct 31, 2018","7,276.62","7,368.49","7,270.63","7,305.90","7,305.90","2,918,880,000"
"Oct 30, 2018","7,017.87","7,166.84","7,001.48","7,161.65","7,161.65","2,699,220,000"
"Oct 29, 2018","7,272.42","7,295.61","6,922.83","7,050.29","7,050.29","2,711,900,000"
"Oct 26, 2018","7,125.18","7,283.32","7,057.00","7,167.21","7,167.21","2,971,530,000"
"Oct 25, 2018","7,197.49","7,364.82","7,178.54","7,318.34","7,318.34","2,788,090,000"
"Oct 24, 2018","7,423.21","7,435.69","7,099.00","7,108.40","7,108.40","2,959,560,000"
"Oct 23, 2018","7,328.55","7,472.58","7,260.13","7,437.54","7,437.54","2,752,010,000"
"Oct 22, 2018","7,486.74","7,520.54","7,424.74","7,468.63","7,468.63","2,301,010,000"
"Oct 19, 2018","7,530.16","7,582.89","7,428.30","7,449.03","7,449.03","2,547,790,000"
"Oct 18, 2018","7,616.47","7,616.86","7,452.46","7,485.14","7,485.14","2,567,980,000"
"Oct 17, 2018","7,669.26","7,670.49","7,563.09","7,642.70","7,642.70","2,385,070,000"
"Oct 16, 2018","7,501.78","7,658.14","7,493.44","7,645.49","7,645.49","2,639,760,000"
"Oct 15, 2018","7,473.33","7,500.93","7,400.07","7,430.74","7,430.74","2,167,000,000"
"Oct 12, 2018","7,507.84","7,516.69","7,368.33","7,496.89","7,496.89","2,674,210,000"
"Oct 11, 2018","7,388.07","7,493.21","7,274.04","7,329.06","7,329.06","3,154,520,000"
"Oct 10, 2018","7,694.08","7,701.20","7,420.56","7,422.05","7,422.05","3,111,680,000"
"Oct 9, 2018","7,728.51","7,799.75","7,718.95","7,738.02","7,738.02","2,466,440,000"
"Oct 8, 2018","7,747.10","7,797.32","7,654.84","7,735.95","7,735.95","2,259,300,000"
"Oct 5, 2018","7,874.76","7,902.67","7,715.97","7,788.45","7,788.45","2,699,370,000"
"Oct 4, 2018","7,993.33","7,997.17","7,833.16","7,879.51","7,879.51","3,302,690,000"
"Oct 3, 2018","8,034.65","8,053.93","8,012.03","8,025.09","8,025.09","3,095,630,000"
"Oct 2, 2018","8,024.47","8,054.15","7,983.99","7,999.55","7,999.55","2,416,800,000"
"Oct 1, 2018","8,091.50","8,107.38","8,019.77","8,037.30","8,037.30","2,299,520,000"
"Sep 28, 2018","8,024.50","8,065.06","8,015.87","8,046.35","8,046.35","2,342,120,000"
"Sep 27, 2018","8,021.22","8,071.56","8,017.91","8,041.97","8,041.97","2,073,930,000"
"Sep 26, 2018","8,011.68","8,067.03","7,982.76","7,990.37","7,990.37","2,342,370,000"
"Sep 25, 2018","8,001.59","8,014.12","7,979.29","8,007.47","8,007.47","2,328,660,000"
"Sep 24, 2018","7,939.38","7,997.90","7,912.47","7,993.25","7,993.25","2,433,260,000"
"Sep 21, 2018","8,041.69","8,057.26","7,979.67","7,986.96","7,986.96","3,729,890,000"
"Sep 20, 2018","7,993.53","8,039.06","7,986.41","8,028.23","8,028.23","2,306,580,000"
"Sep 19, 2018","7,962.55","7,976.12","7,917.73","7,950.04","7,950.04","2,167,720,000"
"Sep 18, 2018","7,903.57","7,986.10","7,901.01","7,956.11","7,956.11","2,328,260,000"
"Sep 17, 2018","7,992.21","8,002.78","7,890.07","7,895.79","7,895.79","2,303,600,000"
"Sep 14, 2018","8,026.16","8,040.83","7,979.78","8,010.04","8,010.04","2,069,380,000"
"Sep 13, 2018","7,999.93","8,037.51","7,989.85","8,013.71","8,013.71","2,332,930,000"
"Sep 12, 2018","7,958.87","7,965.39","7,884.05","7,954.23","7,954.23","2,372,320,000"
"Sep 11, 2018","7,894.87","7,986.32","7,880.92","7,972.47","7,972.47","2,345,080,000"
"Sep 10, 2018","7,939.57","7,945.03","7,890.39","7,924.16","7,924.16","2,055,430,000"
"Sep 7, 2018","7,878.79","7,962.53","7,873.93","7,902.54","7,902.54","2,158,930,000"
"Sep 6, 2018","7,998.27","8,001.97","7,885.49","7,922.73","7,922.73","2,375,380,000"
"Sep 5, 2018","8,073.53","8,077.84","7,962.35","7,995.17","7,995.17","2,602,810,000"
"Sep 4, 2018","8,087.95","8,104.07","8,042.14","8,091.25","8,091.25","2,238,710,000"
"Aug 31, 2018","8,079.31","8,119.82","8,079.31","8,109.54","8,109.54","1,906,900,000"
"Aug 30, 2018","8,094.20","8,133.30","8,069.57","8,088.36","8,088.36","2,022,720,000"
"Aug 29, 2018","8,044.34","8,113.56","8,042.10","8,109.69","8,109.69","1,909,880,000"
"Aug 28, 2018","8,039.01","8,046.31","8,009.59","8,030.04","8,030.04","1,980,270,000"
"Aug 27, 2018","7,989.64","8,024.94","7,976.60","8,017.90","8,017.90","2,333,790,000"
"Aug 24, 2018","7,907.81","7,949.71","7,907.10","7,945.98","7,945.98","1,892,990,000"
"Aug 23, 2018","7,886.47","7,926.32","7,866.53","7,878.46","7,878.46","1,888,600,000"
"Aug 22, 2018","7,844.04","7,897.63","7,840.84","7,889.10","7,889.10","1,669,240,000"
"Aug 21, 2018","7,840.09","7,897.68","7,836.79","7,859.17","7,859.17","1,788,860,000"
"Aug 20, 2018","7,834.37","7,837.14","7,787.90","7,821.01","7,821.01","1,709,500,000"
"Aug 17, 2018","7,786.64","7,830.78","7,752.68","7,816.33","7,816.33","1,850,770,000"
"Aug 16, 2018","7,826.95","7,849.67","7,795.74","7,806.52","7,806.52","1,991,410,000"
"Aug 15, 2018","7,810.02","7,832.66","7,732.69","7,774.12","7,774.12","2,294,100,000"
"Aug 14, 2018","7,847.88","7,878.23","7,815.50","7,870.89","7,870.89","1,938,840,000"
"Aug 13, 2018","7,848.00","7,888.66","7,814.27","7,819.71","7,819.71","1,934,100,000"
"Aug 10, 2018","7,834.71","7,866.19","7,818.37","7,839.11","7,839.11","2,107,530,000"
"Aug 9, 2018","7,886.52","7,923.35","7,881.06","7,891.78","7,891.78","2,048,170,000"
"Aug 8, 2018","7,880.00","7,901.69","7,864.46","7,888.33","7,888.33","2,098,100,000"
"Aug 7, 2018","7,878.62","7,898.20","7,868.65","7,883.66","7,883.66","2,206,400,000"
"Aug 6, 2018","7,809.54","7,859.68","7,801.88","7,859.68","7,859.68","2,245,300,000"
"Aug 3, 2018","7,819.23","7,824.06","7,783.30","7,812.01","7,812.01","2,035,870,000"
"Aug 2, 2018","7,659.52","7,808.85","7,659.52","7,802.69","7,802.69","2,115,490,000"
"Aug 1, 2018","7,701.82","7,732.68","7,670.71","7,707.29","7,707.29","2,228,950,000"
"Jul 31, 2018","7,654.59","7,709.49","7,614.84","7,671.79","7,671.79","2,208,610,000"
"Jul 30, 2018","7,735.27","7,740.26","7,604.24","7,630.00","7,630.00","2,154,140,000"
"Jul 27, 2018","7,889.75","7,889.75","7,698.96","7,737.42","7,737.42","2,193,410,000"
"Jul 26, 2018","7,848.04","7,881.30","7,834.08","7,852.18","7,852.18","2,289,370,000"
"Jul 25, 2018","7,839.09","7,933.31","7,838.76","7,932.24","7,932.24","1,943,820,000"
"Jul 24, 2018","7,914.35","7,928.79","7,814.33","7,840.77","7,840.77","2,021,890,000"
"Jul 23, 2018","7,806.93","7,846.76","7,776.55","7,841.87","7,841.87","1,668,270,000"
"Jul 20, 2018","7,843.08","7,860.25","7,815.86","7,820.20","7,820.20","1,796,530,000"
"Jul 19, 2018","7,829.80","7,849.85","7,811.15","7,825.30","7,825.30","1,886,300,000"
"Jul 18, 2018","7,859.43","7,863.77","7,822.83","7,854.44","7,854.44","1,881,110,000"
"Jul 17, 2018","7,751.97","7,867.15","7,749.61","7,855.12","7,855.12","1,752,210,000"
"Jul 16, 2018","7,831.74","7,838.82","7,791.98","7,805.72","7,805.72","1,739,360,000"
"Jul 13, 2018","7,827.62","7,843.52","7,803.34","7,825.98","7,825.98","1,727,500,000"
"Jul 12, 2018","7,752.71","7,825.67","7,746.76","7,823.92","7,823.92","1,930,830,000"
"Jul 11, 2018","7,698.51","7,748.16","7,696.58","7,716.61","7,716.61","1,768,480,000"
"Jul 10, 2018","7,770.63","7,777.48","7,731.98","7,759.20","7,759.20","1,735,230,000"
"Jul 9, 2018","7,731.74","7,757.28","7,702.06","7,756.20","7,756.20","1,844,440,000"
"Jul 6, 2018","7,595.93","7,695.81","7,588.65","7,688.39","7,688.39","1,718,600,000"
"Jul 5, 2018","7,550.66","7,589.19","7,511.43","7,586.43","7,586.43","1,754,690,000"
"Jul 3, 2018","7,593.63","7,594.33","7,498.50","7,502.67","7,502.67","1,171,420,000"
"Jul 2, 2018","7,451.90","7,568.10","7,443.10","7,567.69","7,567.69","1,777,880,000"
"Jun 29, 2018","7,544.13","7,573.59","7,502.95","7,510.30","7,510.30","2,208,820,000"
"Jun 28, 2018","7,438.11","7,526.07","7,419.56","7,503.68","7,503.68","2,208,870,000"
"Jun 27, 2018","7,586.33","7,610.67","7,444.17","7,445.08","7,445.08","2,319,650,000"
"Jun 26, 2018","7,553.74","7,597.49","7,527.00","7,561.63","7,561.63","2,068,870,000"
"Jun 25, 2018","7,631.12","7,639.73","7,477.73","7,532.01","7,532.01","2,423,190,000"
"Jun 22, 2018","7,739.69","7,739.71","7,679.12","7,692.82","7,692.82","3,956,300,000"
"Jun 21, 2018","7,800.30","7,803.45","7,699.20","7,712.95","7,712.95","2,349,640,000"
"Jun 20, 2018","7,764.15","7,806.60","7,755.48","7,781.51","7,781.51","2,316,420,000"
"Jun 19, 2018","7,658.47","7,727.41","7,635.73","7,725.59","7,725.59","2,283,340,000"
"Jun 18, 2018","7,692.96","7,749.36","7,676.83","7,747.03","7,747.03","2,102,660,000"
"Jun 15, 2018","7,725.03","7,755.72","7,704.34","7,746.38","7,746.38","3,049,870,000"
"Jun 14, 2018","7,723.53","7,768.60","7,723.53","7,761.04","7,761.04","2,193,630,000"
"Jun 13, 2018","7,713.90","7,748.96","7,686.65","7,695.70","7,695.70","2,197,830,000"
"Jun 12, 2018","7,673.87","7,708.25","7,669.53","7,703.79","7,703.79","2,019,890,000"
"Jun 11, 2018","7,647.24","7,677.29","7,642.87","7,659.93","7,659.93","1,959,360,000"
"Jun 8, 2018","7,607.74","7,653.58","7,595.14","7,645.51","7,645.51","1,949,810,000"
"Jun 7, 2018","7,697.41","7,697.41","7,597.66","7,635.07","7,635.07","2,339,720,000"
"Jun 6, 2018","7,652.80","7,691.65","7,622.31","7,689.24","7,689.24","2,198,100,000"
"Jun 5, 2018","7,621.36","7,644.48","7,602.38","7,637.86","7,637.86","2,063,270,000"
"Jun 4, 2018","7,570.08","7,607.17","7,561.20","7,606.46","7,606.46","2,152,170,000"
"Jun 1, 2018","7,487.66","7,557.38","7,487.23","7,554.33","7,554.33","2,212,330,000"
"May 31, 2018","7,455.58","7,492.42","7,431.41","7,442.12","7,442.12","2,533,360,000"
"May 30, 2018","7,428.41","7,473.81","7,423.67","7,462.45","7,462.45","2,058,300,000"
"May 29, 2018","7,398.51","7,435.13","7,354.29","7,396.59","7,396.59","2,095,380,000"
"May 25, 2018","7,422.20","7,452.85","7,415.58","7,433.85","7,433.85","1,771,950,000"
"May 24, 2018","7,421.99","7,435.38","7,357.50","7,424.43","7,424.43","2,035,460,000"
"May 23, 2018","7,335.03","7,426.78","7,334.62","7,425.96","7,425.96","1,997,090,000"
"May 22, 2018","7,420.85","7,432.53","7,370.33","7,378.46","7,378.46","1,927,420,000"
"May 21, 2018","7,406.34","7,431.83","7,368.21","7,394.04","7,394.04","1,997,220,000"
"May 18, 2018","7,364.34","7,381.16","7,343.97","7,354.34","7,354.34","1,982,190,000"
"May 17, 2018","7,379.58","7,425.39","7,350.46","7,382.47","7,382.47","1,958,970,000"
"May 16, 2018","7,356.22","7,413.32","7,356.16","7,398.30","7,398.30","2,103,060,000"
"May 15, 2018","7,361.30","7,363.52","7,320.97","7,351.63","7,351.63","2,120,380,000"
"May 14, 2018","7,429.45","7,458.42","7,401.89","7,411.32","7,411.32","2,085,850,000"
"May 11, 2018","7,393.97","7,417.67","7,372.26","7,402.88","7,402.88","2,085,350,000"
"May 10, 2018","7,355.90","7,414.15","7,353.63","7,404.97","7,404.97","2,250,450,000"
"May 9, 2018","7,281.53","7,344.80","7,259.05","7,339.91","7,339.91","2,250,260,000"
"May 8, 2018","7,255.34","7,278.81","7,224.70","7,266.90","7,266.90","2,070,970,000"
"May 7, 2018","7,241.82","7,291.74","7,235.76","7,265.21","7,265.21","1,950,650,000"
"May 4, 2018","7,065.67","7,228.26","7,057.89","7,209.62","7,209.62","2,040,520,000"
"May 3, 2018","7,065.03","7,112.59","6,991.14","7,088.15","7,088.15","2,355,780,000"
"May 2, 2018","7,138.45","7,169.46","7,094.72","7,100.90","7,100.90","2,157,860,000"
"May 1, 2018","7,053.65","7,133.27","7,036.18","7,130.70","7,130.70","1,932,660,000"
"Apr 30, 2018","7,133.95","7,169.80","7,065.41","7,066.27","7,066.27","1,998,570,000"
"Apr 27, 2018","7,195.52","7,197.15","7,083.95","7,119.80","7,119.80","2,050,350,000"
"Apr 26, 2018","7,080.49","7,143.94","7,055.66","7,118.68","7,118.68","2,141,220,000"
"Apr 25, 2018","7,009.99","7,030.74","6,926.97","7,003.74","7,003.74","2,055,840,000"
"Apr 24, 2018","7,160.77","7,171.67","6,961.52","7,007.35","7,007.35","2,154,270,000"
"Apr 23, 2018","7,173.99","7,195.72","7,094.43","7,128.60","7,128.60","1,744,480,000"
"Apr 20, 2018","7,220.64","7,222.99","7,123.49","7,146.13","7,146.13","1,935,160,000"
"Apr 19, 2018","7,258.61","7,277.45","7,215.17","7,238.06","7,238.06","1,982,090,000"
"Apr 18, 2018","7,292.38","7,319.58","7,259.90","7,295.24","7,295.24","1,908,700,000"
"Apr 17, 2018","7,215.12","7,298.59","7,206.55","7,281.10","7,281.10","1,935,380,000"
"Apr 16, 2018","7,153.87","7,178.51","7,115.85","7,156.28","7,156.28","1,800,450,000"
"Apr 13, 2018","7,179.62","7,183.62","7,078.14","7,106.65","7,106.65","1,768,160,000"
"Apr 12, 2018","7,112.02","7,166.00","7,105.09","7,140.25","7,140.25","2,027,080,000"
"Apr 11, 2018","7,055.00","7,128.54","7,055.00","7,069.03","7,069.03","1,882,090,000"
"Apr 10, 2018","7,060.99","7,117.98","7,014.88","7,094.30","7,094.30","2,252,020,000"
"Apr 9, 2018","6,971.45","7,074.95","6,944.96","6,950.34","6,950.34","2,089,220,000"
"Apr 6, 2018","6,999.57","7,066.64","6,877.76","6,915.11","6,915.11","2,359,780,000"
"Apr 5, 2018","7,099.25","7,112.38","7,036.62","7,076.55","7,076.55","2,153,030,000"
"Apr 4, 2018","6,811.77","7,059.29","6,811.77","7,042.11","7,042.11","2,261,580,000"
"Apr 3, 2018","6,924.35","6,963.71","6,835.23","6,941.28","6,941.28","2,330,900,000"
"Apr 2, 2018","7,016.17","7,044.71","6,805.96","6,870.12","6,870.12","2,402,670,000"
"Mar 29, 2018","6,984.66","7,120.46","6,935.78","7,063.45","7,063.45","2,593,390,000"
"Mar 28, 2018","6,978.30","7,036.09","6,901.07","6,949.23","6,949.23","2,551,950,000"
"Mar 27, 2018","7,255.47","7,255.54","6,963.68","7,008.81","7,008.81","2,347,480,000"
"Mar 26, 2018","7,125.20","7,225.83","7,022.34","7,220.54","7,220.54","2,341,370,000"
"Mar 23, 2018","7,170.68","7,194.31","6,992.67","6,992.67","6,992.67","2,455,760,000"
"Mar 22, 2018","7,257.55","7,303.19","7,164.38","7,166.68","7,166.68","2,370,970,000"
"Mar 21, 2018","7,347.50","7,415.66","7,325.35","7,345.29","7,345.29","1,999,230,000"
"Mar 20, 2018","7,353.25","7,380.74","7,331.24","7,364.30","7,364.30","1,976,000,000"
"Mar 19, 2018","7,419.20","7,421.23","7,285.27","7,344.24","7,344.24","2,352,810,000"
"Mar 16, 2018","7,504.37","7,514.21","7,473.68","7,481.99","7,481.99","3,089,970,000"
"Mar 15, 2018","7,509.24","7,525.44","7,463.19","7,481.74","7,481.74","2,008,290,000"
"Mar 14, 2018","7,539.78","7,544.89","7,473.90","7,496.81","7,496.81","2,112,950,000"
"Mar 13, 2018","7,627.52","7,637.27","7,492.98","7,511.01","7,511.01","2,459,220,000"
"Mar 12, 2018","7,581.04","7,609.10","7,563.44","7,588.32","7,588.32","2,314,480,000"
"Mar 9, 2018","7,475.98","7,560.81","7,469.03","7,560.81","7,560.81","2,310,050,000"
"Mar 8, 2018","7,422.77","7,435.01","7,391.50","7,427.95","7,427.95","2,277,740,000"
"Mar 7, 2018","7,311.74","7,403.79","7,311.74","7,396.65","7,396.65","2,198,610,000"
"Mar 6, 2018","7,366.61","7,378.03","7,319.68","7,372.01","7,372.01","2,132,920,000"
"Mar 5, 2018","7,222.89","7,350.07","7,205.31","7,330.71","7,330.71","2,076,870,000"
"Mar 2, 2018","7,099.54","7,267.19","7,084.83","7,257.87","7,257.87","2,291,480,000"
"Mar 1, 2018","7,274.75","7,307.85","7,117.66","7,180.56","7,180.56","2,499,010,000"
"Feb 28, 2018","7,371.41","7,386.80","7,273.01","7,273.01","7,273.01","2,384,940,000"
"Feb 27, 2018","7,416.17","7,438.09","7,330.35","7,330.35","7,330.35","2,162,250,000"
"Feb 26, 2018","7,373.30","7,421.85","7,360.25","7,421.46","7,421.46","1,876,560,000"
"Feb 23, 2018","7,261.35","7,337.83","7,232.50","7,337.39","7,337.39","1,887,540,000"
"Feb 22, 2018","7,252.46","7,280.93","7,194.84","7,210.09","7,210.09","1,927,580,000"
"Feb 21, 2018","7,258.48","7,338.64","7,218.11","7,218.23","7,218.23","1,956,120,000"
"Feb 20, 2018","7,209.03","7,295.95","7,206.00","7,234.31","7,234.31","1,921,870,000"
"Feb 16, 2018","7,236.51","7,303.26","7,226.38","7,239.47","7,239.47","2,037,710,000"
"Feb 15, 2018","7,200.75","7,256.93","7,130.39","7,256.43","7,256.43","2,124,060,000"
"Feb 14, 2018","6,979.24","7,152.05","6,977.07","7,143.62","7,143.62","2,217,630,000"
"Feb 13, 2018","6,942.16","7,025.68","6,938.16","7,013.51","7,013.51","1,830,320,000"
"Feb 12, 2018","6,936.68","7,023.62","6,879.69","6,981.96","6,981.96","2,250,650,000"
"Feb 9, 2018","6,863.34","6,917.01","6,630.67","6,874.49","6,874.49","3,165,330,000"
"Feb 8, 2018","7,067.30","7,073.99","6,776.77","6,777.16","6,777.16","2,730,740,000"
"Feb 7, 2018","7,086.20","7,170.34","7,051.53","7,051.98","7,051.98","2,380,020,000"
"Feb 6, 2018","6,837.56","7,126.55","6,824.82","7,115.88","7,115.88","3,148,270,000"
"Feb 5, 2018","7,165.96","7,277.36","6,967.53","6,967.53","6,967.53","3,143,210,000"
"Feb 2, 2018","7,347.59","7,364.43","7,238.18","7,240.95","7,240.95","2,607,160,000"
"Feb 1, 2018","7,377.17","7,441.09","7,362.28","7,385.86","7,385.86","2,311,180,000"
"Jan 31, 2018","7,443.25","7,453.99","7,381.12","7,411.48","7,411.48","2,428,990,000"
"Jan 30, 2018","7,388.89","7,433.65","7,373.99","7,402.48","7,402.48","2,183,420,000"
"Jan 29, 2018","7,484.47","7,500.61","7,455.55","7,466.51","7,466.51","2,114,420,000"
"Jan 26, 2018","7,448.33","7,505.77","7,431.22","7,505.77","7,505.77","2,080,700,000"
"Jan 25, 2018","7,457.95","7,458.53","7,388.58","7,411.16","7,411.16","2,081,380,000"
"Jan 24, 2018","7,474.16","7,486.32","7,376.75","7,415.06","7,415.06","2,287,320,000"
"Jan 23, 2018","7,424.95","7,465.39","7,423.18","7,460.29","7,460.29","2,135,840,000"
"Jan 22, 2018","7,338.04","7,408.03","7,332.81","7,408.03","7,408.03","2,118,310,000"
"Jan 19, 2018","7,312.00","7,336.38","7,297.28","7,336.38","7,336.38","2,005,470,000"
"Jan 18, 2018","7,293.65","7,313.89","7,276.11","7,296.05","7,296.05","2,037,410,000"
"Jan 17, 2018","7,257.77","7,309.36","7,229.32","7,298.28","7,298.28","2,245,910,000"
"Jan 16, 2018","7,307.19","7,330.33","7,205.93","7,223.69","7,223.69","2,399,790,000"
"Jan 12, 2018","7,208.17","7,265.26","7,205.18","7,261.06","7,261.06","1,986,600,000"
"Jan 11, 2018","7,168.73","7,211.78","7,163.23","7,211.78","7,211.78","2,015,170,000"
"Jan 10, 2018","7,129.83","7,154.24","7,111.52","7,153.57","7,153.57","2,132,430,000"
"Jan 9, 2018","7,174.19","7,181.14","7,148.30","7,163.58","7,163.58","2,155,810,000"
"Jan 8, 2018","7,135.38","7,161.35","7,124.09","7,157.39","7,157.39","2,055,010,000"
"Jan 5, 2018","7,105.74","7,137.04","7,097.08","7,136.56","7,136.56","2,024,000,000"
"Jan 4, 2018","7,089.50","7,098.05","7,072.38","7,077.91","7,077.91","2,103,220,000"
"Jan 3, 2018","7,017.07","7,069.15","7,016.70","7,065.53","7,065.53","2,173,130,000"
"Jan 2, 2018","6,937.65","7,006.91","6,924.08","7,006.90","7,006.90","1,929,700,000"
"Dec 29, 2017","6,952.61","6,954.98","6,903.39","6,903.39","6,903.39","1,575,290,000"
"Dec 28, 2017","6,953.38","6,954.80","6,936.75","6,950.16","6,950.16","1,319,870,000"
"Dec 27, 2017","6,941.45","6,955.38","6,931.34","6,939.34","6,939.34","1,411,010,000"
"Dec 26, 2017","6,928.92","6,942.14","6,915.56","6,936.25","6,936.25","1,301,000,000"
"Dec 22, 2017","6,958.02","6,962.26","6,944.45","6,959.96","6,959.96","1,541,880,000"
"Dec 21, 2017","6,972.88","6,992.63","6,961.21","6,965.36","6,965.36","1,827,410,000"
"Dec 20, 2017","6,991.25","6,991.25","6,935.42","6,960.96","6,960.96","1,888,140,000"
"Dec 19, 2017","6,991.25","6,995.88","6,951.49","6,963.85","6,963.85","2,084,190,000"
"Dec 18, 2017","6,980.40","7,003.89","6,975.54","6,994.76","6,994.76","2,150,580,000"
"Dec 15, 2017","6,871.55","6,945.82","6,871.45","6,936.58","6,936.58","3,529,590,000"
"Dec 14, 2017","6,887.38","6,901.13","6,851.63","6,856.53","6,856.53","1,990,090,000"
"Dec 13, 2017","6,880.41","6,897.62","6,871.87","6,875.80","6,875.80","1,931,090,000"
"Dec 12, 2017","6,872.71","6,884.80","6,856.30","6,862.32","6,862.32","1,872,810,000"
"Dec 11, 2017","6,847.64","6,879.80","6,844.88","6,875.08","6,875.08","1,836,780,000"
"Dec 8, 2017","6,859.95","6,870.48","6,831.61","6,840.08","6,840.08","1,825,640,000"
"Dec 7, 2017","6,785.74","6,829.29","6,778.20","6,812.84","6,812.84","1,953,740,000"
"Dec 6, 2017","6,742.07","6,787.42","6,734.13","6,776.38","6,776.38","1,901,770,000"
"Dec 5, 2017","6,759.14","6,836.45","6,752.32","6,762.21","6,762.21","2,085,760,000"
"Dec 4, 2017","6,897.13","6,899.23","6,770.69","6,775.37","6,775.37","2,427,170,000"
"Dec 1, 2017","6,844.04","6,872.17","6,737.16","6,847.59","6,847.59","2,302,140,000"
"Nov 30, 2017","6,852.80","6,888.65","6,838.48","6,873.97","6,873.97","2,468,530,000"
"Nov 29, 2017","6,907.28","6,908.33","6,793.95","6,824.39","6,824.39","2,456,990,000"
"Nov 28, 2017","6,893.72","6,914.19","6,866.21","6,912.36","6,912.36","2,003,840,000"
"Nov 27, 2017","6,889.91","6,897.43","6,867.89","6,878.52","6,878.52","1,781,550,000"
"Nov 24, 2017","6,878.11","6,890.02","6,873.74","6,889.16","6,889.16","872,110,000"
"Nov 22, 2017","6,869.53","6,874.52","6,859.28","6,867.36","6,867.36","1,589,150,000"
"Nov 21, 2017","6,820.55","6,862.66","6,820.02","6,862.48","6,862.48","1,891,960,000"
"Nov 20, 2017","6,789.28","6,795.83","6,779.49","6,790.71","6,790.71","1,811,750,000"
"Nov 17, 2017","6,794.45","6,797.75","6,777.43","6,782.79","6,782.79","2,009,220,000"
"Nov 16, 2017","6,742.34","6,806.67","6,742.34","6,793.29","6,793.29","2,020,380,000"
"Nov 15, 2017","6,700.68","6,725.32","6,667.31","6,706.21","6,706.21","1,923,730,000"
"Nov 14, 2017","6,733.87","6,743.63","6,709.27","6,737.87","6,737.87","1,988,230,000"
"Nov 13, 2017","6,727.39","6,766.30","6,723.43","6,757.60","6,757.60","1,976,460,000"
"Nov 10, 2017","6,736.39","6,757.34","6,727.35","6,750.94","6,750.94","1,979,120,000"
"Nov 9, 2017","6,737.45","6,758.93","6,687.28","6,750.05","6,750.05","2,243,500,000"
"Nov 8, 2017","6,764.85","6,791.65","6,753.34","6,789.12","6,789.12","2,121,340,000"
"Nov 7, 2017","6,785.44","6,795.52","6,750.35","6,767.78","6,767.78","2,209,280,000"
"Nov 6, 2017","6,763.30","6,790.67","6,763.17","6,786.44","6,786.44","2,173,120,000"
"Nov 3, 2017","6,737.09","6,765.14","6,712.93","6,764.44","6,764.44","2,203,880,000"
"Nov 2, 2017","6,709.39","6,719.97","6,677.55","6,714.94","6,714.94","2,282,300,000"
"Nov 1, 2017","6,758.64","6,759.66","6,691.48","6,716.53","6,716.53","2,074,230,000"
"Oct 31, 2017","6,713.71","6,737.75","6,705.79","6,727.67","6,727.67","2,054,220,000"
"Oct 30, 2017","6,693.77","6,727.39","6,677.15","6,698.96","6,698.96","2,015,920,000"
"Oct 27, 2017","6,635.03","6,708.13","6,625.78","6,701.26","6,701.26","2,414,520,000"
"Oct 26, 2017","6,567.59","6,582.76","6,550.03","6,556.77","6,556.77","2,125,640,000"
"Oct 25, 2017","6,587.22","6,600.64","6,517.93","6,563.89","6,563.89","2,205,790,000"
"Oct 24, 2017","6,598.61","6,611.90","6,582.06","6,598.43","6,598.43","1,852,610,000"
"Oct 23, 2017","6,641.57","6,641.57","6,581.15","6,586.83","6,586.83","1,813,080,000"
"Oct 20, 2017","6,633.37","6,640.03","6,622.92","6,629.05","6,629.05","1,812,220,000"
"Oct 19, 2017","6,583.70","6,605.29","6,558.53","6,605.07","6,605.07","1,847,020,000"
"Oct 18, 2017","6,634.26","6,635.52","6,613.55","6,624.22","6,624.22","1,738,060,000"
"Oct 17, 2017","6,621.42","6,628.60","6,613.21","6,623.66","6,623.66","1,653,160,000"
"Oct 16, 2017","6,622.55","6,632.50","6,607.03","6,624.00","6,624.00","1,632,240,000"
"Oct 13, 2017","6,613.21","6,616.58","6,602.20","6,605.80","6,605.80","1,761,700,000"
"Oct 12, 2017","6,594.76","6,613.50","6,586.32","6,591.51","6,591.51","2,020,330,000"
"Oct 11, 2017","6,586.73","6,604.21","6,577.99","6,603.55","6,603.55","1,837,860,000"
"Oct 10, 2017","6,602.49","6,608.30","6,561.78","6,587.25","6,587.25","1,802,480,000"
"Oct 9, 2017","6,597.37","6,599.34","6,572.44","6,579.73","6,579.73","1,494,160,000"
"Oct 6, 2017","6,566.95","6,590.18","6,566.84","6,590.18","6,590.18","1,752,170,000"
"Oct 5, 2017","6,552.87","6,587.21","6,547.65","6,585.36","6,585.36","1,888,970,000"
"Oct 4, 2017","6,521.96","6,546.46","6,513.12","6,534.63","6,534.63","1,941,470,000"
"Oct 3, 2017","6,523.74","6,532.18","6,509.71","6,531.71","6,531.71","1,972,760,000"
"Oct 2, 2017","6,506.08","6,527.22","6,484.14","6,516.72","6,516.72","1,984,400,000"
"Sep 29, 2017","6,461.28","6,497.98","6,454.86","6,495.96","6,495.96","1,970,720,000"
"Sep 28, 2017","6,437.96","6,456.23","6,427.66","6,453.45","6,453.45","1,882,790,000"
"Sep 27, 2017","6,414.37","6,472.65","6,405.36","6,453.26","6,453.26","2,068,400,000"
"Sep 26, 2017","6,391.85","6,405.00","6,364.57","6,380.16","6,380.16","1,935,990,000"
"Sep 25, 2017","6,403.11","6,408.05","6,343.96","6,370.59","6,370.59","2,061,150,000"
"Sep 22, 2017","6,401.44","6,429.54","6,400.81","6,426.92","6,426.92","1,648,690,000"
"Sep 21, 2017","6,448.57","6,448.57","6,405.30","6,422.69","6,422.69","1,779,600,000"
"Sep 20, 2017","6,459.74","6,466.05","6,414.23","6,456.04","6,456.04","2,083,580,000"
"Sep 19, 2017","6,465.57","6,467.79","6,446.75","6,461.32","6,461.32","1,816,080,000"
"Sep 18, 2017","6,460.10","6,477.77","6,438.41","6,454.64","6,454.64","1,881,900,000"
"Sep 15, 2017","6,426.16","6,464.27","6,419.65","6,448.47","6,448.47","2,827,910,000"
"Sep 14, 2017","6,439.46","6,455.32","6,424.04","6,429.08","6,429.08","1,817,840,000"
"Sep 13, 2017","6,440.72","6,460.42","6,433.20","6,460.19","6,460.19","1,944,630,000"
"Sep 12, 2017","6,448.81","6,455.03","6,429.54","6,454.28","6,454.28","1,747,620,000"
"Sep 11, 2017","6,411.18","6,439.11","6,410.71","6,432.26","6,432.26","1,819,310,000"
"Sep 8, 2017","6,389.65","6,391.41","6,354.96","6,360.19","6,360.19","1,786,070,000"
"Sep 7, 2017","6,402.94","6,413.07","6,379.81","6,397.87","6,397.87","2,000,910,000"
"Sep 6, 2017","6,394.35","6,407.40","6,356.20","6,393.31","6,393.31","1,902,720,000"
"Sep 5, 2017","6,414.82","6,426.51","6,334.59","6,375.57","6,375.57","1,889,620,000"
"Sep 1, 2017","6,442.17","6,449.65","6,417.87","6,435.33","6,435.33","1,489,120,000"
"Aug 31, 2017","6,385.80","6,435.27","6,383.58","6,428.66","6,428.66","1,889,500,000"
"Aug 30, 2017","6,308.68","6,374.47","6,303.57","6,368.31","6,368.31","1,717,060,000"
"Aug 29, 2017","6,228.90","6,311.26","6,228.73","6,301.89","6,301.89","1,639,810,000"
"Aug 28, 2017","6,286.01","6,292.26","6,267.85","6,283.02","6,283.02","1,565,110,000"
"Aug 25, 2017","6,293.81","6,308.72","6,257.10","6,265.64","6,265.64","1,445,590,000"
"Aug 24, 2017","6,294.82","6,302.85","6,244.57","6,271.33","6,271.33","1,618,660,000"
"Aug 23, 2017","6,263.47","6,291.30","6,263.29","6,278.41","6,278.41","1,535,320,000"
"Aug 22, 2017","6,241.21","6,302.84","6,241.21","6,297.48","6,297.48","1,599,760,000"
"Aug 21, 2017","6,216.32","6,226.93","6,177.19","6,213.13","6,213.13","1,582,990,000"
"Aug 18, 2017","6,222.46","6,254.22","6,193.38","6,216.53","6,216.53","1,968,470,000"
"Aug 17, 2017","6,322.72","6,334.23","6,221.91","6,221.91","6,221.91","2,052,940,000"
"Aug 16, 2017","6,348.11","6,374.56","6,330.27","6,345.11","6,345.11","1,809,070,000"
"Aug 15, 2017","6,350.51","6,350.74","6,324.75","6,333.01","6,333.01","1,582,560,000"
"Aug 14, 2017","6,306.11","6,346.83","6,305.55","6,340.23","6,340.23","1,702,570,000"
"Aug 11, 2017","6,222.18","6,266.89","6,216.19","6,256.56","6,256.56","1,799,780,000"
"Aug 10, 2017","6,312.65","6,318.28","6,214.41","6,216.87","6,216.87","2,214,990,000"
"Aug 9, 2017","6,322.92","6,355.04","6,309.44","6,352.33","6,352.33","2,037,810,000"
"Aug 8, 2017","6,373.33","6,423.35","6,355.88","6,370.46","6,370.46","1,931,490,000"
"Aug 7, 2017","6,361.06","6,386.03","6,356.23","6,383.77","6,383.77","1,704,010,000"
"Aug 4, 2017","6,350.79","6,361.49","6,329.73","6,351.56","6,351.56","1,908,930,000"
"Aug 3, 2017","6,366.24","6,368.53","6,331.14","6,340.34","6,340.34","2,124,100,000"
"Aug 2, 2017","6,393.10","6,394.21","6,313.43","6,362.65","6,362.65","2,115,870,000"
"Aug 1, 2017","6,372.16","6,375.75","6,345.75","6,362.94","6,362.94","1,821,780,000"
"Jul 31, 2017","6,394.69","6,396.59","6,338.79","6,348.12","6,348.12","1,898,830,000"
"Jul 28, 2017","6,350.27","6,379.70","6,337.22","6,374.68","6,374.68","1,877,100,000"
"Jul 27, 2017","6,459.76","6,460.84","6,318.62","6,382.19","6,382.19","2,501,400,000"
"Jul 26, 2017","6,425.93","6,432.38","6,416.30","6,422.75","6,422.75","1,996,680,000"
"Jul 25, 2017","6,407.59","6,425.45","6,396.87","6,412.17","6,412.17","1,930,840,000"
"Jul 24, 2017","6,387.82","6,417.70","6,380.61","6,410.81","6,410.81","1,748,140,000"
"Jul 21, 2017","6,383.05","6,388.78","6,365.12","6,387.75","6,387.75","1,807,110,000"
"Jul 20, 2017","6,396.46","6,398.26","6,365.68","6,390.00","6,390.00","1,850,000,000"
"Jul 19, 2017","6,363.24","6,387.73","6,362.19","6,385.04","6,385.04","1,867,470,000"
"Jul 18, 2017","6,304.82","6,344.55","6,291.07","6,344.31","6,344.31","1,773,220,000"
"Jul 17, 2017","6,320.35","6,330.97","6,307.34","6,314.43","6,314.43","1,563,390,000"
"Jul 14, 2017","6,289.08","6,321.76","6,278.70","6,312.47","6,312.47","1,615,440,000"
"Jul 13, 2017","6,269.10","6,281.45","6,251.26","6,274.44","6,274.44","1,806,160,000"
"Jul 12, 2017","6,238.90","6,265.64","6,236.82","6,261.17","6,261.17","1,827,740,000"
"Jul 11, 2017","6,171.25","6,200.58","6,149.87","6,193.30","6,193.30","1,812,560,000"
"Jul 10, 2017","6,156.03","6,191.27","6,141.83","6,176.39","6,176.39","1,681,270,000"
"Jul 7, 2017","6,111.21","6,164.94","6,111.21","6,153.08","6,153.08","1,712,490,000"
"Jul 6, 2017","6,109.60","6,127.98","6,081.96","6,089.46","6,089.46","1,993,290,000"
"Jul 5, 2017","6,122.06","6,163.62","6,100.42","6,150.86","6,150.86","1,874,040,000"
"Jul 3, 2017","6,173.29","6,177.36","6,106.12","6,110.06","6,110.06","1,091,030,000"
"Jun 30, 2017","6,166.84","6,170.63","6,129.04","6,140.42","6,140.42","2,011,720,000"
"Jun 29, 2017","6,215.49","6,216.60","6,087.81","6,144.35","6,144.35","2,410,510,000"
"Jun 28, 2017","6,173.10","6,238.29","6,144.80","6,234.41","6,234.41","2,077,390,000"
"Jun 27, 2017","6,227.90","6,234.32","6,146.62","6,146.62","6,146.62","2,189,250,000"
"Jun 26, 2017","6,292.73","6,303.45","6,233.43","6,247.15","6,247.15","2,155,460,000"
"Jun 23, 2017","6,234.35","6,269.37","6,218.78","6,265.25","6,265.25","4,164,310,000"
"Jun 22, 2017","6,239.15","6,257.68","6,221.96","6,236.69","6,236.69","2,177,430,000"
"Jun 21, 2017","6,202.75","6,236.66","6,200.86","6,233.95","6,233.95","2,408,800,000"
"Jun 20, 2017","6,229.62","6,234.01","6,186.94","6,188.03","6,188.03","2,580,440,000"
"Jun 19, 2017","6,196.85","6,243.31","6,194.00","6,239.01","6,239.01","1,989,290,000"
"Jun 16, 2017","6,154.28","6,161.56","6,125.50","6,151.76","6,151.76","3,133,000,000"
"Jun 15, 2017","6,127.05","6,170.15","6,107.85","6,165.50","6,165.50","1,870,010,000"
"Jun 14, 2017","6,237.46","6,237.53","6,153.55","6,194.89","6,194.89","1,949,040,000"
"Jun 13, 2017","6,206.12","6,226.41","6,180.04","6,220.37","6,220.37","2,063,930,000"
"Jun 12, 2017","6,153.56","6,183.81","6,110.67","6,175.46","6,175.46","2,588,860,000"
"Jun 9, 2017","6,330.25","6,341.70","6,137.68","6,207.92","6,207.92","3,154,590,000"
"Jun 8, 2017","6,311.73","6,324.06","6,282.93","6,321.76","6,321.76","2,134,350,000"
"Jun 7, 2017","6,290.44","6,302.78","6,267.18","6,297.38","6,297.38","1,827,220,000"
"Jun 6, 2017","6,281.88","6,304.21","6,269.87","6,275.06","6,275.06","1,893,110,000"
"Jun 5, 2017","6,305.47","6,310.62","6,292.15","6,295.68","6,295.68","1,742,160,000"
"Jun 2, 2017","6,261.59","6,308.76","6,253.77","6,305.80","6,305.80","1,825,450,000"
"Jun 1, 2017","6,215.91","6,247.07","6,200.45","6,246.83","6,246.83","1,946,000,000"
"May 31, 2017","6,221.63","6,221.99","6,164.07","6,198.52","6,198.52","2,212,130,000"
"May 30, 2017","6,204.18","6,217.13","6,200.41","6,203.19","6,203.19","1,690,930,000"
"May 26, 2017","6,207.04","6,211.52","6,196.66","6,210.19","6,210.19","1,573,200,000"
"May 25, 2017","6,183.02","6,217.34","6,174.52","6,205.26","6,205.26","1,775,750,000"
"May 24, 2017","6,154.18","6,166.09","6,139.33","6,163.02","6,163.02","1,672,380,000"
"May 23, 2017","6,149.55","6,150.91","6,121.79","6,138.71","6,138.71","1,709,140,000"
"May 22, 2017","6,098.25","6,135.92","6,097.24","6,133.62","6,133.62","1,728,190,000"
"May 19, 2017","6,070.23","6,106.55","6,070.23","6,083.70","6,083.70","1,908,030,000"
"May 18, 2017","5,998.46","6,073.45","5,996.81","6,055.13","6,055.13","2,134,610,000"
"May 17, 2017","6,108.62","6,122.87","6,009.48","6,011.24","6,011.24","2,355,460,000"
"May 16, 2017","6,160.52","6,170.16","6,139.10","6,169.87","6,169.87","2,006,980,000"
"May 15, 2017","6,128.11","6,153.04","6,124.79","6,149.67","6,149.67","1,865,450,000"
"May 12, 2017","6,119.27","6,122.84","6,105.42","6,121.23","6,121.23","1,749,010,000"
"May 11, 2017","6,110.05","6,120.20","6,075.68","6,115.96","6,115.96","1,952,650,000"
"May 10, 2017","6,121.64","6,131.64","6,103.87","6,129.14","6,129.14","2,111,850,000"
"May 9, 2017","6,111.82","6,133.00","6,107.59","6,120.59","6,120.59","2,005,820,000"
"May 8, 2017","6,100.66","6,106.12","6,083.06","6,102.66","6,102.66","1,912,030,000"
"May 5, 2017","6,091.69","6,100.76","6,067.16","6,100.76","6,100.76","1,903,040,000"
"May 4, 2017","6,075.06","6,080.82","6,054.33","6,075.34","6,075.34","2,059,820,000"
"May 3, 2017","6,075.04","6,076.96","6,053.28","6,072.55","6,072.55","2,152,850,000"
"May 2, 2017","6,102.51","6,102.72","6,081.56","6,095.37","6,095.37","2,162,610,000"
"May 1, 2017","6,067.56","6,100.73","6,061.35","6,091.60","6,091.60","1,763,100,000"
"Apr 28, 2017","6,072.87","6,074.04","6,040.71","6,047.61","6,047.61","2,005,870,000"
"Apr 27, 2017","6,038.47","6,050.70","6,031.59","6,048.94","6,048.94","1,883,610,000"
"Apr 26, 2017","6,028.12","6,040.89","6,021.72","6,025.23","6,025.23","1,899,570,000"
"Apr 25, 2017","6,004.16","6,036.02","6,002.65","6,025.49","6,025.49","1,898,120,000"
"Apr 24, 2017","5,979.96","5,989.92","5,970.25","5,983.82","5,983.82","1,842,880,000"
"Apr 21, 2017","5,919.02","5,919.23","5,899.43","5,910.52","5,910.52","1,736,420,000"
"Apr 20, 2017","5,887.87","5,926.23","5,880.20","5,916.78","5,916.78","1,751,490,000"
"Apr 19, 2017","5,874.43","5,894.68","5,856.34","5,863.03","5,863.03","1,754,240,000"
"Apr 18, 2017","5,838.59","5,860.04","5,828.57","5,849.47","5,849.47","1,610,230,000"
"Apr 17, 2017","5,821.55","5,856.79","5,818.20","5,856.79","5,856.79","1,383,550,000"
"Apr 13, 2017","5,828.37","5,856.54","5,805.15","5,805.15","5,805.15","1,587,150,000"
"Apr 12, 2017","5,863.59","5,868.09","5,830.44","5,836.16","5,836.16","1,666,570,000"
"Apr 11, 2017","5,871.16","5,878.94","5,819.29","5,866.77","5,866.77","1,830,760,000"
"Apr 10, 2017","5,883.43","5,907.85","5,865.56","5,880.93","5,880.93","1,633,190,000"
"Apr 7, 2017","5,873.94","5,892.07","5,855.51","5,877.81","5,877.81","1,703,730,000"
"Apr 6, 2017","5,870.52","5,889.58","5,856.22","5,878.95","5,878.95","1,849,790,000"
"Apr 5, 2017","5,911.92","5,936.39","5,856.26","5,864.48","5,864.48","2,208,600,000"
"Apr 4, 2017","5,878.76","5,901.39","5,878.76","5,898.61","5,898.61","1,795,260,000"
"Apr 3, 2017","5,917.32","5,928.93","5,867.73","5,894.68","5,894.68","1,852,990,000"
"Mar 31, 2017","5,905.63","5,927.81","5,901.77","5,911.74","5,911.74","1,905,150,000"
"Mar 30, 2017","5,896.15","5,916.77","5,894.00","5,914.34","5,914.34","1,732,100,000"
"Mar 29, 2017","5,875.35","5,900.87","5,870.93","5,897.55","5,897.55","1,722,190,000"
"Mar 28, 2017","5,836.50","5,888.70","5,828.86","5,875.14","5,875.14","1,823,600,000"
"Mar 27, 2017","5,776.33","5,849.20","5,769.39","5,840.37","5,840.37","1,673,060,000"
"Mar 24, 2017","5,839.33","5,858.95","5,807.83","5,828.74","5,828.74","1,855,040,000"
"Mar 23, 2017","5,812.31","5,842.82","5,806.98","5,817.69","5,817.69","1,746,990,000"
"Mar 22, 2017","5,790.59","5,825.67","5,781.80","5,821.64","5,821.64","1,860,290,000"
"Mar 21, 2017","5,923.42","5,928.06","5,790.73","5,793.83","5,793.83","2,199,920,000"
"Mar 20, 2017","5,898.81","5,915.12","5,888.12","5,901.53","5,901.53","1,736,790,000"
"Mar 17, 2017","5,898.58","5,912.61","5,890.42","5,901.00","5,901.00","3,189,970,000"
"Mar 16, 2017","5,907.86","5,911.48","5,887.24","5,900.76","5,900.76","1,770,640,000"
"Mar 15, 2017","5,869.98","5,911.20","5,858.16","5,900.05","5,900.05","1,955,400,000"
"Mar 14, 2017","5,860.07","5,860.50","5,831.88","5,856.82","5,856.82","1,664,870,000"
"Mar 13, 2017","5,863.48","5,877.43","5,860.83","5,875.78","5,875.78","1,812,460,000"
"Mar 10, 2017","5,867.16","5,872.60","5,835.44","5,861.73","5,861.73","1,999,440,000"
"Mar 9, 2017","5,834.67","5,852.54","5,812.08","5,838.81","5,838.81","1,886,780,000"
"Mar 8, 2017","5,838.44","5,860.63","5,832.63","5,837.55","5,837.55","1,813,080,000"
"Mar 7, 2017","5,836.12","5,859.77","5,826.32","5,833.93","5,833.93","1,825,510,000"
"Mar 6, 2017","5,846.42","5,857.74","5,827.46","5,849.18","5,849.18","1,774,040,000"
"Mar 3, 2017","5,854.27","5,870.75","5,841.47","5,870.75","5,870.75","1,853,600,000"
"Mar 2, 2017","5,897.01","5,897.01","5,856.30","5,861.22","5,861.22","2,043,610,000"
"Mar 1, 2017","5,874.86","5,911.79","5,865.79","5,904.03","5,904.03","2,220,350,000"
"Feb 28, 2017","5,852.79","5,855.07","5,817.22","5,825.44","5,825.44","2,303,390,000"
"Feb 27, 2017","5,835.04","5,861.90","5,827.00","5,861.90","5,861.90","1,882,610,000"
"Feb 24, 2017","5,802.33","5,845.31","5,800.55","5,845.31","5,845.31","1,684,650,000"
"Feb 23, 2017","5,866.82","5,866.96","5,809.55","5,835.51","5,835.51","1,881,490,000"
"Feb 22, 2017","5,857.56","5,864.42","5,848.28","5,860.63","5,860.63","1,874,710,000"
"Feb 21, 2017","5,850.20","5,867.89","5,847.50","5,865.95","5,865.95","1,940,110,000"
"Feb 17, 2017","5,807.31","5,838.58","5,800.80","5,838.58","5,838.58","1,879,030,000"
"Feb 16, 2017","5,823.01","5,835.15","5,796.71","5,814.90","5,814.90","1,945,600,000"
"Feb 15, 2017","5,777.90","5,821.95","5,776.70","5,819.44","5,819.44","2,094,140,000"
"Feb 14, 2017","5,756.51","5,783.09","5,748.74","5,782.57","5,782.57","1,952,370,000"
"Feb 13, 2017","5,753.19","5,770.99","5,751.92","5,763.96","5,763.96","1,843,480,000"
"Feb 10, 2017","5,726.17","5,743.43","5,717.42","5,734.13","5,734.13","1,867,270,000"
"Feb 9, 2017","5,688.02","5,722.71","5,685.15","5,715.18","5,715.18","1,948,120,000"
"Feb 8, 2017","5,662.95","5,686.96","5,649.39","5,682.45","5,682.45","1,947,100,000"
"Feb 7, 2017","5,674.86","5,689.60","5,664.82","5,674.22","5,674.22","1,922,030,000"
"Feb 6, 2017","5,656.95","5,668.20","5,650.26","5,663.55","5,663.55","1,736,140,000"
"Feb 3, 2017","5,650.73","5,666.84","5,647.58","5,666.77","5,666.77","1,792,330,000"
"Feb 2, 2017","5,627.15","5,656.01","5,616.40","5,636.20","5,636.20","2,077,010,000"
"Feb 1, 2017","5,654.51","5,662.11","5,621.03","5,642.65","5,642.65","2,239,570,000"
"Jan 31, 2017","5,592.87","5,615.15","5,576.09","5,614.79","5,614.79","2,047,460,000"
"Jan 30, 2017","5,635.86","5,636.09","5,578.76","5,613.71","5,613.71","1,782,380,000"
"Jan 27, 2017","5,664.88","5,667.45","5,643.90","5,660.78","5,660.78","1,669,190,000"
"Jan 26, 2017","5,666.28","5,669.61","5,647.65","5,655.18","5,655.18","1,837,020,000"
"Jan 25, 2017","5,635.86","5,658.59","5,634.33","5,656.34","5,656.34","1,964,040,000"
"Jan 24, 2017","5,568.27","5,606.53","5,558.49","5,600.96","5,600.96","1,808,560,000"
"Jan 23, 2017","5,546.64","5,564.14","5,522.69","5,552.94","5,552.94","1,652,370,000"
"Jan 20, 2017","5,556.87","5,574.35","5,542.23","5,555.33","5,555.33","1,750,340,000"
"Jan 19, 2017","5,560.61","5,571.53","5,528.37","5,540.08","5,540.08","1,809,900,000"
"Jan 18, 2017","5,546.94","5,555.98","5,534.77","5,555.65","5,555.65","1,686,260,000"
"Jan 17, 2017","5,555.16","5,557.05","5,527.22","5,538.73","5,538.73","1,759,440,000"
"Jan 13, 2017","5,557.57","5,584.26","5,557.20","5,574.12","5,574.12","1,611,260,000"
"Jan 12, 2017","5,542.56","5,550.67","5,496.82","5,547.49","5,547.49","1,805,840,000"
"Jan 11, 2017","5,550.72","5,564.08","5,524.03","5,563.65","5,563.65","1,960,830,000"
"Jan 10, 2017","5,536.54","5,564.25","5,528.11","5,551.82","5,551.82","1,798,610,000"
"Jan 9, 2017","5,527.58","5,541.08","5,517.14","5,531.82","5,531.82","1,887,740,000"
"Jan 6, 2017","5,499.08","5,536.52","5,482.81","5,521.06","5,521.06","1,711,870,000"
"Jan 5, 2017","5,474.39","5,495.85","5,464.36","5,487.94","5,487.94","1,799,170,000"
"Jan 4, 2017","5,440.91","5,482.35","5,440.24","5,477.00","5,477.00","1,885,490,000"
"Jan 3, 2017","5,425.62","5,452.57","5,397.99","5,429.08","5,429.08","1,887,670,000"
"Dec 30, 2016","5,440.17","5,441.90","5,371.89","5,383.12","5,383.12","1,551,690,000"
"Dec 29, 2016","5,437.51","5,450.63","5,415.18","5,432.09","5,432.09","1,266,350,000"
"Dec 28, 2016","5,497.44","5,498.91","5,434.70","5,438.56","5,438.56","1,326,660,000"
"Dec 27, 2016","5,470.76","5,512.37","5,469.61","5,487.44","5,487.44","1,219,050,000"
"Dec 23, 2016","5,441.76","5,462.69","5,441.76","5,462.69","5,462.69","1,144,900,000"
"Dec 22, 2016","5,472.01","5,472.01","5,432.77","5,447.42","5,447.42","1,585,470,000"
"Dec 21, 2016","5,482.63","5,486.26","5,465.31","5,471.43","5,471.43","1,496,850,000"
"Dec 20, 2016","5,473.53","5,489.47","5,471.71","5,483.94","5,483.94","1,679,630,000"
"Dec 19, 2016","5,441.20","5,483.42","5,436.54","5,457.44","5,457.44","1,688,680,000"
"Dec 16, 2016","5,467.82","5,474.58","5,426.01","5,437.16","5,437.16","3,281,480,000"
"Dec 15, 2016","5,443.51","5,485.12","5,439.39","5,456.85","5,456.85","2,101,320,000"
"Dec 14, 2016","5,465.69","5,476.25","5,425.73","5,436.67","5,436.67","1,976,570,000"
"Dec 13, 2016","5,433.57","5,486.75","5,430.72","5,463.83","5,463.83","2,094,860,000"
"Dec 12, 2016","5,428.22","5,434.90","5,394.42","5,412.54","5,412.54","1,931,840,000"
"Dec 9, 2016","5,436.11","5,450.16","5,427.12","5,444.50","5,444.50","2,042,340,000"
"Dec 8, 2016","5,394.15","5,425.52","5,389.10","5,417.36","5,417.36","2,236,580,000"
"Dec 7, 2016","5,322.67","5,397.93","5,307.31","5,393.76","5,393.76","2,125,370,000"
"Dec 6, 2016","5,317.74","5,333.99","5,299.94","5,333.00","5,333.00","1,977,480,000"
"Dec 5, 2016","5,283.58","5,321.09","5,269.57","5,308.89","5,308.89","1,800,570,000"
"Dec 2, 2016","5,249.02","5,274.54","5,239.27","5,255.65","5,255.65","1,851,030,000"
"Dec 1, 2016","5,323.88","5,326.34","5,238.21","5,251.11","5,251.11","2,269,790,000"
"Nov 30, 2016","5,391.35","5,393.15","5,323.68","5,323.68","5,323.68","2,056,060,000"
"Nov 29, 2016","5,370.98","5,403.86","5,360.56","5,379.92","5,379.92","1,791,760,000"
"Nov 28, 2016","5,387.92","5,396.27","5,364.91","5,368.81","5,368.81","1,630,150,000"
"Nov 25, 2016","5,388.49","5,398.92","5,379.28","5,398.92","5,398.92","768,080,000"
"Nov 23, 2016","5,366.55","5,380.68","5,350.68","5,380.68","5,380.68","1,617,700,000"
"Nov 22, 2016","5,384.75","5,392.26","5,365.60","5,386.35","5,386.35","1,890,410,000"
"Nov 21, 2016","5,336.78","5,369.83","5,334.16","5,368.86","5,368.86","1,748,170,000"
"Nov 18, 2016","5,340.97","5,346.80","5,315.53","5,321.51","5,321.51","1,865,770,000"
"Nov 17, 2016","5,295.07","5,334.05","5,288.16","5,333.97","5,333.97","2,084,710,000"
"Nov 16, 2016","5,253.74","5,299.63","5,251.88","5,294.58","5,294.58","2,066,130,000"
"Nov 15, 2016","5,241.35","5,287.06","5,236.25","5,275.62","5,275.62","2,159,180,000"
"Nov 14, 2016","5,246.33","5,247.17","5,192.05","5,218.40","5,218.40","2,371,900,000"
"Nov 11, 2016","5,191.82","5,241.08","5,179.64","5,237.11","5,237.11","2,290,080,000"
"Nov 10, 2016","5,283.48","5,302.68","5,145.32","5,208.80","5,208.80","2,986,760,000"
"Nov 9, 2016","5,143.86","5,258.99","5,143.86","5,251.07","5,251.07","2,827,570,000"
"Nov 8, 2016","5,154.99","5,214.17","5,145.30","5,193.49","5,193.49","1,739,440,000"
"Nov 7, 2016","5,128.99","5,169.41","5,122.77","5,166.17","5,166.17","1,916,620,000"
"Nov 4, 2016","5,034.41","5,087.51","5,034.41","5,046.37","5,046.37","2,020,130,000"
"Nov 3, 2016","5,104.70","5,115.06","5,053.52","5,058.41","5,058.41","2,113,730,000"
"Nov 2, 2016","5,147.28","5,156.70","5,097.56","5,105.57","5,105.57","2,124,990,000"
"Nov 1, 2016","5,199.77","5,201.13","5,112.32","5,153.58","5,153.58","1,880,920,000"
"Oct 31, 2016","5,205.09","5,206.71","5,186.56","5,189.14","5,189.14","1,709,060,000"
"Oct 28, 2016","5,203.70","5,232.35","5,178.76","5,190.10","5,190.10","1,911,810,000"
"Oct 27, 2016","5,272.19","5,274.12","5,211.75","5,215.97","5,215.97","1,926,820,000"
"Oct 26, 2016","5,256.40","5,280.85","5,237.05","5,250.27","5,250.27","1,732,300,000"
"Oct 25, 2016","5,306.47","5,310.27","5,278.57","5,283.40","5,283.40","1,580,830,000"
"Oct 24, 2016","5,290.31","5,311.50","5,289.23","5,309.83","5,309.83","1,533,370,000"
"Oct 21, 2016","5,238.65","5,259.13","5,225.76","5,257.40","5,257.40","1,651,490,000"
"Oct 20, 2016","5,238.20","5,252.10","5,216.05","5,241.83","5,241.83","1,745,270,000"
"Oct 19, 2016","5,240.33","5,253.83","5,234.25","5,246.41","5,246.41","1,548,910,000"
"Oct 18, 2016","5,255.32","5,264.27","5,239.44","5,243.84","5,243.84","1,476,970,000"
"Oct 17, 2016","5,213.69","5,219.98","5,196.03","5,199.82","5,199.82","1,427,060,000"
"Oct 14, 2016","5,241.26","5,258.88","5,213.37","5,214.16","5,214.16","1,593,610,000"
"Oct 13, 2016","5,200.30","5,228.26","5,169.76","5,213.33","5,213.33","1,737,720,000"
"Oct 12, 2016","5,247.91","5,257.18","5,228.77","5,239.02","5,239.02","1,567,930,000"
"Oct 11, 2016","5,321.82","5,321.82","5,227.43","5,246.79","5,246.79","1,822,980,000"
"Oct 10, 2016","5,318.46","5,340.52","5,317.73","5,328.67","5,328.67","1,365,600,000"
"Oct 7, 2016","5,314.92","5,315.65","5,266.80","5,292.40","5,292.40","1,647,330,000"
"Oct 6, 2016","5,306.59","5,315.73","5,281.47","5,306.85","5,306.85","1,655,480,000"
"Oct 5, 2016","5,305.28","5,330.81","5,304.06","5,316.02","5,316.02","1,755,640,000"
"Oct 4, 2016","5,313.49","5,323.60","5,271.70","5,289.66","5,289.66","1,711,810,000"
"Oct 3, 2016","5,300.29","5,308.60","5,281.95","5,300.87","5,300.87","1,606,460,000"
"Sep 30, 2016","5,288.87","5,325.88","5,277.88","5,312.00","5,312.00","2,063,260,000"
"Sep 29, 2016","5,311.31","5,317.00","5,254.52","5,269.15","5,269.15","1,946,150,000"
"Sep 28, 2016","5,312.73","5,320.62","5,284.84","5,318.55","5,318.55","1,788,240,000"
"Sep 27, 2016","5,254.18","5,306.81","5,251.32","5,305.71","5,305.71","1,754,700,000"
"Sep 26, 2016","5,275.73","5,282.27","5,254.96","5,257.49","5,257.49","1,672,190,000"
"Sep 23, 2016","5,327.43","5,329.71","5,301.63","5,305.75","5,305.75","1,762,700,000"
"Sep 22, 2016","5,323.26","5,342.88","5,320.93","5,339.52","5,339.52","1,914,550,000"
"Sep 21, 2016","5,263.65","5,299.40","5,233.94","5,295.18","5,295.18","2,001,890,000"
"Sep 20, 2016","5,256.19","5,265.18","5,235.42","5,241.35","5,241.35","1,697,530,000"
"Sep 19, 2016","5,263.55","5,281.07","5,222.91","5,235.03","5,235.03","1,792,650,000"
"Sep 16, 2016","5,238.71","5,248.60","5,218.97","5,244.57","5,244.57","3,013,860,000"
"Sep 15, 2016","5,178.10","5,254.78","5,176.25","5,249.69","5,249.69","1,950,940,000"
"Sep 14, 2016","5,160.21","5,201.34","5,159.55","5,173.77","5,173.77","1,902,680,000"
"Sep 13, 2016","5,181.14","5,195.03","5,131.27","5,155.25","5,155.25","2,071,460,000"
"Sep 12, 2016","5,098.03","5,217.88","5,097.80","5,211.89","5,211.89","2,007,610,000"
"Sep 9, 2016","5,217.95","5,225.93","5,125.91","5,125.91","5,125.91","2,208,690,000"
"Sep 8, 2016","5,269.96","5,271.01","5,248.41","5,259.48","5,259.48","1,839,790,000"
"Sep 7, 2016","5,274.23","5,287.61","5,261.92","5,283.93","5,283.93","1,878,460,000"
"Sep 6, 2016","5,260.00","5,275.91","5,244.00","5,275.91","5,275.91","1,777,940,000"
"Sep 2, 2016","5,249.66","5,263.39","5,231.02","5,249.90","5,249.90","1,474,200,000"
"Sep 1, 2016","5,218.28","5,229.94","5,189.36","5,227.21","5,227.21","1,592,520,000"
"Aug 31, 2016","5,216.42","5,219.89","5,191.18","5,213.22","5,213.22","1,761,770,000"
"Aug 30, 2016","5,229.88","5,241.62","5,205.61","5,222.99","5,222.99","1,561,020,000"
"Aug 29, 2016","5,223.80","5,245.12","5,222.34","5,232.33","5,232.33","1,416,640,000"
"Aug 26, 2016","5,219.05","5,253.39","5,191.86","5,218.92","5,218.92","1,591,060,000"
"Aug 25, 2016","5,207.61","5,230.59","5,201.64","5,212.20","5,212.20","1,511,890,000"
"Aug 24, 2016","5,254.42","5,262.99","5,205.64","5,217.69","5,217.69","1,714,780,000"
"Aug 23, 2016","5,265.78","5,275.74","5,257.90","5,260.08","5,260.08","1,547,050,000"
"Aug 22, 2016","5,231.46","5,252.13","5,224.63","5,244.60","5,244.60","1,560,210,000"
"Aug 19, 2016","5,229.87","5,245.81","5,217.65","5,238.38","5,238.38","1,632,740,000"
"Aug 18, 2016","5,226.45","5,243.17","5,221.84","5,240.15","5,240.15","1,659,080,000"
"Aug 17, 2016","5,228.44","5,230.09","5,197.23","5,228.66","5,228.66","1,747,890,000"
"Aug 16, 2016","5,247.96","5,248.26","5,226.78","5,227.11","5,227.11","1,698,390,000"
"Aug 15, 2016","5,242.18","5,271.36","5,241.14","5,262.02","5,262.02","1,533,170,000"
"Aug 12, 2016","5,219.66","5,233.34","5,215.55","5,232.89","5,232.89","1,501,620,000"
"Aug 11, 2016","5,222.15","5,235.29","5,211.25","5,228.40","5,228.40","1,511,670,000"
"Aug 10, 2016","5,227.95","5,227.96","5,193.80","5,204.58","5,204.58","1,651,240,000"
"Aug 9, 2016","5,216.21","5,238.54","5,214.95","5,225.48","5,225.48","1,664,320,000"
"Aug 8, 2016","5,223.54","5,228.40","5,202.18","5,213.14","5,213.14","1,624,450,000"
"Aug 5, 2016","5,190.71","5,227.23","5,186.25","5,221.12","5,221.12","2,017,720,000"
"Aug 4, 2016","5,158.02","5,174.00","5,145.39","5,166.25","5,166.25","1,930,000,000"
"Aug 3, 2016","5,133.24","5,159.74","5,128.44","5,159.74","5,159.74","1,909,470,000"
"Aug 2, 2016","5,177.53","5,181.02","5,109.80","5,137.73","5,137.73","2,142,010,000"
"Aug 1, 2016","5,167.42","5,199.13","5,158.93","5,184.20","5,184.20","1,866,590,000"
"Jul 29, 2016","5,162.15","5,175.81","5,140.05","5,162.13","5,162.13","2,072,640,000"
"Jul 28, 2016","5,144.82","5,160.16","5,130.75","5,154.98","5,154.98","1,950,910,000"
"Jul 27, 2016","5,143.84","5,151.06","5,120.66","5,139.81","5,139.81","2,122,250,000"
"Jul 26, 2016","5,095.61","5,122.30","5,084.18","5,110.05","5,110.05","2,038,060,000"
"Jul 25, 2016","5,096.99","5,100.72","5,082.66","5,097.63","5,097.63","1,770,620,000"
"Jul 22, 2016","5,078.12","5,103.52","5,064.11","5,100.16","5,100.16","1,639,000,000"
"Jul 21, 2016","5,093.97","5,102.78","5,061.11","5,073.90","5,073.90","1,880,310,000"
"Jul 20, 2016","5,061.60","5,098.25","5,053.92","5,089.93","5,089.93","1,877,330,000"
"Jul 19, 2016","5,038.22","5,052.24","5,028.24","5,036.37","5,036.37","1,694,740,000"
"Jul 18, 2016","5,034.99","5,063.53","5,030.13","5,055.78","5,055.78","1,585,570,000"
"Jul 15, 2016","5,041.19","5,044.81","5,018.52","5,029.59","5,029.59","1,610,300,000"
"Jul 14, 2016","5,041.95","5,045.18","5,025.15","5,034.06","5,034.06","1,641,170,000"
"Jul 13, 2016","5,036.32","5,036.38","5,002.82","5,005.73","5,005.73","1,650,820,000"
"Jul 12, 2016","5,017.99","5,032.10","5,009.68","5,022.82","5,022.82","1,866,280,000"
"Jul 11, 2016","4,976.54","5,002.50","4,976.54","4,988.64","4,988.64","1,718,450,000"
"Jul 8, 2016","4,906.66","4,959.00","4,901.27","4,956.76","4,956.76","1,947,260,000"
"Jul 7, 2016","4,867.47","4,889.01","4,853.68","4,876.81","4,876.81","1,672,770,000"
"Jul 6, 2016","4,799.32","4,861.05","4,786.01","4,859.16","4,859.16","1,876,090,000"
"Jul 5, 2016","4,837.06","4,839.13","4,797.29","4,822.90","4,822.90","1,690,340,000"
"Jul 1, 2016","4,837.18","4,880.17","4,837.17","4,862.57","4,862.57","1,745,130,000"
"Jun 30, 2016","4,793.75","4,843.11","4,774.52","4,842.67","4,842.67","2,171,180,000"
"Jun 29, 2016","4,732.93","4,787.59","4,732.34","4,779.25","4,779.25","2,116,550,000"
"Jun 28, 2016","4,643.93","4,692.98","4,643.93","4,691.87","4,691.87","2,074,090,000"
"Jun 27, 2016","4,664.43","4,665.04","4,574.25","4,594.44","4,594.44","2,659,650,000"
"Jun 24, 2016","4,715.79","4,798.22","4,698.42","4,707.98","4,707.98","4,411,040,000"
"Jun 23, 2016","4,872.19","4,910.04","4,859.40","4,910.04","4,910.04","1,738,570,000"
"Jun 22, 2016","4,846.68","4,875.93","4,830.00","4,833.32","4,833.32","1,682,220,000"
"Jun 21, 2016","4,845.08","4,852.19","4,826.59","4,843.76","4,843.76","1,698,080,000"
"Jun 20, 2016","4,856.69","4,882.15","4,834.51","4,837.21","4,837.21","1,779,560,000"
"Jun 17, 2016","4,835.02","4,835.02","4,792.34","4,800.34","4,800.34","2,638,220,000"
"Jun 16, 2016","4,809.69","4,847.86","4,778.78","4,844.92","4,844.92","1,851,770,000"
"Jun 15, 2016","4,855.08","4,868.16","4,830.33","4,834.93","4,834.93","1,802,200,000"
"Jun 14, 2016","4,836.67","4,863.01","4,811.93","4,843.55","4,843.55","1,919,710,000"
"Jun 13, 2016","4,868.51","4,894.85","4,844.94","4,848.44","4,848.44","1,888,300,000"
"Jun 10, 2016","4,915.15","4,917.92","4,880.61","4,894.55","4,894.55","1,822,200,000"
"Jun 9, 2016","4,954.15","4,965.49","4,940.55","4,958.62","4,958.62","1,632,340,000"
"Jun 8, 2016","4,970.01","4,979.66","4,956.79","4,974.64","4,974.64","1,692,640,000"
"Jun 7, 2016","4,972.13","4,979.38","4,960.28","4,961.75","4,961.75","1,747,760,000"
"Jun 6, 2016","4,950.46","4,980.14","4,944.87","4,968.71","4,968.71","1,663,840,000"
"Jun 3, 2016","4,958.10","4,958.65","4,909.21","4,942.52","4,942.52","1,697,840,000"
"Jun 2, 2016","4,941.25","4,971.36","4,924.23","4,971.36","4,971.36","1,729,050,000"
"Jun 1, 2016","4,928.97","4,958.98","4,923.20","4,952.25","4,952.25","1,797,090,000"
"May 31, 2016","4,938.48","4,951.45","4,923.03","4,948.05","4,948.05","2,285,350,000"
"May 27, 2016","4,904.05","4,933.50","4,902.50","4,933.50","4,933.50","1,505,020,000"
"May 26, 2016","4,897.78","4,909.38","4,887.27","4,901.77","4,901.77","1,606,250,000"
"May 25, 2016","4,877.18","4,905.45","4,872.42","4,894.89","4,894.89","1,784,420,000"
"May 24, 2016","4,792.85","4,865.99","4,792.63","4,861.06","4,861.06","1,942,280,000"
"May 23, 2016","4,771.57","4,792.64","4,763.91","4,765.78","4,765.78","1,865,110,000"
"May 20, 2016","4,729.44","4,781.70","4,729.00","4,769.56","4,769.56","1,970,520,000"
"May 19, 2016","4,717.36","4,735.27","4,678.38","4,712.53","4,712.53","1,805,890,000"
"May 18, 2016","4,705.78","4,762.28","4,704.49","4,739.12","4,739.12","1,934,100,000"
"May 17, 2016","4,768.85","4,776.15","4,703.39","4,715.73","4,715.73","1,925,230,000"
"May 16, 2016","4,728.86","4,791.25","4,724.73","4,775.46","4,775.46","1,741,510,000"
"May 13, 2016","4,731.07","4,759.29","4,708.26","4,717.68","4,717.68","1,698,030,000"
"May 12, 2016","4,778.19","4,779.46","4,710.17","4,737.33","4,737.33","1,930,450,000"
"May 11, 2016","4,799.30","4,812.19","4,760.36","4,760.69","4,760.69","1,859,110,000"
"May 10, 2016","4,768.91","4,811.30","4,758.20","4,809.88","4,809.88","1,760,120,000"
"May 9, 2016","4,736.35","4,771.94","4,735.06","4,750.21","4,750.21","1,625,100,000"
"May 6, 2016","4,695.90","4,736.16","4,684.28","4,736.16","4,736.16","1,860,800,000"
"May 5, 2016","4,742.42","4,744.55","4,709.75","4,717.09","4,717.09","1,888,350,000"
"May 4, 2016","4,735.28","4,751.64","4,713.91","4,725.64","4,725.64","1,950,800,000"
"May 3, 2016","4,780.88","4,791.43","4,749.71","4,763.22","4,763.22","1,984,340,000"
"May 2, 2016","4,786.55","4,821.57","4,768.28","4,817.59","4,817.59","1,880,460,000"
"Apr 29, 2016","4,805.79","4,807.89","4,740.84","4,775.36","4,775.36","2,376,460,000"
"Apr 28, 2016","4,857.60","4,889.16","4,796.32","4,805.29","4,805.29","2,161,400,000"
"Apr 27, 2016","4,855.38","4,872.91","4,826.38","4,863.14","4,863.14","1,938,780,000"
"Apr 26, 2016","4,903.81","4,915.00","4,875.42","4,888.28","4,888.28","1,825,020,000"
"Apr 25, 2016","4,891.48","4,904.87","4,878.37","4,895.79","4,895.79","1,582,270,000"
"Apr 22, 2016","4,898.24","4,921.66","4,872.02","4,906.23","4,906.23","2,018,930,000"
"Apr 21, 2016","4,949.12","4,966.61","4,932.64","4,945.89","4,945.89","1,758,190,000"
"Apr 20, 2016","4,941.99","4,969.32","4,928.29","4,948.13","4,948.13","1,781,340,000"
"Apr 19, 2016","4,968.30","4,968.67","4,915.52","4,940.33","4,940.33","1,824,250,000"
"Apr 18, 2016","4,919.36","4,960.79","4,915.63","4,960.02","4,960.02","1,672,260,000"
"Apr 15, 2016","4,938.83","4,950.43","4,925.46","4,938.22","4,938.22","1,684,790,000"
"Apr 14, 2016","4,947.62","4,961.30","4,931.81","4,945.89","4,945.89","1,645,810,000"
"Apr 13, 2016","4,904.79","4,951.91","4,903.60","4,947.42","4,947.42","1,936,450,000"
"Apr 12, 2016","4,838.82","4,879.60","4,808.91","4,872.09","4,872.09","1,759,280,000"
"Apr 11, 2016","4,873.39","4,897.55","4,833.40","4,833.40","4,833.40","1,545,540,000"
"Apr 8, 2016","4,883.99","4,892.60","4,835.36","4,850.69","4,850.69","1,588,830,000"
"Apr 7, 2016","4,893.57","4,901.49","4,831.49","4,848.37","4,848.37","1,908,940,000"
"Apr 6, 2016","4,849.58","4,921.51","4,849.28","4,920.72","4,920.72","1,761,770,000"
"Apr 5, 2016","4,855.90","4,872.70","4,838.62","4,843.93","4,843.93","1,726,010,000"
"Apr 4, 2016","4,911.21","4,917.75","4,885.17","4,891.80","4,891.80","1,705,730,000"
"Apr 1, 2016","4,842.55","4,917.09","4,832.06","4,914.54","4,914.54","1,812,250,000"
"Mar 31, 2016","4,869.57","4,891.30","4,864.41","4,869.85","4,869.85","1,774,270,000"
"Mar 30, 2016","4,875.46","4,899.14","4,859.35","4,869.29","4,869.29","1,717,820,000"
"Mar 29, 2016","4,756.55","4,849.31","4,749.78","4,846.62","4,846.62","1,806,490,000"
"Mar 28, 2016","4,785.25","4,787.39","4,760.01","4,766.79","4,766.79","1,381,000,000"
"Mar 24, 2016","4,743.36","4,773.50","4,734.77","4,773.50","4,773.50","1,590,990,000"
"Mar 23, 2016","4,813.87","4,816.67","4,765.37","4,768.86","4,768.86","1,732,630,000"
"Mar 22, 2016","4,783.60","4,835.60","4,781.71","4,821.66","4,821.66","1,596,200,000"
"Mar 21, 2016","4,787.31","4,814.85","4,785.38","4,808.87","4,808.87","1,609,230,000"
"Mar 18, 2016","4,784.63","4,804.58","4,772.41","4,795.65","4,795.65","2,829,040,000"
"Mar 17, 2016","4,752.62","4,788.09","4,737.97","4,774.99","4,774.99","1,907,190,000"
"Mar 16, 2016","4,717.88","4,774.78","4,716.45","4,763.97","4,763.97","1,781,060,000"
"Mar 15, 2016","4,731.14","4,735.27","4,712.07","4,728.67","4,728.67","1,692,420,000"
"Mar 14, 2016","4,733.39","4,762.27","4,731.51","4,750.28","4,750.28","1,615,100,000"
"Mar 11, 2016","4,712.38","4,748.79","4,700.91","4,748.47","4,748.47","1,801,790,000"
"Mar 10, 2016","4,691.20","4,716.14","4,607.99","4,662.16","4,662.16","1,936,470,000"
"Mar 9, 2016","4,666.42","4,676.47","4,642.42","4,674.38","4,674.38","1,789,550,000"
"Mar 8, 2016","4,676.22","4,695.04","4,642.86","4,648.82","4,648.82","1,993,060,000"
"Mar 7, 2016","4,690.88","4,731.19","4,674.82","4,708.25","4,708.25","2,084,390,000"
"Mar 4, 2016","4,715.76","4,746.65","4,687.94","4,717.02","4,717.02","2,171,230,000"
"Mar 3, 2016","4,698.38","4,707.72","4,674.46","4,707.42","4,707.42","1,936,290,000"
"Mar 2, 2016","4,683.80","4,703.58","4,665.93","4,703.42","4,703.42","1,912,510,000"
"Mar 1, 2016","4,596.01","4,689.60","4,581.75","4,689.60","4,689.60","2,080,150,000"
"Feb 29, 2016","4,585.30","4,619.90","4,557.46","4,557.95","4,557.95","2,065,260,000"
"Feb 26, 2016","4,615.14","4,618.85","4,580.78","4,590.47","4,590.47","1,814,920,000"
"Feb 25, 2016","4,554.73","4,582.20","4,516.89","4,582.20","4,582.20","1,667,840,000"
"Feb 24, 2016","4,453.93","4,547.64","4,425.72","4,542.61","4,542.61","1,978,180,000"
"Feb 23, 2016","4,550.05","4,558.06","4,500.94","4,503.58","4,503.58","1,777,750,000"
"Feb 22, 2016","4,548.31","4,576.47","4,546.55","4,570.61","4,570.61","1,794,020,000"
"Feb 19, 2016","4,464.67","4,513.15","4,455.10","4,504.43","4,504.43","1,903,770,000"
"Feb 18, 2016","4,548.10","4,548.47","4,482.77","4,487.54","4,487.54","1,955,870,000"
"Feb 17, 2016","4,471.66","4,540.78","4,463.51","4,534.06","4,534.06","2,296,440,000"
"Feb 16, 2016","4,397.95","4,435.96","4,376.52","4,435.96","4,435.96","2,117,920,000"
"Feb 12, 2016","4,307.29","4,340.13","4,274.15","4,337.51","4,337.51","1,983,190,000"
"Feb 11, 2016","4,218.81","4,293.22","4,209.76","4,266.84","4,266.84","2,812,330,000"
"Feb 10, 2016","4,318.28","4,369.62","4,280.73","4,283.59","4,283.59","2,448,380,000"
"Feb 9, 2016","4,224.87","4,329.61","4,222.48","4,268.76","4,268.76","2,465,790,000"
"Feb 8, 2016","4,288.02","4,301.53","4,212.81","4,283.75","4,283.75","2,702,070,000"
"Feb 5, 2016","4,491.48","4,493.19","4,350.37","4,363.14","4,363.14","2,489,280,000"
"Feb 4, 2016","4,492.48","4,545.52","4,463.99","4,509.56","4,509.56","2,200,930,000"
"Feb 3, 2016","4,543.82","4,547.32","4,424.47","4,504.24","4,504.24","2,466,190,000"
"Feb 2, 2016","4,588.69","4,589.90","4,503.12","4,516.95","4,516.95","2,185,180,000"
"Feb 1, 2016","4,587.59","4,636.93","4,565.37","4,620.37","4,620.37","1,983,340,000"
"Jan 29, 2016","4,512.09","4,613.95","4,511.30","4,613.95","4,613.95","2,617,550,000"
"Jan 28, 2016","4,533.81","4,533.81","4,447.50","4,506.68","4,506.68","2,322,310,000"
"Jan 27, 2016","4,548.87","4,568.85","4,450.83","4,468.17","4,468.17","2,115,710,000"
"Jan 26, 2016","4,537.04","4,583.21","4,503.53","4,567.67","4,567.67","1,981,180,000"
"Jan 25, 2016","4,574.59","4,590.44","4,514.78","4,518.49","4,518.49","2,028,880,000"
"Jan 22, 2016","4,557.39","4,591.18","4,540.27","4,591.18","4,591.18","2,153,340,000"
"Jan 21, 2016","4,480.70","4,537.15","4,432.02","4,472.06","4,472.06","2,447,750,000"
"Jan 20, 2016","4,405.22","4,514.92","4,313.39","4,471.69","4,471.69","3,204,130,000"
"Jan 19, 2016","4,548.05","4,550.57","4,430.77","4,476.95","4,476.95","2,394,550,000"
"Jan 15, 2016","4,464.37","4,520.45","4,419.41","4,488.42","4,488.42","2,818,630,000"
"Jan 14, 2016","4,545.37","4,650.55","4,470.59","4,615.00","4,615.00","2,565,560,000"
"Jan 13, 2016","4,706.02","4,713.98","4,517.56","4,526.06","4,526.06","2,533,200,000"
"Jan 12, 2016","4,681.54","4,714.80","4,618.03","4,685.92","4,685.92","2,147,470,000"
"Jan 11, 2016","4,673.44","4,683.02","4,573.78","4,637.99","4,637.99","2,391,110,000"
"Jan 8, 2016","4,722.02","4,742.57","4,637.85","4,643.63","4,643.63","2,288,750,000"
"Jan 7, 2016","4,736.40","4,788.02","4,688.17","4,689.43","4,689.43","2,552,590,000"
"Jan 6, 2016","4,813.76","4,866.04","4,804.69","4,835.76","4,835.76","2,168,620,000"
"Jan 5, 2016","4,917.84","4,926.73","4,872.74","4,891.43","4,891.43","1,927,380,000"
"Jan 4, 2016","4,897.65","4,903.09","4,846.98","4,903.09","4,903.09","2,218,420,000"
"Dec 31, 2015","5,047.04","5,058.06","5,007.01","5,007.41","5,007.41","1,437,480,000"
"Dec 30, 2015","5,101.18","5,102.35","5,065.68","5,065.85","5,065.85","1,247,530,000"
"Dec 29, 2015","5,066.52","5,116.99","5,065.89","5,107.94","5,107.94","1,383,470,000"
"Dec 28, 2015","5,032.29","5,041.27","4,999.07","5,040.99","5,040.99","1,310,650,000"
"Dec 24, 2015","5,046.19","5,063.28","5,043.65","5,048.49","5,048.49","706,880,000"
"Dec 23, 2015","5,025.55","5,046.09","5,020.44","5,045.93","5,045.93","1,591,490,000"
"Dec 22, 2015","4,988.68","5,007.77","4,964.08","5,001.11","5,001.11","1,556,670,000"
"Dec 21, 2015","4,957.53","4,968.92","4,928.93","4,968.92","4,968.92","1,673,400,000"
"Dec 18, 2015","4,982.58","4,996.49","4,921.33","4,923.08","4,923.08","3,765,210,000"
"Dec 17, 2015","5,087.17","5,088.58","5,002.55","5,002.55","5,002.55","1,897,220,000"
"Dec 16, 2015","5,033.48","5,078.99","4,992.63","5,071.13","5,071.13","2,036,610,000"
"Dec 15, 2015","4,991.21","5,026.54","4,986.99","4,995.36","4,995.36","2,054,710,000"
"Dec 14, 2015","4,932.61","4,953.60","4,871.59","4,952.23","4,952.23","2,216,060,000"
"Dec 11, 2015","4,979.77","4,996.19","4,928.67","4,933.47","4,933.47","2,084,950,000"
"Dec 10, 2015","5,026.30","5,075.65","5,019.31","5,045.17","5,045.17","1,746,520,000"
"Dec 9, 2015","5,077.21","5,106.37","5,000.12","5,022.87","5,022.87","2,003,450,000"
"Dec 8, 2015","5,050.52","5,111.73","5,045.73","5,098.24","5,098.24","1,871,450,000"
"Dec 7, 2015","5,139.46","5,139.78","5,082.23","5,101.81","5,101.81","1,952,690,000"
"Dec 4, 2015","5,050.93","5,147.00","5,043.49","5,142.27","5,142.27","1,897,490,000"
"Dec 3, 2015","5,143.16","5,144.60","5,011.72","5,037.53","5,037.53","2,088,100,000"
"Dec 2, 2015","5,158.82","5,176.77","5,117.15","5,123.22","5,123.22","2,060,340,000"
"Dec 1, 2015","5,129.64","5,156.31","5,120.17","5,156.31","5,156.31","2,035,570,000"
"Nov 30, 2015","5,139.58","5,141.36","5,098.70","5,108.67","5,108.67","2,244,550,000"
"Nov 27, 2015","5,121.93","5,134.35","5,108.51","5,127.52","5,127.52","781,730,000"
"Nov 25, 2015","5,106.87","5,124.09","5,101.18","5,116.14","5,116.14","1,539,300,000"
"Nov 24, 2015","5,070.66","5,110.75","5,050.14","5,102.81","5,102.81","1,956,920,000"
"Nov 23, 2015","5,106.72","5,128.08","5,084.85","5,102.48","5,102.48","1,668,280,000"
"Nov 20, 2015","5,096.96","5,112.46","5,094.32","5,104.92","5,104.92","1,766,630,000"
"Nov 19, 2015","5,078.67","5,092.46","5,067.27","5,073.64","5,073.64","1,794,110,000"
"Nov 18, 2015","5,004.60","5,078.80","5,001.67","5,075.20","5,075.20","2,017,390,000"
"Nov 17, 2015","4,991.71","5,023.45","4,975.74","4,986.02","4,986.02","1,861,710,000"
"Nov 16, 2015","4,916.14","4,984.91","4,908.66","4,984.62","4,984.62","1,819,190,000"
"Nov 13, 2015","4,980.86","4,989.06","4,925.35","4,927.88","4,927.88","2,001,050,000"
"Nov 12, 2015","5,043.10","5,062.49","5,004.46","5,005.08","5,005.08","1,820,930,000"
"Nov 11, 2015","5,098.13","5,111.19","5,066.68","5,067.02","5,067.02","1,672,340,000"
"Nov 10, 2015","5,068.55","5,086.88","5,051.22","5,083.24","5,083.24","1,906,120,000"
"Nov 9, 2015","5,128.94","5,133.44","5,066.10","5,095.30","5,095.30","1,850,770,000"
"Nov 6, 2015","5,124.04","5,147.12","5,092.87","5,147.12","5,147.12","2,066,430,000"
"Nov 5, 2015","5,144.15","5,154.86","5,098.49","5,127.74","5,127.74","2,054,490,000"
"Nov 4, 2015","5,155.62","5,162.57","5,122.78","5,142.48","5,142.48","2,096,110,000"
"Nov 3, 2015","5,114.31","5,163.47","5,109.68","5,145.13","5,145.13","2,028,630,000"
"Nov 2, 2015","5,065.64","5,130.51","5,061.47","5,127.15","5,127.15","1,888,180,000"
"Oct 30, 2015","5,079.76","5,085.22","5,053.75","5,053.75","5,053.75","2,016,390,000"
"Oct 29, 2015","5,071.04","5,084.63","5,066.89","5,074.27","5,074.27","1,928,310,000"
"Oct 28, 2015","5,040.38","5,095.69","5,019.60","5,095.69","5,095.69","2,141,130,000"
"Oct 27, 2015","5,018.99","5,040.08","5,009.07","5,030.15","5,030.15","1,986,840,000"
"Oct 26, 2015","5,030.80","5,045.16","5,012.74","5,034.70","5,034.70","1,758,690,000"
"Oct 23, 2015","5,024.38","5,048.55","4,999.54","5,031.86","5,031.86","2,178,270,000"
"Oct 22, 2015","4,875.96","4,926.99","4,861.80","4,920.05","4,920.05","2,156,040,000"
"Oct 21, 2015","4,903.98","4,904.85","4,836.46","4,840.12","4,840.12","1,895,390,000"
"Oct 20, 2015","4,900.02","4,909.37","4,866.60","4,880.97","4,880.97","1,711,700,000"
"Oct 19, 2015","4,873.54","4,915.49","4,865.83","4,905.47","4,905.47","1,619,920,000"
"Oct 16, 2015","4,872.36","4,886.95","4,851.28","4,886.69","4,886.69","1,855,290,000"
"Oct 15, 2015","4,799.43","4,870.10","4,795.29","4,870.10","4,870.10","1,942,900,000"
"Oct 14, 2015","4,801.35","4,820.09","4,771.62","4,782.85","4,782.85","1,902,460,000"
"Oct 13, 2015","4,809.24","4,858.28","4,793.92","4,796.61","4,796.61","1,565,060,000"
"Oct 12, 2015","4,839.79","4,846.74","4,818.17","4,838.64","4,838.64","1,343,820,000"
"Oct 9, 2015","4,817.28","4,841.38","4,804.59","4,830.47","4,830.47","1,804,260,000"
"Oct 8, 2015","4,775.06","4,819.07","4,737.93","4,810.79","4,810.79","1,984,230,000"
"Oct 7, 2015","4,775.05","4,791.15","4,728.71","4,791.15","4,791.15","2,149,890,000"
"Oct 6, 2015","4,767.63","4,783.37","4,711.79","4,748.36","4,748.36","2,085,020,000"
"Oct 5, 2015","4,742.13","4,785.91","4,740.24","4,781.26","4,781.26","2,005,320,000"
"Oct 2, 2015","4,566.13","4,707.78","4,552.34","4,707.78","4,707.78","2,183,320,000"
"Oct 1, 2015","4,624.46","4,628.23","4,559.21","4,627.08","4,627.08","2,133,990,000"
"Sep 30, 2015","4,574.38","4,620.16","4,559.18","4,620.16","4,620.16","2,398,350,000"
"Sep 29, 2015","4,551.04","4,596.06","4,487.06","4,517.32","4,517.32","2,293,450,000"
"Sep 28, 2015","4,665.06","4,665.21","4,529.41","4,543.97","4,543.97","2,387,610,000"
"Sep 25, 2015","4,782.41","4,785.22","4,659.48","4,686.50","4,686.50","2,050,530,000"
"Sep 24, 2015","4,717.89","4,746.21","4,670.12","4,734.48","4,734.48","1,995,820,000"
"Sep 23, 2015","4,764.69","4,780.64","4,735.13","4,752.74","4,752.74","1,606,330,000"
"Sep 22, 2015","4,762.29","4,776.28","4,716.91","4,756.72","4,756.72","2,042,880,000"
"Sep 21, 2015","4,851.98","4,881.46","4,795.91","4,828.95","4,828.95","2,021,530,000"
"Sep 18, 2015","4,828.71","4,878.71","4,819.09","4,827.23","4,827.23","3,272,150,000"
"Sep 17, 2015","4,884.11","4,960.87","4,880.50","4,893.95","4,893.95","1,891,510,000"
"Sep 16, 2015","4,860.43","4,893.44","4,848.15","4,889.24","4,889.24","1,666,380,000"
"Sep 15, 2015","4,819.32","4,872.35","4,802.09","4,860.52","4,860.52","1,587,460,000"
"Sep 14, 2015","4,831.98","4,832.00","4,791.08","4,805.76","4,805.76","1,467,740,000"
"Sep 11, 2015","4,770.73","4,822.34","4,763.15","4,822.34","4,822.34","1,686,190,000"
"Sep 10, 2015","4,749.96","4,826.33","4,746.52","4,796.25","4,796.25","1,845,770,000"
"Sep 9, 2015","4,856.27","4,862.88","4,746.73","4,756.53","4,756.53","1,963,750,000"
"Sep 8, 2015","4,769.72","4,815.04","4,754.89","4,811.93","4,811.93","1,765,600,000"
"Sep 4, 2015","4,670.35","4,712.67","4,657.82","4,683.92","4,683.92","1,574,720,000"
"Sep 3, 2015","4,763.10","4,800.18","4,721.91","4,733.50","4,733.50","1,803,320,000"
"Sep 2, 2015","4,704.42","4,749.98","4,659.41","4,749.98","4,749.98","1,929,080,000"
"Sep 1, 2015","4,673.61","4,722.13","4,614.91","4,636.10","4,636.10","2,253,750,000"
"Aug 31, 2015","4,798.68","4,824.61","4,763.42","4,776.51","4,776.51","1,839,010,000"
"Aug 28, 2015","4,792.11","4,836.78","4,788.38","4,828.32","4,828.32","1,936,540,000"
"Aug 27, 2015","4,761.05","4,818.71","4,721.79","4,812.71","4,812.71","2,368,880,000"
"Aug 26, 2015","4,633.51","4,703.97","4,530.03","4,697.54","4,697.54","2,631,660,000"
"Aug 25, 2015","4,687.27","4,689.54","4,506.10","4,506.49","4,506.49","2,612,800,000"
"Aug 24, 2015","4,351.61","4,694.90","4,292.14","4,526.25","4,526.25","3,508,840,000"
"Aug 21, 2015","4,801.04","4,856.75","4,706.04","4,706.04","4,706.04","2,768,540,000"
"Aug 20, 2015","4,973.49","4,986.51","4,877.49","4,877.49","4,877.49","2,087,000,000"
"Aug 19, 2015","5,039.03","5,060.93","4,992.85","5,019.05","5,019.05","1,785,420,000"
"Aug 18, 2015","5,082.17","5,085.14","5,054.97","5,059.35","5,059.35","1,501,540,000"
"Aug 17, 2015","5,032.34","5,092.69","5,022.42","5,091.70","5,091.70","1,510,790,000"
"Aug 14, 2015","5,025.92","5,051.89","5,012.61","5,048.24","5,048.24","1,487,630,000"
"Aug 13, 2015","5,050.94","5,071.46","5,029.61","5,033.56","5,033.56","1,632,340,000"
"Aug 12, 2015","4,994.52","5,055.75","4,945.79","5,044.39","5,044.39","2,089,460,000"
"Aug 11, 2015","5,069.16","5,089.33","5,013.45","5,036.79","5,036.79","1,912,340,000"
"Aug 10, 2015","5,081.72","5,112.47","5,081.11","5,101.80","5,101.80","1,784,930,000"
"Aug 7, 2015","5,043.97","5,055.56","5,006.15","5,043.54","5,043.54","2,008,360,000"
"Aug 6, 2015","5,146.63","5,149.93","5,035.41","5,056.44","5,056.44","2,290,950,000"
"Aug 5, 2015","5,132.77","5,175.26","5,131.86","5,139.94","5,139.94","2,041,490,000"
"Aug 4, 2015","5,110.96","5,125.90","5,092.46","5,105.55","5,105.55","1,819,700,000"
"Aug 3, 2015","5,134.34","5,143.08","5,082.32","5,115.38","5,115.38","1,790,080,000"
"Jul 31, 2015","5,148.18","5,155.02","5,122.37","5,128.28","5,128.28","1,926,360,000"
"Jul 30, 2015","5,100.30","5,135.65","5,070.62","5,128.78","5,128.78","1,908,480,000"
"Jul 29, 2015","5,097.86","5,117.84","5,080.04","5,111.73","5,111.73","1,890,350,000"
"Jul 28, 2015","5,063.44","5,097.69","5,025.61","5,089.21","5,089.21","2,025,110,000"
"Jul 27, 2015","5,055.92","5,072.88","5,032.69","5,039.78","5,039.78","1,942,520,000"
"Jul 24, 2015","5,166.91","5,167.54","5,084.51","5,088.63","5,088.63","2,004,380,000"
"Jul 23, 2015","5,180.33","5,197.00","5,137.64","5,146.41","5,146.41","2,003,310,000"
"Jul 22, 2015","5,146.03","5,184.74","5,145.78","5,171.77","5,171.77","2,035,730,000"
"Jul 21, 2015","5,219.20","5,229.00","5,196.30","5,208.12","5,208.12","1,774,570,000"
"Jul 20, 2015","5,223.18","5,231.94","5,201.49","5,218.86","5,218.86","1,814,180,000"
"Jul 17, 2015","5,196.11","5,210.16","5,183.23","5,210.14","5,210.14","1,854,450,000"
"Jul 16, 2015","5,138.18","5,163.18","5,128.56","5,163.18","5,163.18","1,823,530,000"
"Jul 15, 2015","5,111.11","5,125.32","5,088.12","5,098.94","5,098.94","1,691,350,000"
"Jul 14, 2015","5,077.12","5,116.52","5,075.12","5,104.89","5,104.89","1,682,660,000"
"Jul 13, 2015","5,037.27","5,074.81","5,036.68","5,071.51","5,071.51","1,694,140,000"
"Jul 10, 2015","4,981.24","5,008.05","4,966.51","4,997.70","4,997.70","1,590,230,000"
"Jul 9, 2015","4,976.15","4,982.19","4,920.40","4,922.40","4,922.40","1,861,600,000"
"Jul 8, 2015","4,953.98","4,965.45","4,901.51","4,909.76","4,909.76","1,931,520,000"
"Jul 7, 2015","4,993.76","5,001.99","4,902.21","4,997.46","4,997.46","2,132,080,000"
"Jul 6, 2015","4,963.80","5,020.71","4,960.93","4,991.94","4,991.94","1,741,500,000"
"Jul 2, 2015","5,024.30","5,027.47","4,990.74","5,009.21","5,009.21","1,490,810,000"
"Jul 1, 2015","5,029.05","5,038.55","4,994.46","5,013.12","5,013.12","1,814,560,000"
"Jun 30, 2015","5,000.15","5,008.76","4,968.26","4,986.87","4,986.87","2,034,430,000"
"Jun 29, 2015","5,021.21","5,051.01","4,956.23","4,958.47","4,958.47","2,025,580,000"
"Jun 26, 2015","5,113.26","5,121.47","5,060.82","5,080.51","5,080.51","3,843,810,000"
"Jun 25, 2015","5,139.48","5,141.71","5,102.16","5,112.19","5,112.19","1,614,760,000"
"Jun 24, 2015","5,151.38","5,164.36","5,121.64","5,122.41","5,122.41","1,628,800,000"
"Jun 23, 2015","5,161.68","5,163.41","5,139.33","5,160.09","5,160.09","1,613,540,000"
"Jun 22, 2015","5,147.87","5,162.13","5,142.78","5,153.97","5,153.97","1,619,970,000"
"Jun 19, 2015","5,139.77","5,140.17","5,113.94","5,117.00","5,117.00","2,468,310,000"
"Jun 18, 2015","5,082.06","5,143.32","5,082.03","5,132.95","5,132.95","1,877,920,000"
"Jun 17, 2015","5,067.68","5,080.11","5,042.25","5,064.88","5,064.88","1,712,820,000"
"Jun 16, 2015","5,023.58","5,063.06","5,022.56","5,055.55","5,055.55","1,654,820,000"
"Jun 15, 2015","5,011.79","5,035.37","4,985.94","5,029.97","5,029.97","1,790,280,000"
"Jun 12, 2015","5,060.24","5,067.96","5,043.24","5,051.10","5,051.10","1,428,900,000"
"Jun 11, 2015","5,088.26","5,101.39","5,075.05","5,082.51","5,082.51","1,623,950,000"
"Jun 10, 2015","5,029.41","5,086.66","5,024.17","5,076.69","5,076.69","1,792,980,000"
"Jun 9, 2015","5,013.13","5,027.02","4,974.62","5,013.87","5,013.87","1,754,340,000"
"Jun 8, 2015","5,066.65","5,069.00","5,014.06","5,021.63","5,021.63","1,712,210,000"
"Jun 5, 2015","5,057.04","5,074.98","5,025.52","5,068.46","5,068.46","1,842,890,000"
"Jun 4, 2015","5,078.22","5,101.11","5,046.29","5,059.12","5,059.12","1,813,960,000"
"Jun 3, 2015","5,098.48","5,114.60","5,084.99","5,099.23","5,099.23","1,852,680,000"
"Jun 2, 2015","5,063.47","5,100.02","5,047.35","5,076.52","5,076.52","1,729,750,000"
"Jun 1, 2015","5,094.94","5,099.01","5,045.67","5,082.93","5,082.93","1,902,120,000"
"May 29, 2015","5,093.10","5,099.40","5,057.59","5,070.03","5,070.03","2,024,170,000"
"May 28, 2015","5,096.34","5,106.65","5,080.25","5,097.98","5,097.98","1,741,420,000"
"May 27, 2015","5,047.86","5,111.54","5,039.37","5,106.59","5,106.59","1,809,550,000"
"May 26, 2015","5,076.91","5,081.17","5,016.74","5,032.75","5,032.75","1,731,950,000"
"May 22, 2015","5,085.39","5,103.84","5,085.19","5,089.36","5,089.36","1,544,920,000"
"May 21, 2015","5,065.94","5,098.23","5,062.51","5,090.79","5,090.79","1,683,670,000"
"May 20, 2015","5,072.44","5,097.52","5,050.21","5,071.74","5,071.74","1,786,830,000"
"May 19, 2015","5,080.44","5,087.35","5,062.80","5,070.03","5,070.03","1,750,980,000"
"May 18, 2015","5,040.92","5,084.50","5,037.54","5,078.44","5,078.44","1,643,870,000"
"May 15, 2015","5,059.15","5,062.65","5,034.84","5,048.29","5,048.29","1,667,260,000"
"May 14, 2015","5,016.68","5,051.72","4,999.65","5,050.80","5,050.80","1,741,970,000"
"May 13, 2015","4,991.42","5,012.97","4,977.49","4,981.69","4,981.69","1,672,260,000"
"May 12, 2015","4,966.44","4,995.50","4,931.60","4,976.19","4,976.19","1,705,870,000"
"May 11, 2015","5,003.26","5,017.38","4,992.02","4,993.57","4,993.57","1,731,390,000"
"May 8, 2015","4,991.63","5,014.33","4,989.26","5,003.55","5,003.55","1,978,760,000"
"May 7, 2015","4,917.75","4,957.12","4,914.53","4,945.54","4,945.54","2,042,960,000"
"May 6, 2015","4,956.70","4,965.10","4,888.17","4,919.64","4,919.64","2,144,620,000"
"May 5, 2015","5,000.20","5,008.27","4,934.34","4,939.33","4,939.33","2,069,490,000"
"May 4, 2015","5,018.35","5,043.62","5,013.02","5,016.93","5,016.93","1,668,200,000"
"May 1, 2015","4,966.32","5,005.39","4,962.74","5,005.39","5,005.39","1,854,400,000"
"Apr 30, 2015","4,996.99","5,015.96","4,921.55","4,941.42","4,941.42","2,269,290,000"
"Apr 29, 2015","5,028.45","5,053.84","4,999.83","5,023.64","5,023.64","1,871,300,000"
"Apr 28, 2015","5,063.26","5,075.30","5,006.28","5,055.42","5,055.42","2,032,500,000"
"Apr 27, 2015","5,104.36","5,119.83","5,053.54","5,060.25","5,060.25","2,172,470,000"
"Apr 24, 2015","5,096.34","5,100.37","5,081.21","5,092.08","5,092.08","1,895,150,000"
"Apr 23, 2015","5,020.22","5,073.09","5,019.29","5,056.06","5,056.06","1,858,620,000"
"Apr 22, 2015","5,026.57","5,040.65","4,992.62","5,035.17","5,035.17","1,696,380,000"
"Apr 21, 2015","5,023.96","5,028.22","5,009.51","5,014.10","5,014.10","1,721,260,000"
"Apr 20, 2015","4,958.07","5,000.20","4,952.68","4,994.60","4,994.60","1,646,340,000"
"Apr 17, 2015","4,966.11","4,974.09","4,912.33","4,931.81","4,931.81","1,985,190,000"
"Apr 16, 2015","4,999.36","5,016.00","4,996.00","5,007.79","5,007.79","1,662,850,000"
"Apr 15, 2015","4,992.62","5,021.19","4,989.24","5,011.02","5,011.02","1,795,530,000"
"Apr 14, 2015","4,988.82","4,996.82","4,952.01","4,977.29","4,977.29","1,571,360,000"
"Apr 13, 2015","5,001.55","5,024.25","4,985.96","4,988.25","4,988.25","1,544,190,000"
"Apr 10, 2015","4,977.03","4,996.08","4,970.02","4,995.98","4,995.98","1,494,240,000"
"Apr 9, 2015","4,950.84","4,975.93","4,928.11","4,974.56","4,974.56","1,729,750,000"
"Apr 8, 2015","4,914.15","4,956.72","4,914.15","4,950.82","4,950.82","1,714,210,000"
"Apr 7, 2015","4,917.50","4,948.88","4,909.77","4,910.23","4,910.23","1,572,940,000"
"Apr 6, 2015","4,855.94","4,929.62","4,852.91","4,917.32","4,917.32","1,737,560,000"
"Apr 2, 2015","4,885.41","4,901.33","4,872.96","4,886.94","4,886.94","1,563,670,000"
"Apr 1, 2015","4,894.36","4,899.38","4,844.39","4,880.23","4,880.23","1,874,960,000"
"Mar 31, 2015","4,925.91","4,940.87","4,899.31","4,900.88","4,900.88","1,837,660,000"
"Mar 30, 2015","4,921.78","4,948.46","4,921.12","4,947.44","4,947.44","1,778,520,000"
"Mar 27, 2015","4,863.74","4,899.26","4,859.66","4,891.22","4,891.22","1,678,650,000"
"Mar 26, 2015","4,835.71","4,889.21","4,825.93","4,863.36","4,863.36","2,004,960,000"
"Mar 25, 2015","5,002.83","5,006.76","4,876.52","4,876.52","4,876.52","2,219,520,000"
"Mar 24, 2015","5,010.10","5,032.48","4,994.56","4,994.73","4,994.73","1,611,670,000"
"Mar 23, 2015","5,020.60","5,031.39","5,010.97","5,010.97","5,010.97","1,608,880,000"
"Mar 20, 2015","5,033.47","5,042.14","5,020.07","5,026.42","5,026.42","2,825,670,000"
"Mar 19, 2015","4,982.02","5,000.02","4,979.94","4,992.38","4,992.38","1,674,970,000"
"Mar 18, 2015","4,926.83","5,001.57","4,907.72","4,982.83","4,982.83","1,983,570,000"
"Mar 17, 2015","4,912.65","4,944.91","4,907.02","4,937.43","4,937.43","1,724,370,000"
"Mar 16, 2015","4,897.27","4,929.94","4,889.09","4,929.51","4,929.51","1,713,480,000"
"Mar 13, 2015","4,885.54","4,904.47","4,842.80","4,871.76","4,871.76","1,851,410,000"
"Mar 12, 2015","4,853.98","4,895.80","4,853.20","4,893.29","4,893.29","1,855,110,000"
"Mar 11, 2015","4,866.94","4,876.09","4,846.79","4,849.94","4,849.94","1,846,020,000"
"Mar 10, 2015","4,899.51","4,903.44","4,859.79","4,859.79","4,859.79","1,876,010,000"
"Mar 9, 2015","4,936.08","4,950.47","4,920.82","4,942.44","4,942.44","1,696,510,000"
"Mar 6, 2015","4,967.24","4,982.93","4,918.63","4,927.37","4,927.37","1,918,220,000"
"Mar 5, 2015","4,979.95","4,993.52","4,963.10","4,982.81","4,982.81","1,724,200,000"
"Mar 4, 2015","4,961.24","4,973.32","4,938.90","4,967.14","4,967.14","1,824,830,000"
"Mar 3, 2015","4,990.70","4,996.66","4,956.07","4,979.90","4,979.90","2,018,900,000"
"Mar 2, 2015","4,973.43","5,008.57","4,972.01","5,008.10","5,008.10","1,931,110,000"
"Feb 27, 2015","4,985.03","4,989.25","4,960.87","4,963.53","4,963.53","1,955,590,000"
"Feb 26, 2015","4,969.27","4,989.11","4,955.51","4,987.89","4,987.89","1,905,550,000"
"Feb 25, 2015","4,960.36","4,984.24","4,956.00","4,967.14","4,967.14","1,848,560,000"
"Feb 24, 2015","4,956.21","4,971.18","4,945.14","4,968.12","4,968.12","1,834,890,000"
"Feb 23, 2015","4,953.10","4,960.97","4,939.56","4,960.97","4,960.97","1,754,850,000"
"Feb 20, 2015","4,919.78","4,957.02","4,905.59","4,955.97","4,955.97","1,761,140,000"
"Feb 19, 2015","4,901.51","4,929.53","4,900.63","4,924.70","4,924.70","1,592,890,000"
"Feb 18, 2015","4,890.84","4,907.50","4,885.60","4,906.36","4,906.36","1,684,800,000"
"Feb 17, 2015","4,889.99","4,901.89","4,880.64","4,899.27","4,899.27","1,751,490,000"
"Feb 13, 2015","4,869.73","4,893.84","4,860.12","4,893.84","4,893.84","1,942,240,000"
"Feb 12, 2015","4,828.08","4,857.61","4,823.57","4,857.61","4,857.61","2,075,470,000"
"Feb 11, 2015","4,788.37","4,810.36","4,780.13","4,801.18","4,801.18","1,793,630,000"
"Feb 10, 2015","4,754.63","4,793.27","4,737.12","4,787.64","4,787.64","1,773,730,000"
"Feb 9, 2015","4,723.73","4,749.47","4,719.61","4,726.01","4,726.01","1,654,680,000"
"Feb 6, 2015","4,768.84","4,787.18","4,731.22","4,744.40","4,744.40","2,034,060,000"
"Feb 5, 2015","4,729.65","4,767.38","4,722.80","4,765.10","4,765.10","2,036,590,000"
"Feb 4, 2015","4,699.81","4,744.33","4,697.79","4,716.70","4,716.70","2,212,960,000"
"Feb 3, 2015","4,693.25","4,727.74","4,670.82","4,727.74","4,727.74","2,153,520,000"
"Feb 2, 2015","4,650.60","4,676.69","4,580.46","4,676.69","4,676.69","2,006,450,000"
"Jan 30, 2015","4,671.21","4,703.81","4,631.10","4,635.24","4,635.24","2,264,230,000"
"Jan 29, 2015","4,635.73","4,688.41","4,601.76","4,683.41","4,683.41","2,110,710,000"
"Jan 28, 2015","4,740.69","4,742.06","4,637.48","4,637.99","4,637.99","2,118,680,000"
"Jan 27, 2015","4,698.23","4,721.87","4,659.83","4,681.50","4,681.50","1,954,160,000"
"Jan 26, 2015","4,752.36","4,774.18","4,734.20","4,771.76","4,771.76","1,717,510,000"
"Jan 23, 2015","4,748.19","4,771.18","4,737.95","4,757.88","4,757.88","1,653,830,000"
"Jan 22, 2015","4,690.93","4,752.60","4,644.57","4,750.40","4,750.40","1,996,550,000"
"Jan 21, 2015","4,641.95","4,692.46","4,629.59","4,667.42","4,667.42","1,847,420,000"
"Jan 20, 2015","4,655.84","4,665.65","4,601.10","4,654.85","4,654.85","1,835,040,000"
"Jan 16, 2015","4,566.38","4,635.82","4,563.11","4,634.38","4,634.38","1,970,520,000"
"Jan 15, 2015","4,657.46","4,663.96","4,567.39","4,570.82","4,570.82","1,976,260,000"
"Jan 14, 2015","4,610.76","4,655.37","4,595.98","4,639.32","4,639.32","2,073,810,000"
"Jan 13, 2015","4,708.74","4,751.34","4,624.28","4,661.50","4,661.50","2,162,180,000"
"Jan 12, 2015","4,714.07","4,715.81","4,650.65","4,664.71","4,664.71","1,861,960,000"
"Jan 9, 2015","4,744.47","4,744.71","4,681.24","4,704.07","4,704.07","1,715,830,000"
"Jan 8, 2015","4,689.54","4,741.38","4,688.02","4,736.19","4,736.19","2,105,450,000"
"Jan 7, 2015","4,626.84","4,652.72","4,613.90","4,650.47","4,650.47","1,957,950,000"
"Jan 6, 2015","4,666.85","4,667.33","4,567.59","4,592.74","4,592.74","2,167,320,000"
"Jan 5, 2015","4,700.34","4,702.77","4,641.46","4,652.57","4,652.57","1,794,470,000"
"Jan 2, 2015","4,760.24","4,777.01","4,698.11","4,726.81","4,726.81","1,435,150,000"
"Dec 31, 2014","4,790.53","4,806.43","4,734.11","4,736.05","4,736.05","1,515,600,000"
"Dec 30, 2014","4,793.61","4,803.89","4,772.88","4,777.44","4,777.44","1,269,200,000"
"Dec 29, 2014","4,801.26","4,813.72","4,798.90","4,806.91","4,806.91","1,227,740,000"
"Dec 26, 2014","4,788.06","4,814.95","4,787.85","4,806.86","4,806.86","930,220,000"
"Dec 24, 2014","4,770.12","4,787.57","4,768.67","4,773.47","4,773.47","729,750,000"
"Dec 23, 2014","4,798.03","4,798.06","4,761.39","4,765.42","4,765.42","1,590,820,000"
"Dec 22, 2014","4,759.04","4,781.93","4,757.80","4,781.42","4,781.42","1,720,070,000"
"Dec 19, 2014","4,752.60","4,782.13","4,738.29","4,765.38","4,765.38","3,287,920,000"
"Dec 18, 2014","4,712.39","4,748.40","4,697.09","4,748.40","4,748.40","2,172,260,000"
"Dec 17, 2014","4,556.90","4,651.90","4,550.70","4,644.31","4,644.31","2,279,930,000"
"Dec 16, 2014","4,572.79","4,645.19","4,547.31","4,547.83","4,547.83","2,231,670,000"
"Dec 15, 2014","4,679.67","4,690.58","4,592.43","4,605.16","4,605.16","2,143,610,000"
"Dec 12, 2014","4,665.35","4,707.92","4,653.60","4,653.60","4,653.60","1,888,870,000"
"Dec 11, 2014","4,704.65","4,759.88","4,699.43","4,708.16","4,708.16","1,873,050,000"
"Dec 10, 2014","4,754.42","4,766.64","4,679.25","4,684.02","4,684.02","1,850,810,000"
"Dec 9, 2014","4,685.20","4,768.41","4,674.38","4,766.47","4,766.47","1,950,330,000"
"Dec 8, 2014","4,769.76","4,793.24","4,722.91","4,740.69","4,740.69","1,966,770,000"
"Dec 5, 2014","4,776.58","4,788.98","4,769.64","4,780.76","4,780.76","1,767,100,000"
"Dec 4, 2014","4,772.00","4,785.41","4,753.71","4,769.44","4,769.44","1,724,090,000"
"Dec 3, 2014","4,761.31","4,781.37","4,745.14","4,774.47","4,774.47","1,734,510,000"
"Dec 2, 2014","4,732.97","4,761.63","4,729.76","4,755.81","4,755.81","1,839,170,000"
"Dec 1, 2014","4,777.73","4,782.07","4,724.62","4,727.35","4,727.35","1,893,600,000"
"Nov 28, 2014","4,797.10","4,810.86","4,786.72","4,791.63","4,791.63","998,600,000"
"Nov 26, 2014","4,760.23","4,788.00","4,757.48","4,787.32","4,787.32","1,362,930,000"
"Nov 25, 2014","4,762.39","4,774.52","4,749.92","4,758.25","4,758.25","1,720,140,000"
"Nov 24, 2014","4,725.17","4,755.02","4,723.62","4,754.89","4,754.89","1,568,130,000"
"Nov 21, 2014","4,751.01","4,751.60","4,700.73","4,712.97","4,712.97","1,854,340,000"
"Nov 20, 2014","4,655.20","4,702.97","4,653.33","4,701.87","4,701.87","1,667,330,000"
"Nov 19, 2014","4,694.78","4,696.20","4,655.72","4,675.71","4,675.71","1,641,560,000"
"Nov 18, 2014","4,674.84","4,709.83","4,674.30","4,702.44","4,702.44","1,655,760,000"
"Nov 17, 2014","4,678.44","4,689.53","4,655.20","4,671.00","4,671.00","1,695,070,000"
"Nov 14, 2014","4,679.85","4,688.74","4,664.31","4,688.54","4,688.54","1,739,950,000"
"Nov 13, 2014","4,681.56","4,703.10","4,664.27","4,680.14","4,680.14","1,857,580,000"
"Nov 12, 2014","4,644.63","4,678.58","4,643.78","4,675.14","4,675.14","1,773,060,000"
"Nov 11, 2014","4,649.19","4,661.23","4,640.24","4,660.56","4,660.56","1,663,690,000"
"Nov 10, 2014","4,635.10","4,653.38","4,626.49","4,651.62","4,651.62","1,830,010,000"
"Nov 7, 2014","4,636.89","4,638.80","4,606.81","4,632.53","4,632.53","1,978,830,000"
"Nov 6, 2014","4,616.78","4,639.17","4,604.76","4,638.47","4,638.47","1,986,820,000"
"Nov 5, 2014","4,649.47","4,650.39","4,607.73","4,620.72","4,620.72","2,001,870,000"
"Nov 4, 2014","4,623.77","4,635.95","4,594.92","4,623.64","4,623.64","1,939,320,000"
"Nov 3, 2014","4,633.71","4,654.19","4,627.42","4,638.91","4,638.91","2,033,000,000"
"Oct 31, 2014","4,639.45","4,641.51","4,616.58","4,630.74","4,630.74","2,424,360,000"
"Oct 30, 2014","4,532.10","4,575.50","4,521.79","4,566.14","4,566.14","2,034,960,000"
"Oct 29, 2014","4,551.37","4,564.44","4,517.02","4,549.23","4,549.23","2,184,050,000"
"Oct 28, 2014","4,505.73","4,564.29","4,505.11","4,564.29","4,564.29","1,966,920,000"
"Oct 27, 2014","4,469.02","4,489.60","4,450.29","4,485.93","4,485.93","1,585,580,000"
"Oct 24, 2014","4,459.46","4,486.26","4,445.85","4,483.72","4,483.72","1,754,300,000"
"Oct 23, 2014","4,427.44","4,475.55","4,421.56","4,452.79","4,452.79","1,952,380,000"
"Oct 22, 2014","4,429.16","4,435.86","4,381.28","4,382.85","4,382.85","1,967,020,000"
"Oct 21, 2014","4,359.17","4,419.48","4,356.10","4,419.48","4,419.48","1,997,580,000"
"Oct 20, 2014","4,254.16","4,316.87","4,248.22","4,316.07","4,316.07","1,717,370,000"
"Oct 17, 2014","4,275.09","4,296.11","4,241.67","4,258.44","4,258.44","2,260,070,000"
"Oct 16, 2014","4,133.25","4,246.01","4,131.65","4,217.39","4,217.39","2,591,940,000"
"Oct 15, 2014","4,154.10","4,231.54","4,116.60","4,215.32","4,215.32","3,058,740,000"
"Oct 14, 2014","4,246.23","4,281.34","4,212.82","4,227.17","4,227.17","2,496,120,000"
"Oct 13, 2014","4,274.91","4,303.82","4,212.87","4,213.66","4,213.66","2,467,830,000"
"Oct 10, 2014","4,354.63","4,380.51","4,276.24","4,276.24","4,276.24","2,765,750,000"
"Oct 9, 2014","4,458.29","4,464.13","4,377.28","4,378.34","4,378.34","2,264,220,000"
"Oct 8, 2014","4,385.70","4,473.73","4,355.34","4,468.59","4,468.59","2,451,630,000"
"Oct 7, 2014","4,433.91","4,441.76","4,385.15","4,385.20","4,385.20","2,111,360,000"
"Oct 6, 2014","4,492.40","4,496.26","4,444.10","4,454.80","4,454.80","1,828,240,000"
"Oct 3, 2014","4,456.81","4,488.07","4,445.72","4,475.62","4,475.62","1,777,640,000"
"Oct 2, 2014","4,421.25","4,441.95","4,367.74","4,430.20","4,430.20","2,165,500,000"
"Oct 1, 2014","4,486.65","4,486.79","4,409.30","4,422.09","4,422.09","2,312,630,000"
"Sep 30, 2014","4,512.64","4,522.06","4,483.91","4,493.39","4,493.39","2,200,380,000"
"Sep 29, 2014","4,465.84","4,515.24","4,464.44","4,505.85","4,505.85","1,737,750,000"
"Sep 26, 2014","4,476.48","4,515.75","4,475.48","4,512.19","4,512.19","1,637,480,000"
"Sep 25, 2014","4,540.82","4,546.93","4,466.64","4,466.75","4,466.75","1,939,610,000"
"Sep 24, 2014","4,514.92","4,557.27","4,500.13","4,555.22","4,555.22","1,765,260,000"
"Sep 23, 2014","4,511.32","4,536.03","4,508.42","4,508.69","4,508.69","1,847,730,000"
"Sep 22, 2014","4,568.45","4,568.87","4,513.12","4,527.69","4,527.69","1,881,520,000"
"Sep 19, 2014","4,606.13","4,610.57","4,563.44","4,579.79","4,579.79","3,178,490,000"
"Sep 18, 2014","4,575.74","4,593.98","4,572.62","4,593.43","4,593.43","1,774,840,000"
"Sep 17, 2014","4,553.96","4,582.40","4,539.36","4,562.19","4,562.19","1,796,710,000"
"Sep 16, 2014","4,502.11","4,558.24","4,499.87","4,552.76","4,552.76","1,879,350,000"
"Sep 15, 2014","4,567.45","4,567.47","4,506.73","4,518.90","4,518.90","1,940,520,000"
"Sep 12, 2014","4,588.77","4,590.08","4,555.68","4,567.60","4,567.60","1,784,170,000"
"Sep 11, 2014","4,567.64","4,591.81","4,559.75","4,591.81","4,591.81","1,704,850,000"
"Sep 10, 2014","4,554.15","4,587.10","4,544.84","4,586.52","4,586.52","1,808,650,000"
"Sep 9, 2014","4,588.83","4,599.03","4,544.44","4,552.29","4,552.29","1,956,550,000"
"Sep 8, 2014","4,579.06","4,600.40","4,570.23","4,592.29","4,592.29","1,670,210,000"
"Sep 5, 2014","4,560.63","4,583.00","4,542.74","4,582.90","4,582.90","1,641,830,000"
"Sep 4, 2014","4,581.52","4,603.15","4,553.31","4,562.29","4,562.29","1,728,700,000"
"Sep 3, 2014","4,610.14","4,610.14","4,565.38","4,572.56","4,572.56","1,897,450,000"
"Sep 2, 2014","4,592.42","4,598.64","4,576.81","4,598.19","4,598.19","1,859,080,000"
"Aug 29, 2014","4,571.76","4,580.27","4,553.78","4,580.27","4,580.27","1,352,830,000"
"Aug 28, 2014","4,552.55","4,565.96","4,546.62","4,557.70","4,557.70","1,309,580,000"
"Aug 27, 2014","4,574.35","4,575.81","4,561.84","4,569.62","4,569.62","1,389,470,000"
"Aug 26, 2014","4,563.81","4,575.59","4,556.78","4,570.64","4,570.64","1,469,620,000"
"Aug 25, 2014","4,563.72","4,571.14","4,547.78","4,557.35","4,557.35","1,384,620,000"
"Aug 22, 2014","4,534.87","4,547.24","4,521.77","4,538.55","4,538.55","1,311,810,000"
"Aug 21, 2014","4,526.72","4,534.00","4,513.81","4,532.10","4,532.10","1,421,730,000"
"Aug 20, 2014","4,517.75","4,533.01","4,515.73","4,526.48","4,526.48","1,502,290,000"
"Aug 19, 2014","4,514.26","4,528.91","4,513.92","4,527.51","4,527.51","1,556,560,000"
"Aug 18, 2014","4,490.53","4,509.16","4,486.44","4,508.31","4,508.31","1,571,100,000"
"Aug 15, 2014","4,479.64","4,482.47","4,427.13","4,464.93","4,464.93","1,799,460,000"
"Aug 14, 2014","4,438.13","4,453.00","4,433.94","4,453.00","4,453.00","1,549,820,000"
"Aug 13, 2014","4,407.87","4,434.31","4,403.64","4,434.13","4,434.13","1,611,690,000"
"Aug 12, 2014","4,394.69","4,407.08","4,371.84","4,389.25","4,389.25","1,560,220,000"
"Aug 11, 2014","4,387.38","4,415.78","4,384.15","4,401.33","4,401.33","1,537,880,000"
"Aug 8, 2014","4,340.88","4,373.12","4,327.87","4,370.90","4,370.90","1,759,060,000"
"Aug 7, 2014","4,373.25","4,379.70","4,321.89","4,334.97","4,334.97","1,866,330,000"
"Aug 6, 2014","4,326.28","4,378.99","4,325.04","4,355.05","4,355.05","1,819,310,000"
"Aug 5, 2014","4,364.59","4,383.02","4,333.58","4,352.84","4,352.84","1,916,180,000"
"Aug 4, 2014","4,365.62","4,395.38","4,343.03","4,383.89","4,383.89","1,677,400,000"
"Aug 1, 2014","4,363.39","4,385.05","4,324.02","4,352.64","4,352.64","2,050,340,000"
"Jul 31, 2014","4,421.29","4,430.80","4,367.15","4,369.77","4,369.77","2,273,380,000"
"Jul 30, 2014","4,468.44","4,476.06","4,444.51","4,462.90","4,462.90","1,872,430,000"
"Jul 29, 2014","4,456.07","4,470.97","4,441.03","4,442.70","4,442.70","2,090,810,000"
"Jul 28, 2014","4,451.12","4,455.39","4,413.92","4,444.91","4,444.91","1,783,250,000"
"Jul 25, 2014","4,448.06","4,457.95","4,430.43","4,449.56","4,449.56","1,711,430,000"
"Jul 24, 2014","4,481.61","4,485.50","4,465.94","4,472.11","4,472.11","1,935,090,000"
"Jul 23, 2014","4,468.16","4,480.73","4,457.95","4,473.70","4,473.70","1,909,810,000"
"Jul 22, 2014","4,444.94","4,464.13","4,443.35","4,456.02","4,456.02","1,724,440,000"
"Jul 21, 2014","4,421.20","4,432.42","4,404.51","4,424.70","4,424.70","1,557,820,000"
"Jul 18, 2014","4,379.94","4,434.44","4,378.22","4,432.15","4,432.15","1,823,580,000"
"Jul 17, 2014","4,411.52","4,425.38","4,352.23","4,363.45","4,363.45","2,055,240,000"
"Jul 16, 2014","4,446.17","4,448.87","4,419.71","4,425.97","4,425.97","2,059,340,000"
"Jul 15, 2014","4,444.91","4,451.93","4,389.70","4,416.39","4,416.39","1,772,030,000"
"Jul 14, 2014","4,441.39","4,451.60","4,432.95","4,440.42","4,440.42","1,579,660,000"
"Jul 11, 2014","4,401.05","4,417.16","4,389.29","4,415.49","4,415.49","1,511,250,000"
"Jul 10, 2014","4,352.04","4,415.85","4,351.04","4,396.20","4,396.20","1,682,920,000"
"Jul 9, 2014","4,403.03","4,421.93","4,388.01","4,419.03","4,419.03","1,736,960,000"
"Jul 8, 2014","4,442.87","4,443.56","4,372.04","4,391.46","4,391.46","2,221,820,000"
"Jul 7, 2014","4,477.74","4,478.02","4,447.60","4,451.53","4,451.53","1,691,390,000"
"Jul 3, 2014","4,472.89","4,485.93","4,463.85","4,485.93","4,485.93","1,001,730,000"
"Jul 2, 2014","4,457.86","4,466.92","4,450.87","4,457.73","4,457.73","1,599,480,000"
"Jul 1, 2014","4,424.71","4,471.60","4,424.43","4,458.65","4,458.65","1,942,550,000"
"Jun 30, 2014","4,398.37","4,417.46","4,396.59","4,408.18","4,408.18","1,848,110,000"
"Jun 27, 2014","4,371.80","4,398.85","4,371.60","4,397.93","4,397.93","3,964,930,000"
"Jun 26, 2014","4,379.44","4,379.80","4,347.45","4,379.05","4,379.05","1,554,070,000"
"Jun 25, 2014","4,341.82","4,383.55","4,339.41","4,379.76","4,379.76","1,722,820,000"
"Jun 24, 2014","4,367.90","4,399.87","4,342.90","4,350.35","4,350.35","2,014,700,000"
"Jun 23, 2014","4,368.96","4,371.81","4,358.68","4,368.68","4,368.68","1,712,930,000"
"Jun 20, 2014","4,365.37","4,368.80","4,354.03","4,368.04","4,368.04","2,721,380,000"
"Jun 19, 2014","4,370.14","4,372.18","4,339.61","4,359.33","4,359.33","1,845,460,000"
"Jun 18, 2014","4,341.18","4,365.10","4,320.54","4,362.84","4,362.84","1,860,660,000"
"Jun 17, 2014","4,316.01","4,346.12","4,311.15","4,337.23","4,337.23","1,814,360,000"
"Jun 16, 2014","4,303.93","4,326.89","4,296.26","4,321.10","4,321.10","1,675,120,000"
"Jun 13, 2014","4,315.31","4,317.67","4,288.41","4,310.65","4,310.65","1,754,560,000"
"Jun 12, 2014","4,323.11","4,328.35","4,284.53","4,297.63","4,297.63","1,908,190,000"
"Jun 11, 2014","4,322.92","4,338.21","4,315.49","4,331.93","4,331.93","1,778,460,000"
"Jun 10, 2014","4,329.20","4,338.87","4,319.93","4,338.00","4,338.00","1,787,120,000"
"Jun 9, 2014","4,324.35","4,346.74","4,320.28","4,336.24","4,336.24","1,783,060,000"
"Jun 6, 2014","4,312.76","4,322.51","4,305.74","4,321.40","4,321.40","1,616,650,000"
"Jun 5, 2014","4,259.12","4,299.50","4,241.68","4,296.23","4,296.23","1,926,750,000"
"Jun 4, 2014","4,222.21","4,256.19","4,216.23","4,251.64","4,251.64","1,610,090,000"
"Jun 3, 2014","4,222.04","4,240.35","4,215.80","4,234.08","4,234.08","1,718,640,000"
"Jun 2, 2014","4,247.96","4,247.96","4,207.61","4,237.20","4,237.20","1,631,310,000"
"May 30, 2014","4,251.49","4,252.08","4,221.95","4,242.62","4,242.62","1,903,660,000"
"May 29, 2014","4,238.04","4,247.95","4,228.96","4,247.95","4,247.95","1,714,000,000"
"May 28, 2014","4,234.96","4,238.17","4,216.89","4,225.08","4,225.08","1,785,140,000"
"May 27, 2014","4,206.44","4,237.07","4,204.72","4,237.07","4,237.07","1,812,330,000"
"May 23, 2014","4,159.78","4,186.58","4,148.30","4,185.81","4,185.81","1,536,610,000"
"May 22, 2014","4,136.09","4,164.85","4,131.47","4,154.34","4,154.34","1,835,810,000"
"May 21, 2014","4,105.96","4,133.61","4,103.61","4,131.54","4,131.54","1,703,500,000"
"May 20, 2014","4,121.11","4,124.86","4,080.61","4,096.89","4,096.89","1,797,910,000"
"May 19, 2014","4,080.33","4,128.47","4,075.70","4,125.81","4,125.81","1,601,400,000"
"May 16, 2014","4,070.35","4,091.16","4,044.27","4,090.59","4,090.59","1,741,070,000"
"May 15, 2014","4,096.53","4,098.25","4,035.96","4,069.29","4,069.29","2,083,030,000"
"May 14, 2014","4,122.08","4,132.33","4,093.83","4,100.63","4,100.63","1,764,430,000"
"May 13, 2014","4,144.90","4,155.13","4,128.01","4,130.17","4,130.17","1,923,480,000"
"May 12, 2014","4,092.84","4,146.54","4,092.09","4,143.86","4,143.86","1,880,020,000"
"May 9, 2014","4,043.44","4,071.87","4,025.24","4,071.87","4,071.87","1,976,160,000"
"May 8, 2014","4,053.28","4,109.20","4,039.91","4,051.50","4,051.50","2,411,940,000"
"May 7, 2014","4,085.49","4,091.03","4,021.05","4,067.67","4,067.67","2,486,030,000"
"May 6, 2014","4,128.22","4,132.46","4,080.76","4,080.76","4,080.76","1,850,610,000"
"May 5, 2014","4,099.25","4,138.34","4,086.35","4,138.06","4,138.06","1,561,170,000"
"May 2, 2014","4,138.63","4,145.06","4,115.89","4,123.90","4,123.90","1,844,790,000"
"May 1, 2014","4,121.25","4,149.56","4,105.61","4,127.45","4,127.45","2,077,040,000"
"Apr 30, 2014","4,085.19","4,116.14","4,070.63","4,114.56","4,114.56","2,151,400,000"
"Apr 29, 2014","4,089.51","4,111.45","4,070.25","4,103.54","4,103.54","1,911,240,000"
"Apr 28, 2014","4,091.81","4,111.59","4,014.17","4,074.40","4,074.40","2,348,320,000"
"Apr 25, 2014","4,125.16","4,126.98","4,068.10","4,075.56","4,075.56","2,087,140,000"
"Apr 24, 2014","4,174.61","4,177.16","4,107.52","4,148.34","4,148.34","2,130,870,000"
"Apr 23, 2014","4,160.90","4,161.44","4,125.41","4,126.97","4,126.97","1,794,760,000"
"Apr 22, 2014","4,132.06","4,170.72","4,131.61","4,161.46","4,161.46","1,875,930,000"
"Apr 21, 2014","4,105.37","4,121.55","4,081.91","4,121.55","4,121.55","1,544,440,000"
"Apr 17, 2014","4,080.30","4,110.46","4,064.70","4,095.52","4,095.52","1,954,720,000"
"Apr 16, 2014","4,066.82","4,086.28","4,038.81","4,086.23","4,086.23","1,863,110,000"
"Apr 15, 2014","4,032.63","4,054.80","3,946.03","4,034.16","4,034.16","2,413,110,000"
"Apr 14, 2014","4,038.06","4,050.79","3,986.50","4,022.69","4,022.69","1,890,480,000"
"Apr 11, 2014","4,015.07","4,067.22","3,991.64","3,999.73","3,999.73","2,264,480,000"
"Apr 10, 2014","4,181.21","4,182.61","4,042.76","4,054.11","4,054.11","2,421,210,000"
"Apr 9, 2014","4,129.63","4,185.19","4,121.17","4,183.90","4,183.90","1,957,560,000"
"Apr 8, 2014","4,085.18","4,120.24","4,066.11","4,112.99","4,112.99","2,198,900,000"
"Apr 7, 2014","4,110.92","4,133.68","4,052.14","4,079.75","4,079.75","2,554,680,000"
"Apr 4, 2014","4,263.94","4,267.06","4,118.71","4,127.73","4,127.73","2,621,270,000"
"Apr 3, 2014","4,282.18","4,284.69","4,216.57","4,237.74","4,237.74","2,067,370,000"
"Apr 2, 2014","4,281.61","4,286.09","4,258.86","4,276.46","4,276.46","2,187,100,000"
"Apr 1, 2014","4,219.87","4,268.20","4,218.77","4,268.04","4,268.04","2,153,130,000"
"Mar 31, 2014","4,185.63","4,212.97","4,180.54","4,198.99","4,198.99","2,090,850,000"
"Mar 28, 2014","4,163.18","4,203.49","4,144.69","4,155.76","4,155.76","2,029,840,000"
"Mar 27, 2014","4,169.35","4,186.13","4,131.81","4,151.23","4,151.23","2,270,650,000"
"Mar 26, 2014","4,254.98","4,263.07","4,173.58","4,173.58","4,173.58","2,455,460,000"
"Mar 25, 2014","4,252.65","4,274.32","4,203.64","4,234.27","4,234.27","2,270,760,000"
"Mar 24, 2014","4,289.49","4,289.49","4,190.61","4,226.39","4,226.39","2,434,650,000"
"Mar 21, 2014","4,339.90","4,344.39","4,268.34","4,276.79","4,276.79","3,245,740,000"
"Mar 20, 2014","4,297.99","4,329.61","4,287.41","4,319.29","4,319.29","1,847,270,000"
"Mar 19, 2014","4,331.46","4,334.30","4,283.54","4,307.60","4,307.60","1,992,750,000"
"Mar 18, 2014","4,286.22","4,334.66","4,284.11","4,333.31","4,333.31","1,962,890,000"
"Mar 17, 2014","4,274.22","4,301.28","4,273.01","4,279.95","4,279.95","1,810,410,000"
"Mar 14, 2014","4,250.45","4,272.34","4,241.94","4,245.40","4,245.40","2,196,890,000"
"Mar 13, 2014","4,338.26","4,339.90","4,242.95","4,260.42","4,260.42","2,383,600,000"
"Mar 12, 2014","4,288.60","4,323.33","4,270.22","4,323.33","4,323.33","2,131,880,000"
"Mar 11, 2014","4,342.93","4,354.43","4,295.47","4,307.19","4,307.19","2,477,780,000"
"Mar 10, 2014","4,332.62","4,339.93","4,307.84","4,334.45","4,334.45","2,111,610,000"
"Mar 7, 2014","4,370.98","4,371.39","4,319.15","4,336.22","4,336.22","2,175,560,000"
"Mar 6, 2014","4,368.81","4,371.71","4,341.00","4,352.13","4,352.13","2,136,260,000"
"Mar 5, 2014","4,352.76","4,362.50","4,344.15","4,357.97","4,357.97","2,215,980,000"
"Mar 4, 2014","4,327.85","4,357.21","4,327.54","4,351.97","4,351.97","2,477,850,000"
"Mar 3, 2014","4,261.42","4,284.15","4,239.65","4,277.30","4,277.30","2,077,500,000"
"Feb 28, 2014","4,323.52","4,342.59","4,275.61","4,308.12","4,308.12","2,617,730,000"
"Feb 27, 2014","4,291.47","4,322.46","4,284.78","4,318.93","4,318.93","2,049,160,000"
"Feb 26, 2014","4,300.45","4,316.82","4,278.54","4,292.06","4,292.06","2,108,270,000"
"Feb 25, 2014","4,298.48","4,307.51","4,275.80","4,287.59","4,287.59","2,137,150,000"
"Feb 24, 2014","4,273.32","4,311.13","4,272.11","4,292.97","4,292.97","2,161,300,000"
"Feb 21, 2014","4,282.17","4,284.85","4,261.63","4,263.41","4,263.41","2,138,250,000"
"Feb 20, 2014","4,241.46","4,272.34","4,226.75","4,267.55","4,267.55","1,992,780,000"
"Feb 19, 2014","4,260.74","4,274.29","4,232.38","4,237.95","4,237.95","1,956,720,000"
"Feb 18, 2014","4,253.71","4,277.33","4,243.56","4,272.78","4,272.78","1,886,210,000"
"Feb 14, 2014","4,237.00","4,250.91","4,225.75","4,244.02","4,244.02","1,881,510,000"
"Feb 13, 2014","4,171.58","4,240.67","4,170.47","4,240.67","4,240.67","2,249,990,000"
"Feb 12, 2014","4,196.85","4,212.61","4,190.39","4,201.29","4,201.29","2,035,890,000"
"Feb 11, 2014","4,154.66","4,198.51","4,153.10","4,191.05","4,191.05","1,993,950,000"
"Feb 10, 2014","4,125.12","4,148.30","4,122.61","4,148.17","4,148.17","1,811,970,000"
"Feb 7, 2014","4,081.82","4,126.51","4,069.93","4,125.86","4,125.86","2,055,850,000"
"Feb 6, 2014","4,022.66","4,064.06","4,022.17","4,057.12","4,057.12","1,942,700,000"
"Feb 5, 2014","4,015.50","4,026.28","3,968.19","4,011.55","4,011.55","2,168,360,000"
"Feb 4, 2014","4,019.44","4,044.20","4,004.58","4,031.52","4,031.52","2,173,360,000"
"Feb 3, 2014","4,105.06","4,113.55","3,989.95","3,996.96","3,996.96","2,617,030,000"
"Jan 31, 2014","4,068.63","4,124.92","4,067.61","4,103.88","4,103.88","2,300,570,000"
"Jan 30, 2014","4,098.81","4,135.84","4,094.17","4,123.13","4,123.13","2,168,410,000"
"Jan 29, 2014","4,060.61","4,091.27","4,044.76","4,051.43","4,051.43","2,231,850,000"
"Jan 28, 2014","4,067.86","4,099.81","4,067.69","4,097.96","4,097.96","2,091,180,000"
"Jan 27, 2014","4,132.22","4,136.46","4,052.63","4,083.61","4,083.61","2,398,280,000"
"Jan 24, 2014","4,194.97","4,197.93","4,128.17","4,128.17","4,128.17","2,489,470,000"
"Jan 23, 2014","4,224.36","4,224.44","4,192.28","4,218.88","4,218.88","2,191,980,000"
"Jan 22, 2014","4,234.58","4,246.55","4,225.52","4,243.00","4,243.00","2,026,910,000"
"Jan 21, 2014","4,222.98","4,227.93","4,193.17","4,225.76","4,225.76","2,034,030,000"
"Jan 17, 2014","4,207.82","4,217.24","4,187.31","4,197.58","4,197.58","2,150,370,000"
"Jan 16, 2014","4,209.59","4,219.28","4,204.16","4,218.69","4,218.69","2,005,850,000"
"Jan 15, 2014","4,196.53","4,218.79","4,195.98","4,214.88","4,214.88","2,101,870,000"
"Jan 14, 2014","4,129.60","4,183.84","4,125.81","4,183.02","4,183.02","2,034,180,000"
"Jan 13, 2014","4,167.41","4,179.47","4,097.99","4,113.30","4,113.30","2,322,240,000"
"Jan 10, 2014","4,168.94","4,174.68","4,142.21","4,174.67","4,174.67","2,143,070,000"
"Jan 9, 2014","4,179.04","4,182.74","4,142.70","4,156.19","4,156.19","2,214,770,000"
"Jan 8, 2014","4,154.28","4,171.75","4,145.00","4,165.61","4,165.61","2,345,220,000"
"Jan 7, 2014","4,128.57","4,158.18","4,126.48","4,153.18","4,153.18","2,278,220,000"
"Jan 6, 2014","4,137.03","4,139.78","4,103.75","4,113.68","4,113.68","2,292,840,000"
"Jan 3, 2014","4,148.56","4,152.96","4,124.96","4,131.91","4,131.91","1,667,480,000"
"Jan 2, 2014","4,160.03","4,160.96","4,131.79","4,143.07","4,143.07","1,738,820,000"
"Dec 31, 2013","4,161.51","4,177.73","4,160.77","4,176.59","4,176.59","1,401,140,000"
"Dec 30, 2013","4,153.58","4,158.73","4,142.18","4,154.20","4,154.20","1,349,470,000"
"Dec 27, 2013","4,173.36","4,175.36","4,153.64","4,156.59","4,156.59","1,255,020,000"
"Dec 26, 2013","4,164.21","4,169.97","4,158.59","4,167.18","4,167.18","1,180,670,000"
"Dec 24, 2013","4,150.64","4,155.62","4,147.15","4,155.42","4,155.42","802,270,000"
"Dec 23, 2013","4,136.15","4,149.31","4,127.72","4,148.90","4,148.90","1,779,400,000"
"Dec 20, 2013","4,064.89","4,111.93","4,064.73","4,104.74","4,104.74","3,510,420,000"
"Dec 19, 2013","4,059.34","4,063.70","4,045.41","4,058.14","4,058.14","1,813,050,000"
"Dec 18, 2013","4,024.67","4,070.38","3,979.59","4,070.06","4,070.06","2,178,330,000"
"Dec 17, 2013","4,028.88","4,034.69","4,011.58","4,023.68","4,023.68","1,861,130,000"
"Dec 16, 2013","4,019.37","4,043.00","4,019.14","4,029.52","4,029.52","1,943,830,000"
"Dec 13, 2013","4,015.53","4,017.45","3,992.29","4,000.98","4,000.98","1,615,340,000"
"Dec 12, 2013","4,004.75","4,013.54","3,993.57","3,998.40","3,998.40","1,893,270,000"
"Dec 11, 2013","4,061.67","4,065.08","3,998.92","4,003.81","4,003.81","1,923,520,000"
"Dec 10, 2013","4,061.17","4,074.01","4,056.49","4,060.49","4,060.49","1,864,860,000"
"Dec 9, 2013","4,073.75","4,081.78","4,063.50","4,068.75","4,068.75","1,717,120,000"
"Dec 6, 2013","4,069.86","4,069.86","4,042.35","4,062.52","4,062.52","1,727,130,000"
"Dec 5, 2013","4,037.99","4,043.71","4,025.26","4,033.17","4,033.17","1,880,950,000"
"Dec 4, 2013","4,020.33","4,051.74","4,004.76","4,038.00","4,038.00","1,886,970,000"
"Dec 3, 2013","4,038.99","4,050.08","4,022.12","4,037.20","4,037.20","1,875,010,000"
"Dec 2, 2013","4,065.66","4,068.49","4,040.88","4,045.26","4,045.26","1,680,380,000"
"Nov 29, 2013","4,057.16","4,069.70","4,055.45","4,059.89","4,059.89","853,500,000"
"Nov 27, 2013","4,026.92","4,045.81","4,023.65","4,044.75","4,044.75","1,477,020,000"
"Nov 26, 2013","3,996.70","4,026.99","3,989.49","4,017.75","4,017.75","1,907,680,000"
"Nov 25, 2013","4,004.37","4,007.09","3,987.16","3,994.57","3,994.57","1,795,760,000"
"Nov 22, 2013","3,977.31","3,991.66","3,973.00","3,991.65","3,991.65","1,730,280,000"
"Nov 21, 2013","3,938.11","3,970.91","3,936.82","3,969.16","3,969.16","1,684,250,000"
"Nov 20, 2013","3,940.98","3,952.08","3,911.61","3,921.27","3,921.27","1,721,160,000"
"Nov 19, 2013","3,945.98","3,960.44","3,923.47","3,931.55","3,931.55","1,747,840,000"
"Nov 18, 2013","3,990.06","3,994.97","3,942.85","3,949.07","3,949.07","1,829,870,000"
"Nov 15, 2013","3,978.27","3,985.97","3,969.22","3,985.97","3,985.97","1,899,150,000"
"Nov 14, 2013","3,956.47","3,975.89","3,949.01","3,972.74","3,972.74","1,965,350,000"
"Nov 13, 2013","3,899.38","3,965.58","3,899.31","3,965.58","3,965.58","1,827,220,000"
"Nov 12, 2013","3,907.82","3,922.27","3,902.67","3,919.92","3,919.92","1,776,860,000"
"Nov 11, 2013","3,913.64","3,925.34","3,904.72","3,919.79","3,919.79","1,595,340,000"
"Nov 8, 2013","3,871.24","3,919.23","3,869.12","3,919.23","3,919.23","1,981,740,000"
"Nov 7, 2013","3,935.81","3,938.33","3,855.07","3,857.33","3,857.33","2,303,320,000"
"Nov 6, 2013","3,952.18","3,955.97","3,920.91","3,931.95","3,931.95","2,020,160,000"
"Nov 5, 2013","3,925.06","3,947.27","3,909.63","3,939.86","3,939.86","1,934,630,000"
"Nov 4, 2013","3,932.60","3,937.50","3,919.46","3,936.59","3,936.59","1,817,880,000"
"Nov 1, 2013","3,932.45","3,938.48","3,904.20","3,922.04","3,922.04","1,949,460,000"
"Oct 31, 2013","3,924.34","3,945.04","3,909.26","3,919.71","3,919.71","2,139,650,000"
"Oct 30, 2013","3,962.40","3,966.71","3,919.14","3,930.62","3,930.62","1,923,000,000"
"Oct 29, 2013","3,954.34","3,957.12","3,934.94","3,952.34","3,952.34","1,897,380,000"
"Oct 28, 2013","3,942.56","3,947.58","3,927.09","3,940.13","3,940.13","1,904,810,000"
"Oct 25, 2013","3,955.98","3,961.10","3,927.50","3,943.36","3,943.36","2,225,780,000"
"Oct 24, 2013","3,911.61","3,932.60","3,907.54","3,928.96","3,928.96","2,054,350,000"
"Oct 23, 2013","3,907.30","3,911.64","3,887.67","3,907.07","3,907.07","1,915,030,000"
"Oct 22, 2013","3,935.54","3,947.67","3,904.06","3,929.57","3,929.57","1,890,500,000"
"Oct 21, 2013","3,922.65","3,931.45","3,909.91","3,920.05","3,920.05","1,674,470,000"
"Oct 18, 2013","3,893.36","3,914.93","3,882.06","3,914.28","3,914.28","1,943,090,000"
"Oct 17, 2013","3,822.85","3,863.49","3,821.43","3,863.15","3,863.15","1,975,140,000"
"Oct 16, 2013","3,815.00","3,840.48","3,814.15","3,839.43","3,839.43","1,744,000,000"
"Oct 15, 2013","3,810.72","3,824.44","3,789.68","3,794.01","3,794.01","1,745,560,000"
"Oct 14, 2013","3,767.49","3,816.41","3,766.28","3,815.28","3,815.28","1,455,160,000"
"Oct 11, 2013","3,753.22","3,794.37","3,751.38","3,791.87","3,791.87","1,750,350,000"
"Oct 10, 2013","3,721.58","3,764.72","3,721.11","3,760.75","3,760.75","1,902,410,000"
"Oct 9, 2013","3,701.62","3,702.15","3,650.03","3,677.78","3,677.78","2,242,700,000"
"Oct 8, 2013","3,772.22","3,772.49","3,694.15","3,694.83","3,694.83","2,087,580,000"
"Oct 7, 2013","3,776.64","3,800.08","3,769.75","3,770.38","3,770.38","1,475,990,000"
"Oct 4, 2013","3,774.72","3,812.86","3,773.40","3,807.75","3,807.75","1,549,600,000"
"Oct 3, 2013","3,809.90","3,816.96","3,753.17","3,774.34","3,774.34","1,884,340,000"
"Oct 2, 2013","3,793.11","3,819.28","3,788.45","3,815.02","3,815.02","1,792,980,000"
"Oct 1, 2013","3,774.18","3,817.98","3,774.18","3,817.98","3,817.98","1,843,320,000"
"Sep 30, 2013","3,737.60","3,780.97","3,734.74","3,771.48","3,771.48","1,895,760,000"
"Sep 27, 2013","3,767.89","3,788.35","3,762.67","3,781.59","3,781.59","1,699,720,000"
"Sep 26, 2013","3,774.95","3,795.72","3,772.80","3,787.43","3,787.43","1,817,960,000"
"Sep 25, 2013","3,772.59","3,782.92","3,754.94","3,761.10","3,761.10","1,821,790,000"
"Sep 24, 2013","3,771.60","3,789.85","3,753.04","3,768.25","3,768.25","1,810,950,000"
"Sep 23, 2013","3,786.84","3,787.14","3,745.54","3,765.29","3,765.29","1,728,620,000"
"Sep 20, 2013","3,796.28","3,798.76","3,774.11","3,774.73","3,774.73","2,711,270,000"
"Sep 19, 2013","3,794.70","3,798.16","3,781.59","3,789.38","3,789.38","1,775,980,000"
"Sep 18, 2013","3,751.29","3,790.70","3,737.69","3,783.64","3,783.64","1,828,820,000"
"Sep 17, 2013","3,725.31","3,747.08","3,724.26","3,745.70","3,745.70","1,338,800,000"
"Sep 16, 2013","3,755.00","3,756.24","3,712.47","3,717.85","3,717.85","1,542,500,000"
"Sep 13, 2013","3,723.27","3,724.73","3,701.88","3,722.18","3,722.18","1,460,190,000"
"Sep 12, 2013","3,724.53","3,731.84","3,713.08","3,715.97","3,715.97","1,653,860,000"
"Sep 11, 2013","3,710.79","3,726.59","3,704.22","3,725.01","3,725.01","1,722,380,000"
"Sep 10, 2013","3,724.67","3,729.38","3,716.44","3,729.02","3,729.02","1,842,570,000"
"Sep 9, 2013","3,675.12","3,708.42","3,675.12","3,706.18","3,706.18","1,664,290,000"
"Sep 6, 2013","3,672.82","3,677.07","3,618.77","3,660.01","3,660.01","1,647,310,000"
"Sep 5, 2013","3,652.44","3,665.01","3,651.17","3,658.78","3,658.78","1,550,180,000"
"Sep 4, 2013","3,619.05","3,651.78","3,612.22","3,649.04","3,649.04","1,855,980,000"
"Sep 3, 2013","3,622.64","3,637.06","3,593.62","3,612.61","3,612.61","1,628,810,000"
"Aug 30, 2013","3,621.59","3,621.78","3,581.05","3,589.87","3,589.87","1,328,320,000"
"Aug 29, 2013","3,587.07","3,635.84","3,587.07","3,620.30","3,620.30","1,344,900,000"
"Aug 28, 2013","3,579.11","3,607.36","3,578.80","3,593.35","3,593.35","1,370,650,000"
"Aug 27, 2013","3,616.06","3,629.95","3,573.57","3,578.52","3,578.52","1,640,040,000"
"Aug 26, 2013","3,661.81","3,684.22","3,652.26","3,657.57","3,657.57","1,404,230,000"
"Aug 23, 2013","3,659.21","3,660.66","3,643.86","3,657.79","3,657.79","1,499,890,000"
"Aug 22, 2013","3,614.14","3,639.21","3,613.93","3,638.71","3,638.71","927,400,000"
"Aug 21, 2013","3,603.68","3,630.23","3,589.02","3,599.79","3,599.79","1,438,510,000"
"Aug 20, 2013","3,596.77","3,625.26","3,593.14","3,613.59","3,613.59","1,308,280,000"
"Aug 19, 2013","3,601.88","3,623.48","3,589.03","3,589.09","3,589.09","1,381,050,000"
"Aug 16, 2013","3,603.78","3,621.46","3,598.65","3,602.78","3,602.78","1,520,430,000"
"Aug 15, 2013","3,625.36","3,626.77","3,600.96","3,606.12","3,606.12","1,742,510,000"
"Aug 14, 2013","3,683.97","3,686.55","3,668.74","3,669.27","3,669.27","1,589,370,000"
"Aug 13, 2013","3,675.37","3,691.06","3,648.82","3,684.44","3,684.44","1,644,730,000"
"Aug 12, 2013","3,645.78","3,673.51","3,645.39","3,669.95","3,669.95","1,422,420,000"
"Aug 9, 2013","3,664.27","3,677.83","3,649.69","3,660.11","3,660.11","1,546,570,000"
"Aug 8, 2013","3,672.21","3,675.71","3,649.64","3,669.12","3,669.12","1,702,950,000"
"Aug 7, 2013","3,658.53","3,663.20","3,633.59","3,654.01","3,654.01","1,659,780,000"
"Aug 6, 2013","3,685.39","3,690.32","3,654.67","3,665.77","3,665.77","1,444,200,000"
"Aug 5, 2013","3,682.67","3,694.19","3,681.34","3,692.95","3,692.95","1,471,860,000"
"Aug 2, 2013","3,671.11","3,689.59","3,663.88","3,689.59","3,689.59","1,683,270,000"
"Aug 1, 2013","3,654.18","3,678.50","3,653.74","3,675.74","3,675.74","1,863,290,000"
"Jul 31, 2013","3,627.66","3,649.35","3,624.77","3,626.37","3,626.37","1,942,380,000"
"Jul 30, 2013","3,612.36","3,629.12","3,606.33","3,616.47","3,616.47","1,763,580,000"
"Jul 29, 2013","3,604.29","3,618.86","3,592.80","3,599.14","3,599.14","1,545,720,000"
"Jul 26, 2013","3,584.85","3,613.33","3,581.26","3,613.16","3,613.16","1,796,060,000"
"Jul 25, 2013","3,589.46","3,606.19","3,579.20","3,605.19","3,605.19","2,203,970,000"
"Jul 24, 2013","3,605.26","3,606.28","3,573.53","3,579.60","3,579.60","1,856,660,000"
"Jul 23, 2013","3,606.70","3,606.70","3,576.96","3,579.27","3,579.27","1,620,350,000"
"Jul 22, 2013","3,599.87","3,601.92","3,587.46","3,600.39","3,600.39","1,507,010,000"
"Jul 19, 2013","3,581.90","3,589.05","3,578.57","3,587.61","3,587.61","1,785,460,000"
"Jul 18, 2013","3,610.03","3,624.54","3,607.09","3,611.28","3,611.28","1,719,390,000"
"Jul 17, 2013","3,608.13","3,615.79","3,600.69","3,610.00","3,610.00","1,564,340,000"
"Jul 16, 2013","3,611.00","3,611.35","3,589.65","3,598.50","3,598.50","1,590,540,000"
"Jul 15, 2013","3,601.09","3,609.59","3,591.54","3,607.49","3,607.49","1,449,130,000"
"Jul 12, 2013","3,579.58","3,600.08","3,576.57","3,600.08","3,600.08","1,615,820,000"
"Jul 11, 2013","3,557.79","3,579.29","3,552.52","3,578.30","3,578.30","1,744,210,000"
"Jul 10, 2013","3,502.11","3,522.99","3,502.00","3,520.76","3,520.76","1,567,340,000"
"Jul 9, 2013","3,501.25","3,508.81","3,484.79","3,504.26","3,504.26","1,633,520,000"
"Jul 8, 2013","3,493.81","3,495.51","3,475.39","3,484.83","3,484.83","1,521,720,000"
"Jul 5, 2013","3,468.48","3,479.46","3,441.78","3,479.38","3,479.38","1,254,400,000"
"Jul 3, 2013","3,420.27","3,455.42","3,417.88","3,443.67","3,443.67","935,980,000"
"Jul 2, 2013","3,430.69","3,453.29","3,415.23","3,433.40","3,433.40","1,685,190,000"
"Jul 1, 2013","3,430.48","3,454.43","3,430.31","3,434.49","3,434.49","1,586,750,000"
"Jun 28, 2013","3,389.30","3,422.20","3,382.75","3,403.25","3,403.25","3,630,410,000"
"Jun 27, 2013","3,395.79","3,412.79","3,395.41","3,401.86","3,401.86","1,689,800,000"
"Jun 26, 2013","3,375.70","3,383.70","3,365.48","3,376.22","3,376.22","1,671,280,000"
"Jun 25, 2013","3,350.59","3,358.31","3,327.69","3,347.89","3,347.89","1,657,280,000"
"Jun 24, 2013","3,326.38","3,344.66","3,294.95","3,320.76","3,320.76","2,030,960,000"
"Jun 21, 2013","3,367.81","3,377.30","3,326.86","3,357.25","3,357.25","2,921,900,000"
"Jun 20, 2013","3,405.14","3,412.94","3,355.93","3,364.64","3,364.64","2,041,500,000"
"Jun 19, 2013","3,483.59","3,485.45","3,443.20","3,443.20","3,443.20","1,649,200,000"
"Jun 18, 2013","3,456.29","3,488.31","3,456.09","3,482.18","3,482.18","1,675,090,000"
"Jun 17, 2013","3,449.97","3,468.56","3,436.34","3,452.13","3,452.13","1,581,830,000"
"Jun 14, 2013","3,442.31","3,448.40","3,419.32","3,423.56","3,423.56","1,458,030,000"
"Jun 13, 2013","3,398.54","3,451.03","3,387.61","3,445.36","3,445.36","1,584,740,000"
"Jun 12, 2013","3,458.14","3,459.18","3,395.91","3,400.43","3,400.43","1,630,200,000"
"Jun 11, 2013","3,436.62","3,466.57","3,426.57","3,436.95","3,436.95","1,560,370,000"
"Jun 10, 2013","3,475.68","3,484.81","3,465.54","3,473.77","3,473.77","1,556,520,000"
"Jun 7, 2013","3,437.84","3,471.73","3,429.43","3,469.22","3,469.22","1,646,810,000"
"Jun 6, 2013","3,404.41","3,424.05","3,378.24","3,424.05","3,424.05","1,802,700,000"
"Jun 5, 2013","3,432.85","3,446.15","3,397.91","3,401.48","3,401.48","1,813,890,000"
"Jun 4, 2013","3,467.02","3,482.75","3,430.02","3,445.26","3,445.26","1,871,640,000"
"Jun 3, 2013","3,460.76","3,465.84","3,419.39","3,465.37","3,465.37","2,054,100,000"
"May 31, 2013","3,478.22","3,500.67","3,455.84","3,455.91","3,455.91","1,968,270,000"
"May 30, 2013","3,473.21","3,503.82","3,473.04","3,491.30","3,491.30","1,737,320,000"
"May 29, 2013","3,471.67","3,479.53","3,450.40","3,467.52","3,467.52","1,794,650,000"
"May 28, 2013","3,497.90","3,514.80","3,475.39","3,488.89","3,488.89","1,748,070,000"
"May 24, 2013","3,438.28","3,459.47","3,429.31","3,459.14","3,459.14","1,449,210,000"
"May 23, 2013","3,426.07","3,467.13","3,422.51","3,459.42","3,459.42","1,820,670,000"
"May 22, 2013","3,503.48","3,532.04","3,446.96","3,463.30","3,463.30","2,179,330,000"
"May 21, 2013","3,495.46","3,512.15","3,486.88","3,502.12","3,502.12","1,776,780,000"
"May 20, 2013","3,490.46","3,509.41","3,488.13","3,496.43","3,496.43","1,745,260,000"
"May 17, 2013","3,483.41","3,499.20","3,473.04","3,498.97","3,498.97","1,828,610,000"
"May 16, 2013","3,473.16","3,485.95","3,462.24","3,465.24","3,465.24","1,945,760,000"
"May 15, 2013","3,455.67","3,475.48","3,452.31","3,471.62","3,471.62","1,843,910,000"
"May 14, 2013","3,439.72","3,468.67","3,439.72","3,462.61","3,462.61","1,820,520,000"
"May 13, 2013","3,429.53","3,447.10","3,426.67","3,438.79","3,438.79","1,615,510,000"
"May 10, 2013","3,414.84","3,436.60","3,411.59","3,436.58","3,436.58","1,689,730,000"
"May 9, 2013","3,408.94","3,428.54","3,403.43","3,409.17","3,409.17","1,826,220,000"
"May 8, 2013","3,394.89","3,413.27","3,389.80","3,413.27","3,413.27","1,756,400,000"
"May 7, 2013","3,398.84","3,402.24","3,381.04","3,396.63","3,396.63","1,709,800,000"
"May 6, 2013","3,382.33","3,396.21","3,381.44","3,392.97","3,392.97","1,500,410,000"
"May 3, 2013","3,371.41","3,388.12","3,370.30","3,378.63","3,378.63","1,745,570,000"
"May 2, 2013","3,306.15","3,344.90","3,305.81","3,340.62","3,340.62","1,757,480,000"
"May 1, 2013","3,325.35","3,330.02","3,296.50","3,299.13","3,299.13","1,884,600,000"
"Apr 30, 2013","3,308.05","3,328.79","3,298.58","3,328.79","3,328.79","1,984,270,000"
"Apr 29, 2013","3,290.31","3,315.33","3,289.42","3,307.02","3,307.02","1,594,110,000"
"Apr 26, 2013","3,284.07","3,287.48","3,268.03","3,279.26","3,279.26","1,721,970,000"
"Apr 25, 2013","3,279.82","3,301.28","3,279.29","3,289.99","3,289.99","2,012,230,000"
"Apr 24, 2013","3,262.21","3,277.12","3,255.44","3,269.65","3,269.65","1,738,590,000"
"Apr 23, 2013","3,252.80","3,275.89","3,241.52","3,269.33","3,269.33","1,684,770,000"
"Apr 22, 2013","3,217.40","3,241.16","3,198.74","3,233.55","3,233.55","1,628,340,000"
"Apr 19, 2013","3,169.32","3,210.03","3,168.33","3,206.06","3,206.06","1,738,850,000"
"Apr 18, 2013","3,212.24","3,212.97","3,154.96","3,166.36","3,166.36","1,766,000,000"
"Apr 17, 2013","3,236.25","3,236.98","3,186.08","3,204.67","3,204.67","1,902,730,000"
"Apr 16, 2013","3,239.05","3,265.84","3,231.45","3,264.63","3,264.63","1,515,400,000"
"Apr 15, 2013","3,277.58","3,283.40","3,213.46","3,216.49","3,216.49","1,779,320,000"
"Apr 12, 2013","3,292.39","3,296.50","3,271.02","3,294.95","3,294.95","1,471,180,000"
"Apr 11, 2013","3,289.59","3,306.95","3,287.74","3,300.16","3,300.16","1,829,170,000"
"Apr 10, 2013","3,246.06","3,299.16","3,245.80","3,297.25","3,297.25","1,769,870,000"
"Apr 9, 2013","3,229.81","3,249.95","3,215.02","3,237.86","3,237.86","1,498,130,000"
"Apr 8, 2013","3,207.15","3,222.26","3,195.57","3,222.25","3,222.25","1,323,520,000"
"Apr 5, 2013","3,174.00","3,206.21","3,168.88","3,203.86","3,203.86","1,594,090,000"
"Apr 4, 2013","3,219.11","3,226.24","3,206.02","3,224.98","3,224.98","1,475,720,000"
"Apr 3, 2013","3,257.38","3,260.15","3,210.39","3,218.60","3,218.60","1,813,910,000"
"Apr 2, 2013","3,252.55","3,267.93","3,245.41","3,254.86","3,254.86","1,580,800,000"
"Apr 1, 2013","3,268.63","3,270.23","3,230.57","3,239.17","3,239.17","1,481,360,000"
"Mar 28, 2013","3,257.32","3,270.30","3,253.21","3,267.52","3,267.52","1,636,800,000"
"Mar 27, 2013","3,230.76","3,258.26","3,227.02","3,256.52","3,256.52","1,420,130,000"
"Mar 26, 2013","3,249.95","3,252.93","3,239.92","3,252.48","3,252.48","1,444,500,000"
"Mar 25, 2013","3,255.85","3,263.63","3,222.48","3,235.30","3,235.30","1,666,010,000"
"Mar 22, 2013","3,235.30","3,247.94","3,230.86","3,245.00","3,245.00","1,681,360,000"
"Mar 21, 2013","3,228.17","3,237.57","3,215.69","3,222.60","3,222.60","1,692,260,000"
"Mar 20, 2013","3,251.91","3,257.99","3,240.90","3,254.19","3,254.19","1,599,120,000"
"Mar 19, 2013","3,246.70","3,252.60","3,205.42","3,229.10","3,229.10","1,690,680,000"
"Mar 18, 2013","3,215.71","3,249.37","3,211.10","3,237.59","3,237.59","1,550,510,000"
"Mar 15, 2013","3,260.46","3,260.62","3,242.65","3,249.07","3,249.07","2,305,230,000"
"Mar 14, 2013","3,253.00","3,258.93","3,250.24","3,258.93","3,258.93","1,651,650,000"
"Mar 13, 2013","3,243.04","3,251.45","3,230.62","3,245.12","3,245.12","1,577,280,000"
"Mar 12, 2013","3,244.85","3,249.78","3,229.92","3,242.32","3,242.32","1,673,740,000"
"Mar 11, 2013","3,237.74","3,252.87","3,233.67","3,252.87","3,252.87","1,628,500,000"
"Mar 8, 2013","3,245.85","3,248.70","3,227.89","3,244.37","3,244.37","1,611,700,000"
"Mar 7, 2013","3,224.50","3,235.10","3,221.47","3,232.09","3,232.09","1,675,640,000"
"Mar 6, 2013","3,233.31","3,233.44","3,217.67","3,222.37","3,222.37","1,764,020,000"
"Mar 5, 2013","3,200.38","3,227.31","3,200.27","3,224.13","3,224.13","1,891,510,000"
"Mar 4, 2013","3,159.46","3,182.27","3,154.79","3,182.03","3,182.03","1,718,290,000"
"Mar 1, 2013","3,143.54","3,171.50","3,129.40","3,169.74","3,169.74","1,870,250,000"
"Feb 28, 2013","3,161.43","3,182.60","3,159.72","3,160.19","3,160.19","2,022,530,000"
"Feb 27, 2013","3,129.72","3,177.80","3,127.27","3,162.26","3,162.26","1,727,260,000"
"Feb 26, 2013","3,126.23","3,135.57","3,105.36","3,129.65","3,129.65","1,847,750,000"
"Feb 25, 2013","3,180.59","3,186.25","3,116.25","3,116.25","3,116.25","1,930,990,000"
"Feb 22, 2013","3,149.09","3,161.82","3,139.55","3,161.82","3,161.82","1,581,500,000"
"Feb 21, 2013","3,154.88","3,155.19","3,118.62","3,131.49","3,131.49","2,052,630,000"
"Feb 20, 2013","3,211.99","3,213.25","3,163.95","3,164.41","3,164.41","2,001,800,000"
"Feb 19, 2013","3,197.46","3,213.60","3,194.92","3,213.59","3,213.59","1,843,840,000"
"Feb 15, 2013","3,202.84","3,206.21","3,184.03","3,192.03","3,192.03","1,858,670,000"
"Feb 14, 2013","3,182.74","3,202.33","3,182.39","3,198.66","3,198.66","1,924,900,000"
"Feb 13, 2013","3,195.34","3,205.52","3,187.06","3,196.88","3,196.88","1,822,450,000"
"Feb 12, 2013","3,190.73","3,196.92","3,184.84","3,186.49","3,186.49","1,786,800,000"
"Feb 11, 2013","3,192.53","3,194.01","3,182.19","3,192.00","3,192.00","1,551,370,000"
"Feb 8, 2013","3,178.06","3,196.89","3,177.18","3,193.87","3,193.87","1,816,480,000"
"Feb 7, 2013","3,167.44","3,170.42","3,135.98","3,165.13","3,165.13","1,955,960,000"
"Feb 6, 2013","3,159.38","3,174.82","3,157.35","3,168.48","3,168.48","2,002,740,000"
"Feb 5, 2013","3,140.90","3,178.52","3,136.82","3,171.58","3,171.58","2,150,080,000"
"Feb 4, 2013","3,161.72","3,169.63","3,130.57","3,131.17","3,131.17","1,874,750,000"
"Feb 1, 2013","3,162.94","3,183.14","3,154.91","3,179.10","3,179.10","2,012,930,000"
"Jan 31, 2013","3,140.67","3,154.18","3,136.82","3,142.13","3,142.13","2,190,840,000"
"Jan 30, 2013","3,157.43","3,164.06","3,135.83","3,142.31","3,142.31","2,014,350,000"
"Jan 29, 2013","3,149.62","3,156.94","3,133.11","3,153.66","3,153.66","2,050,670,000"
"Jan 28, 2013","3,152.17","3,161.83","3,144.89","3,154.30","3,154.30","1,935,590,000"
"Jan 25, 2013","3,140.65","3,156.20","3,135.86","3,149.71","3,149.71","1,920,250,000"
"Jan 24, 2013","3,125.67","3,153.56","3,124.45","3,130.38","3,130.38","2,046,990,000"
"Jan 23, 2013","3,155.82","3,161.06","3,149.74","3,153.67","3,153.67","1,698,190,000"
"Jan 22, 2013","3,135.63","3,143.18","3,121.54","3,143.18","3,143.18","1,790,730,000"
"Jan 18, 2013","3,127.91","3,134.73","3,119.20","3,134.71","3,134.71","1,860,070,000"
"Jan 17, 2013","3,130.49","3,144.05","3,125.79","3,136.00","3,136.00","1,766,510,000"
"Jan 16, 2013","3,110.72","3,124.65","3,106.79","3,117.54","3,117.54","1,692,380,000"
"Jan 15, 2013","3,101.06","3,112.29","3,093.32","3,110.78","3,110.78","1,852,870,000"
"Jan 14, 2013","3,113.65","3,123.48","3,104.08","3,117.50","3,117.50","1,876,050,000"
"Jan 11, 2013","3,122.12","3,126.59","3,114.10","3,125.63","3,125.63","1,772,600,000"
"Jan 10, 2013","3,125.64","3,127.72","3,098.47","3,121.76","3,121.76","1,754,240,000"
"Jan 9, 2013","3,099.65","3,111.22","3,096.34","3,105.81","3,105.81","1,732,510,000"
"Jan 8, 2013","3,098.46","3,103.39","3,076.60","3,091.81","3,091.81","1,744,380,000"
"Jan 7, 2013","3,089.17","3,102.35","3,083.88","3,098.81","3,098.81","1,702,540,000"
"Jan 4, 2013","3,100.88","3,108.44","3,090.81","3,101.66","3,101.66","1,745,140,000"
"Jan 3, 2013","3,108.49","3,118.18","3,092.28","3,100.57","3,100.57","1,769,420,000"
"Jan 2, 2013","3,091.33","3,112.65","3,083.49","3,112.26","3,112.26","2,111,300,000"
"Dec 31, 2012","2,955.45","3,021.41","2,953.52","3,019.51","3,019.51","1,557,230,000"
"Dec 28, 2012","2,965.12","2,985.47","2,959.37","2,960.31","2,960.31","1,143,530,000"
"Dec 27, 2012","2,989.87","2,993.66","2,951.04","2,985.91","2,985.91","1,342,790,000"
"Dec 26, 2012","3,013.13","3,018.65","2,983.35","2,990.16","2,990.16","1,059,190,000"
"Dec 24, 2012","3,013.89","3,016.18","3,008.53","3,012.60","3,012.60","614,230,000"
"Dec 21, 2012","2,998.60","3,022.19","2,995.13","3,021.01","3,021.01","2,843,090,000"
"Dec 20, 2012","3,050.30","3,053.53","3,034.15","3,050.39","3,050.39","1,691,190,000"
"Dec 19, 2012","3,059.03","3,061.82","3,044.36","3,044.36","3,044.36","1,933,270,000"
"Dec 18, 2012","3,020.82","3,056.65","3,016.40","3,054.53","3,054.53","2,022,130,000"
"Dec 17, 2012","2,975.50","3,011.22","2,973.54","3,010.60","3,010.60","1,911,420,000"
"Dec 14, 2012","2,976.95","2,985.33","2,963.80","2,971.33","2,971.33","1,786,980,000"
"Dec 13, 2012","3,007.83","3,026.51","2,982.63","2,992.16","2,992.16","1,833,990,000"
"Dec 12, 2012","3,033.93","3,035.19","3,008.49","3,013.81","3,013.81","1,756,220,000"
"Dec 11, 2012","3,005.43","3,033.14","3,003.82","3,022.30","3,022.30","1,921,860,000"
"Dec 10, 2012","2,973.19","2,997.64","2,971.56","2,986.96","2,986.96","1,528,430,000"
"Dec 7, 2012","2,999.69","3,003.27","2,968.82","2,978.04","2,978.04","1,613,570,000"
"Dec 6, 2012","2,967.99","2,996.53","2,962.02","2,989.27","2,989.27","1,713,460,000"
"Dec 5, 2012","2,993.20","2,994.73","2,958.26","2,973.70","2,973.70","1,800,820,000"
"Dec 4, 2012","3,000.44","3,002.90","2,980.93","2,996.69","2,996.69","1,781,760,000"
"Dec 3, 2012","3,029.21","3,030.28","2,999.57","3,002.20","3,002.20","1,667,330,000"
"Nov 30, 2012","3,013.25","3,014.25","2,999.72","3,010.24","3,010.24","2,194,240,000"
"Nov 29, 2012","3,005.41","3,017.18","2,996.30","3,012.03","3,012.03","1,758,440,000"
"Nov 28, 2012","2,952.02","2,992.17","2,935.88","2,991.78","2,991.78","1,725,550,000"
"Nov 27, 2012","2,974.56","2,985.32","2,965.13","2,967.79","2,967.79","1,763,320,000"
"Nov 26, 2012","2,961.02","2,976.93","2,951.73","2,976.78","2,976.78","1,641,710,000"
"Nov 23, 2012","2,943.62","2,967.19","2,940.68","2,966.85","2,966.85","792,750,000"
"Nov 21, 2012","2,919.14","2,928.17","2,912.42","2,926.55","2,926.55","1,430,060,000"
"Nov 20, 2012","2,910.73","2,919.96","2,893.38","2,916.68","2,916.68","1,588,750,000"
"Nov 19, 2012","2,886.00","2,916.07","2,884.75","2,916.07","2,916.07","1,767,240,000"
"Nov 16, 2012","2,838.90","2,859.57","2,810.80","2,853.13","2,853.13","2,187,730,000"
"Nov 15, 2012","2,847.84","2,855.64","2,826.75","2,836.94","2,836.94","2,010,300,000"
"Nov 14, 2012","2,896.81","2,900.10","2,842.86","2,846.81","2,846.81","2,106,590,000"
"Nov 13, 2012","2,880.77","2,909.00","2,877.06","2,883.89","2,883.89","1,816,260,000"
"Nov 12, 2012","2,916.38","2,920.01","2,896.55","2,904.25","2,904.25","1,379,240,000"
"Nov 9, 2012","2,892.57","2,931.11","2,889.81","2,904.87","2,904.87","1,802,580,000"
"Nov 8, 2012","2,942.09","2,949.70","2,895.58","2,895.58","2,895.58","1,876,420,000"
"Nov 7, 2012","2,976.46","2,977.81","2,926.79","2,937.29","2,937.29","2,059,690,000"
"Nov 6, 2012","3,003.71","3,024.44","2,998.93","3,011.93","3,011.93","1,782,430,000"
"Nov 5, 2012","2,983.03","3,004.87","2,975.85","2,999.66","2,999.66","1,496,210,000"
"Nov 2, 2012","3,033.85","3,033.85","2,981.69","2,982.13","2,982.13","1,834,590,000"
"Nov 1, 2012","2,987.54","3,021.94","2,984.22","3,020.06","3,020.06","1,880,140,000"
"Oct 31, 2012","2,986.85","2,989.70","2,964.94","2,977.23","2,977.23","1,806,780,000"
"Oct 26, 2012","2,986.05","2,999.14","2,961.16","2,987.95","2,987.95","1,839,700,000"
"Oct 25, 2012","3,005.04","3,007.71","2,975.98","2,986.12","2,986.12","1,922,660,000"
"Oct 24, 2012","3,011.82","3,012.95","2,978.73","2,981.70","2,981.70","1,967,000,000"
"Oct 23, 2012","2,989.44","3,006.59","2,974.07","2,990.46","2,990.46","1,830,840,000"
"Oct 22, 2012","3,005.92","3,020.61","2,995.78","3,016.96","3,016.96","1,654,130,000"
"Oct 19, 2012","3,066.56","3,066.56","3,000.27","3,005.62","3,005.62","2,225,580,000"
"Oct 18, 2012","3,097.77","3,102.56","3,065.24","3,072.87","3,072.87","2,043,290,000"
"Oct 17, 2012","3,091.38","3,112.45","3,088.05","3,104.12","3,104.12","1,770,920,000"
"Oct 16, 2012","3,073.21","3,102.97","3,070.25","3,101.17","3,101.17","1,736,930,000"
"Oct 15, 2012","3,053.21","3,066.31","3,037.27","3,064.18","3,064.18","1,563,440,000"
"Oct 12, 2012","3,049.08","3,061.77","3,039.58","3,044.11","3,044.11","1,524,840,000"
"Oct 11, 2012","3,075.89","3,078.08","3,047.14","3,049.41","3,049.41","1,595,020,000"
"Oct 10, 2012","3,066.25","3,071.57","3,046.78","3,051.78","3,051.78","1,788,970,000"
"Oct 9, 2012","3,108.01","3,108.01","3,062.52","3,065.02","3,065.02","1,645,740,000"
"Oct 8, 2012","3,121.33","3,125.49","3,107.57","3,112.35","3,112.35","1,186,260,000"
"Oct 5, 2012","3,161.21","3,171.46","3,130.76","3,136.19","3,136.19","1,607,940,000"
"Oct 4, 2012","3,142.38","3,153.48","3,132.56","3,149.46","3,149.46","1,585,190,000"
"Oct 3, 2012","3,130.85","3,142.36","3,115.04","3,135.23","3,135.23","1,704,050,000"
"Oct 2, 2012","3,127.73","3,131.64","3,101.64","3,120.04","3,120.04","1,609,570,000"
"Oct 1, 2012","3,130.31","3,146.99","3,103.89","3,113.53","3,113.53","1,758,170,000"
"Sep 28, 2012","3,125.31","3,132.51","3,109.91","3,116.23","3,116.23","1,864,640,000"
"Sep 27, 2012","3,105.87","3,142.02","3,098.46","3,136.60","3,136.60","1,691,800,000"
"Sep 26, 2012","3,113.40","3,114.54","3,080.28","3,093.70","3,093.70","1,738,010,000"
"Sep 25, 2012","3,170.37","3,176.30","3,117.73","3,117.73","3,117.73","1,975,470,000"
"Sep 24, 2012","3,155.35","3,167.74","3,150.71","3,160.78","3,160.78","1,704,860,000"
"Sep 21, 2012","3,194.86","3,196.93","3,178.09","3,179.96","3,179.96","2,526,250,000"
"Sep 20, 2012","3,166.84","3,178.45","3,156.46","3,175.96","3,175.96","1,809,130,000"
"Sep 19, 2012","3,179.04","3,189.35","3,170.29","3,182.62","3,182.62","1,850,920,000"
"Sep 18, 2012","3,173.62","3,179.37","3,169.41","3,177.80","3,177.80","1,707,200,000"
"Sep 17, 2012","3,183.40","3,183.40","3,168.63","3,178.67","3,178.67","1,485,390,000"
"Sep 14, 2012","3,166.24","3,195.67","3,164.26","3,183.95","3,183.95","1,984,720,000"
"Sep 13, 2012","3,117.66","3,167.63","3,112.62","3,155.83","3,155.83","1,870,050,000"
"Sep 12, 2012","3,115.33","3,120.12","3,098.82","3,114.31","3,114.31","1,689,140,000"
"Sep 11, 2012","3,105.02","3,117.86","3,099.10","3,104.53","3,104.53","1,586,250,000"
"Sep 10, 2012","3,131.34","3,133.89","3,102.76","3,104.02","3,104.02","1,575,370,000"
"Sep 7, 2012","3,133.22","3,139.61","3,128.17","3,136.42","3,136.42","1,740,640,000"
"Sep 6, 2012","3,087.94","3,135.81","3,087.67","3,135.81","3,135.81","1,918,900,000"
"Sep 5, 2012","3,072.58","3,082.75","3,062.54","3,069.27","3,069.27","1,495,030,000"
"Sep 4, 2012","3,063.25","3,082.26","3,040.24","3,075.06","3,075.06","1,505,960,000"
"Aug 31, 2012","3,069.64","3,078.52","3,040.59","3,066.96","3,066.96","1,394,760,000"
"Aug 30, 2012","3,066.73","3,067.54","3,045.92","3,048.71","3,048.71","1,216,640,000"
"Aug 29, 2012","3,078.05","3,087.24","3,067.62","3,081.19","3,081.19","1,282,900,000"
"Aug 28, 2012","3,069.40","3,083.19","3,063.65","3,077.14","3,077.14","1,364,740,000"
"Aug 27, 2012","3,083.62","3,085.81","3,068.13","3,073.19","3,073.19","1,383,530,000"
"Aug 24, 2012","3,045.22","3,076.80","3,042.22","3,069.79","3,069.79","1,349,740,000"
"Aug 23, 2012","3,065.82","3,070.34","3,045.52","3,053.40","3,053.40","1,383,860,000"
"Aug 22, 2012","3,059.94","3,080.73","3,053.43","3,073.67","3,073.67","1,459,130,000"
"Aug 21, 2012","3,085.25","3,100.54","3,058.74","3,067.26","3,067.26","1,574,220,000"
"Aug 20, 2012","3,072.66","3,076.21","3,059.90","3,076.21","3,076.21","1,451,550,000"
"Aug 17, 2012","3,067.11","3,076.72","3,060.15","3,076.59","3,076.59","1,640,640,000"
"Aug 16, 2012","3,037.18","3,067.44","3,033.28","3,062.39","3,062.39","1,937,430,000"
"Aug 15, 2012","3,013.33","3,032.06","3,013.33","3,030.93","3,030.93","1,536,730,000"
"Aug 14, 2012","3,032.67","3,034.16","3,009.93","3,016.98","3,016.98","1,567,830,000"
"Aug 13, 2012","3,018.27","3,023.03","2,999.12","3,022.52","3,022.52","1,353,380,000"
"Aug 10, 2012","3,008.83","3,020.86","3,003.38","3,020.86","3,020.86","1,556,460,000"
"Aug 9, 2012","3,009.86","3,022.69","3,007.30","3,018.64","3,018.64","1,677,970,000"
"Aug 8, 2012","3,003.77","3,018.90","3,002.41","3,011.25","3,011.25","1,874,580,000"
"Aug 7, 2012","3,002.66","3,028.61","3,002.09","3,015.86","3,015.86","1,899,240,000"
"Aug 6, 2012","2,978.16","3,000.24","2,974.23","2,989.91","2,989.91","1,528,260,000"
"Aug 3, 2012","2,951.28","2,977.41","2,945.81","2,967.90","2,967.90","1,730,210,000"
"Aug 2, 2012","2,900.46","2,934.65","2,890.85","2,909.77","2,909.77","1,822,620,000"
"Aug 1, 2012","2,956.72","2,958.28","2,917.78","2,920.21","2,920.21","1,722,530,000"
"Jul 31, 2012","2,945.08","2,959.62","2,938.41","2,939.52","2,939.52","1,801,440,000"
"Jul 30, 2012","2,959.07","2,970.30","2,939.04","2,945.84","2,945.84","1,483,990,000"
"Jul 27, 2012","2,906.50","2,961.87","2,900.98","2,958.09","2,958.09","2,102,610,000"
"Jul 26, 2012","2,896.68","2,905.57","2,876.01","2,893.25","2,893.25","1,981,520,000"
"Jul 25, 2012","2,856.78","2,870.22","2,839.76","2,854.24","2,854.24","1,784,150,000"
"Jul 24, 2012","2,894.95","2,896.56","2,847.22","2,862.99","2,862.99","1,748,410,000"
"Jul 23, 2012","2,877.51","2,898.05","2,852.88","2,890.15","2,890.15","1,607,140,000"
"Jul 20, 2012","2,957.02","2,957.02","2,925.30","2,925.30","2,925.30","1,810,420,000"
"Jul 19, 2012","2,961.71","2,976.22","2,952.42","2,965.90","2,965.90","1,735,920,000"
"Jul 18, 2012","2,904.24","2,951.30","2,902.95","2,942.60","2,942.60","1,817,040,000"
"Jul 17, 2012","2,911.46","2,916.61","2,871.65","2,910.04","2,910.04","1,774,160,000"
"Jul 16, 2012","2,903.03","2,910.20","2,888.01","2,896.94","2,896.94","1,414,470,000"
"Jul 13, 2012","2,874.06","2,913.28","2,873.39","2,908.47","2,908.47","1,373,620,000"
"Jul 12, 2012","2,867.08","2,876.32","2,837.72","2,866.19","2,866.19","1,719,460,000"
"Jul 11, 2012","2,898.77","2,905.51","2,866.53","2,887.98","2,887.98","1,635,120,000"
"Jul 10, 2012","2,945.35","2,953.47","2,891.42","2,902.33","2,902.33","1,725,730,000"
"Jul 9, 2012","2,934.49","2,942.99","2,919.04","2,931.77","2,931.77","1,455,500,000"
"Jul 6, 2012","2,955.20","2,957.50","2,921.37","2,937.33","2,937.33","1,437,420,000"
"Jul 5, 2012","2,970.37","2,987.94","2,958.30","2,976.12","2,976.12","1,423,990,000"
"Jul 3, 2012","2,950.81","2,976.08","2,948.40","2,976.08","2,976.08","1,009,330,000"
"Jul 2, 2012","2,938.41","2,951.23","2,925.71","2,951.23","2,951.23","1,845,240,000"
"Jun 29, 2012","2,902.44","2,935.13","2,895.60","2,935.05","2,935.05","2,021,190,000"
"Jun 28, 2012","2,853.89","2,855.74","2,818.19","2,849.49","2,849.49","1,795,850,000"
"Jun 27, 2012","2,862.13","2,882.40","2,860.13","2,875.32","2,875.32","1,668,580,000"
"Jun 26, 2012","2,845.40","2,862.15","2,832.02","2,854.06","2,854.06","1,623,160,000"
"Jun 25, 2012","2,863.89","2,863.89","2,829.23","2,836.16","2,836.16","1,514,430,000"
"Jun 22, 2012","2,866.17","2,894.35","2,863.93","2,892.42","2,892.42","3,544,010,000"
"Jun 21, 2012","2,929.15","2,930.93","2,857.10","2,859.09","2,859.09","1,822,200,000"
"Jun 20, 2012","2,932.96","2,942.28","2,910.00","2,930.45","2,930.45","1,563,080,000"
"Jun 19, 2012","2,909.87","2,940.23","2,908.45","2,929.76","2,929.76","1,835,480,000"
"Jun 18, 2012","2,872.49","2,903.03","2,853.86","2,895.33","2,895.33","1,586,190,000"
"Jun 15, 2012","2,839.40","2,874.38","2,837.94","2,872.80","2,872.80","2,020,100,000"
"Jun 14, 2012","2,820.63","2,842.31","2,807.55","2,836.33","2,836.33","1,633,370,000"
"Jun 13, 2012","2,838.12","2,853.17","2,810.59","2,818.61","2,818.61","1,602,080,000"
"Jun 12, 2012","2,815.84","2,843.67","2,802.38","2,843.07","2,843.07","1,594,310,000"
"Jun 11, 2012","2,882.49","2,882.96","2,806.90","2,809.73","2,809.73","1,480,220,000"
"Jun 8, 2012","2,823.82","2,860.94","2,814.80","2,858.42","2,858.42","1,390,260,000"
"Jun 7, 2012","2,872.05","2,873.59","2,827.82","2,831.02","2,831.02","1,655,370,000"
"Jun 6, 2012","2,796.23","2,844.72","2,796.23","2,844.72","2,844.72","1,761,050,000"
"Jun 5, 2012","2,749.35","2,781.97","2,749.34","2,778.11","2,778.11","1,625,600,000"
"Jun 4, 2012","2,747.61","2,769.93","2,726.68","2,760.01","2,760.01","1,755,750,000"
"Jun 1, 2012","2,810.13","2,810.13","2,747.24","2,747.48","2,747.48","1,966,370,000"
"May 31, 2012","2,837.37","2,842.43","2,801.96","2,827.34","2,827.34","2,180,130,000"
"May 30, 2012","2,847.27","2,847.27","2,825.64","2,837.36","2,837.36","1,671,040,000"
"May 29, 2012","2,853.27","2,882.83","2,846.68","2,870.99","2,870.99","221,430,000"
"May 25, 2012","2,839.74","2,846.31","2,829.76","2,837.53","2,837.53","1,282,680,000"
"May 24, 2012","2,856.55","2,858.24","2,817.62","2,839.38","2,839.38","1,750,290,000"
"May 23, 2012","2,832.17","2,855.35","2,795.50","2,850.12","2,850.12","1,929,640,000"
"May 22, 2012","2,853.87","2,867.34","2,823.22","2,839.08","2,839.08","1,861,850,000"
"May 21, 2012","2,782.55","2,848.83","2,774.76","2,847.21","2,847.21","1,870,420,000"
"May 18, 2012","2,814.43","2,827.28","2,774.45","2,778.79","2,778.79","2,692,450,000"
"May 17, 2012","2,874.71","2,879.22","2,813.69","2,813.69","2,813.69","2,016,980,000"
"May 16, 2012","2,904.67","2,913.90","2,872.25","2,874.04","2,874.04","1,933,900,000"
"May 15, 2012","2,902.30","2,930.68","2,889.39","2,893.76","2,893.76","1,826,210,000"
"May 14, 2012","2,907.78","2,924.89","2,898.90","2,902.58","2,902.58","1,683,460,000"
"May 11, 2012","2,919.35","2,960.38","2,918.74","2,933.82","2,933.82","1,735,380,000"
"May 10, 2012","2,950.21","2,950.21","2,923.14","2,933.64","2,933.64","2,004,150,000"
"May 9, 2012","2,912.41","2,948.77","2,900.18","2,934.71","2,934.71","2,047,090,000"
"May 8, 2012","2,939.36","2,952.65","2,900.06","2,946.27","2,946.27","2,175,840,000"
"May 7, 2012","2,940.41","2,970.20","2,939.21","2,957.76","2,957.76","1,740,430,000"
"May 4, 2012","3,001.15","3,001.48","2,956.34","2,956.34","2,956.34","1,944,010,000"
"May 3, 2012","3,061.13","3,061.38","3,016.20","3,024.30","3,024.30","1,869,130,000"
"May 2, 2012","3,035.07","3,061.47","3,028.94","3,059.85","3,059.85","1,825,190,000"
"May 1, 2012","3,044.79","3,085.40","3,041.62","3,050.44","3,050.44","1,854,230,000"
"Apr 30, 2012","3,060.06","3,063.66","3,043.25","3,046.36","3,046.36","1,633,170,000"
"Apr 27, 2012","3,060.34","3,076.44","3,043.30","3,069.20","3,069.20","1,777,750,000"
"Apr 26, 2012","3,029.62","3,056.77","3,027.79","3,050.61","3,050.61","1,763,510,000"
"Apr 25, 2012","3,013.65","3,031.41","3,010.57","3,029.63","3,029.63","1,721,330,000"
"Apr 24, 2012","2,967.37","2,979.08","2,950.38","2,961.60","2,961.60","1,690,840,000"
"Apr 23, 2012","2,969.00","2,973.38","2,946.04","2,970.45","2,970.45","1,767,360,000"
"Apr 20, 2012","3,023.73","3,034.69","2,999.01","3,000.45","3,000.45","1,935,880,000"
"Apr 19, 2012","3,028.20","3,058.72","2,994.94","3,007.56","3,007.56","1,991,120,000"
"Apr 18, 2012","3,031.82","3,045.04","3,023.91","3,031.45","3,031.45","1,599,470,000"
"Apr 17, 2012","3,002.02","3,052.76","2,999.49","3,042.82","3,042.82","1,555,070,000"
"Apr 16, 2012","3,027.57","3,027.57","2,975.87","2,988.40","2,988.40","1,594,320,000"
"Apr 13, 2012","3,045.08","3,045.42","3,010.77","3,011.33","3,011.33","1,483,850,000"
"Apr 12, 2012","3,023.11","3,059.26","3,020.44","3,055.55","3,055.55","1,480,340,000"
"Apr 11, 2012","3,020.15","3,030.51","3,008.75","3,016.46","3,016.46","1,540,890,000"
"Apr 10, 2012","3,044.67","3,055.20","2,987.00","2,991.22","2,991.22","1,953,600,000"
"Apr 9, 2012","3,037.28","3,058.76","3,032.22","3,047.08","3,047.08","1,371,140,000"
"Apr 5, 2012","3,061.75","3,083.38","3,061.14","3,080.50","3,080.50","1,548,040,000"
"Apr 4, 2012","3,085.46","3,086.35","3,052.58","3,068.09","3,068.09","1,813,150,000"
"Apr 3, 2012","3,119.65","3,128.25","3,097.41","3,113.57","3,113.57","1,804,950,000"
"Apr 2, 2012","3,085.94","3,123.03","3,079.78","3,119.70","3,119.70","1,768,210,000"
"Mar 30, 2012","3,110.97","3,111.55","3,079.05","3,091.57","3,091.57","1,833,130,000"
"Mar 29, 2012","3,087.25","3,099.80","3,069.81","3,095.36","3,095.36","1,756,160,000"
"Mar 28, 2012","3,123.84","3,130.56","3,086.93","3,104.96","3,104.96","1,765,680,000"
"Mar 27, 2012","3,124.06","3,134.17","3,119.03","3,120.35","3,120.35","1,662,460,000"
"Mar 26, 2012","3,090.52","3,122.57","3,090.05","3,122.57","3,122.57","1,627,520,000"
"Mar 23, 2012","3,066.37","3,070.93","3,044.67","3,067.92","3,067.92","1,428,940,000"
"Mar 22, 2012","3,055.00","3,068.50","3,050.70","3,063.32","3,063.32","1,524,800,000"
"Mar 21, 2012","3,077.44","3,090.08","3,069.09","3,075.32","3,075.32","1,552,400,000"
"Mar 20, 2012","3,060.93","3,078.72","3,050.82","3,074.15","3,074.15","1,508,580,000"
"Mar 19, 2012","3,057.24","3,087.10","3,050.89","3,078.32","3,078.32","1,548,400,000"
"Mar 16, 2012","3,058.49","3,060.82","3,047.69","3,055.26","3,055.26","2,088,610,000"
"Mar 15, 2012","3,048.58","3,059.81","3,037.82","3,056.37","3,056.37","1,677,540,000"
"Mar 14, 2012","3,042.21","3,051.37","3,024.73","3,040.73","3,040.73","1,662,300,000"
"Mar 13, 2012","3,003.71","3,039.89","2,996.46","3,039.88","3,039.88","1,709,900,000"
"Mar 12, 2012","2,989.05","2,994.10","2,973.65","2,983.66","2,983.66","1,341,660,000"
"Mar 9, 2012","2,975.09","2,993.98","2,973.96","2,988.34","2,988.34","1,580,560,000"
"Mar 8, 2012","2,954.40","2,976.05","2,945.73","2,970.42","2,970.42","1,619,740,000"
"Mar 7, 2012","2,922.57","2,940.28","2,920.54","2,935.69","2,935.69","1,589,360,000"
"Mar 6, 2012","2,917.52","2,921.77","2,900.28","2,910.32","2,910.32","1,870,720,000"
"Mar 5, 2012","2,969.73","2,973.93","2,940.52","2,950.48","2,950.48","1,679,030,000"
"Mar 2, 2012","2,986.08","2,995.97","2,968.00","2,976.19","2,976.19","1,755,130,000"
"Mar 1, 2012","2,979.11","2,996.37","2,974.59","2,988.97","2,988.97","1,903,690,000"
"Feb 29, 2012","2,991.67","3,000.11","2,961.77","2,966.89","2,966.89","2,170,190,000"
"Feb 28, 2012","2,969.25","2,988.59","2,966.61","2,986.76","2,986.76","1,812,490,000"
"Feb 27, 2012","2,945.87","2,976.08","2,933.30","2,966.16","2,966.16","1,763,650,000"
"Feb 24, 2012","2,963.13","2,970.88","2,958.82","2,963.75","2,963.75","1,643,180,000"
"Feb 23, 2012","2,933.16","2,958.42","2,922.96","2,956.98","2,956.98","1,768,390,000"
"Feb 22, 2012","2,942.77","2,950.37","2,929.68","2,933.17","2,933.17","1,706,310,000"
"Feb 21, 2012","2,957.30","2,965.05","2,934.07","2,948.57","2,948.57","1,821,540,000"
"Feb 17, 2012","2,958.22","2,962.78","2,941.55","2,951.78","2,951.78","1,973,900,000"
"Feb 16, 2012","2,915.67","2,961.38","2,912.72","2,959.85","2,959.85","1,945,230,000"
"Feb 15, 2012","2,943.42","2,958.19","2,911.33","2,915.83","2,915.83","2,038,980,000"
"Feb 14, 2012","2,921.70","2,932.08","2,911.60","2,931.83","2,931.83","1,881,630,000"
"Feb 13, 2012","2,926.21","2,933.93","2,913.89","2,931.39","2,931.39","1,619,980,000"
"Feb 10, 2012","2,902.00","2,910.98","2,895.10","2,903.88","2,903.88","1,787,640,000"
"Feb 9, 2012","2,922.46","2,930.68","2,904.51","2,927.23","2,927.23","2,153,090,000"
"Feb 8, 2012","2,906.59","2,918.26","2,892.71","2,915.86","2,915.86","1,981,150,000"
"Feb 7, 2012","2,895.91","2,910.27","2,885.17","2,904.08","2,904.08","1,784,580,000"
"Feb 6, 2012","2,892.52","2,903.03","2,887.33","2,901.99","2,901.99","1,684,490,000"
"Feb 3, 2012","2,888.95","2,908.13","2,885.84","2,905.66","2,905.66","2,152,890,000"
"Feb 2, 2012","2,854.10","2,868.23","2,849.40","2,859.68","2,859.68","1,913,430,000"
"Feb 1, 2012","2,830.10","2,855.73","2,825.19","2,848.27","2,848.27","2,125,720,000"
"Jan 31, 2012","2,825.76","2,830.45","2,798.77","2,813.84","2,813.84","1,786,550,000"
"Jan 30, 2012","2,790.40","2,816.85","2,782.44","2,811.94","2,811.94","1,668,970,000"
"Jan 27, 2012","2,797.66","2,821.55","2,797.24","2,816.55","2,816.55","1,707,350,000"
"Jan 26, 2012","2,828.78","2,834.30","2,794.78","2,805.28","2,805.28","1,998,970,000"
"Jan 25, 2012","2,803.23","2,822.79","2,788.95","2,818.31","2,818.31","1,918,040,000"
"Jan 24, 2012","2,771.58","2,788.38","2,766.34","2,786.64","2,786.64","1,620,690,000"
"Jan 23, 2012","2,786.21","2,804.99","2,769.82","2,784.17","2,784.17","1,652,940,000"
"Jan 20, 2012","2,776.04","2,787.20","2,775.87","2,786.70","2,786.70","1,949,660,000"
"Jan 19, 2012","2,779.74","2,793.35","2,777.17","2,788.33","2,788.33","1,959,950,000"
"Jan 18, 2012","2,731.16","2,769.71","2,730.05","2,769.71","2,769.71","1,968,940,000"
"Jan 17, 2012","2,736.34","2,742.73","2,721.03","2,728.08","2,728.08","1,664,210,000"
"Jan 13, 2012","2,707.41","2,712.93","2,689.58","2,710.67","2,710.67","1,655,960,000"
"Jan 12, 2012","2,716.87","2,726.43","2,697.32","2,724.70","2,724.70","1,669,550,000"
"Jan 11, 2012","2,695.77","2,714.29","2,690.73","2,710.76","2,710.76","1,699,660,000"
"Jan 10, 2012","2,704.42","2,712.50","2,694.33","2,702.50","2,702.50","1,809,500,000"
"Jan 9, 2012","2,682.98","2,683.78","2,662.96","2,676.56","2,676.56","1,768,080,000"
"Jan 6, 2012","2,671.17","2,682.12","2,658.83","2,674.22","2,674.22","1,683,090,000"
"Jan 5, 2012","2,642.57","2,673.56","2,631.23","2,669.86","2,669.86","1,836,410,000"
"Jan 4, 2012","2,639.90","2,653.18","2,627.23","2,648.36","2,648.36","1,670,530,000"
"Jan 3, 2012","2,657.39","2,665.90","2,641.98","2,648.72","2,648.72","1,636,850,000"
"Dec 30, 2011","2,610.23","2,616.46","2,604.60","2,605.15","2,605.15","1,056,790,000"
"Dec 29, 2011","2,596.33","2,614.87","2,593.04","2,613.74","2,613.74","1,011,380,000"
"Dec 28, 2011","2,626.19","2,626.34","2,586.85","2,589.98","2,589.98","1,069,930,000"
"Dec 27, 2011","2,613.51","2,633.34","2,610.77","2,625.20","2,625.20","945,590,000"
"Dec 23, 2011","2,607.43","2,618.84","2,599.89","2,618.64","2,618.64","960,940,000"
"Dec 22, 2011","2,584.33","2,601.99","2,581.92","2,599.45","2,599.45","1,515,610,000"
"Dec 21, 2011","2,589.77","2,590.61","2,544.66","2,577.97","2,577.97","1,853,710,000"
"Dec 20, 2011","2,567.25","2,604.52","2,566.87","2,603.73","2,603.73","1,835,720,000"
"Dec 19, 2011","2,564.07","2,570.65","2,518.01","2,523.14","2,523.14","1,560,110,000"
"Dec 16, 2011","2,554.62","2,585.42","2,548.00","2,555.33","2,555.33","2,664,690,000"
"Dec 15, 2011","2,565.93","2,565.94","2,536.58","2,541.01","2,541.01","1,748,400,000"
"Dec 14, 2011","2,566.21","2,568.44","2,525.88","2,539.31","2,539.31","1,793,960,000"
"Dec 13, 2011","2,629.67","2,639.74","2,568.44","2,579.27","2,579.27","1,752,320,000"
"Dec 12, 2011","2,617.32","2,617.32","2,591.42","2,612.26","2,612.26","1,572,600,000"
"Dec 9, 2011","2,603.18","2,653.46","2,603.18","2,646.85","2,646.85","1,664,710,000"
"Dec 8, 2011","2,633.30","2,645.92","2,592.55","2,596.38","2,596.38","1,845,640,000"
"Dec 7, 2011","2,638.61","2,660.24","2,612.80","2,649.21","2,649.21","1,658,010,000"
"Dec 6, 2011","2,655.02","2,663.63","2,639.18","2,649.56","2,649.56","1,491,130,000"
"Dec 5, 2011","2,666.47","2,674.53","2,641.59","2,655.76","2,655.76","1,686,660,000"
"Dec 2, 2011","2,650.80","2,659.23","2,625.07","2,626.93","2,626.93","1,662,730,000"
"Dec 1, 2011","2,615.67","2,636.08","2,611.48","2,626.20","2,626.20","1,826,860,000"
"Nov 30, 2011","2,586.39","2,620.34","2,582.49","2,620.34","2,620.34","2,440,960,000"
"Nov 29, 2011","2,529.11","2,542.46","2,508.27","2,515.51","2,515.51","1,623,550,000"
"Nov 28, 2011","2,509.63","2,531.32","2,507.72","2,527.34","2,527.34","1,626,060,000"
"Nov 25, 2011","2,453.03","2,477.03","2,441.48","2,441.51","2,441.51","691,750,000"
"Nov 23, 2011","2,501.18","2,503.38","2,460.08","2,460.08","2,460.08","1,707,770,000"
"Nov 22, 2011","2,517.64","2,534.40","2,499.19","2,521.28","2,521.28","1,792,060,000"
"Nov 21, 2011","2,535.34","2,539.87","2,500.89","2,523.14","2,523.14","2,048,520,000"
"Nov 18, 2011","2,595.02","2,595.84","2,567.15","2,572.50","2,572.50","1,755,360,000"
"Nov 17, 2011","2,637.37","2,637.48","2,576.22","2,587.99","2,587.99","2,197,320,000"
"Nov 16, 2011","2,661.09","2,688.86","2,637.91","2,639.61","2,639.61","1,950,030,000"
"Nov 15, 2011","2,647.91","2,695.87","2,644.00","2,686.20","2,686.20","1,706,960,000"
"Nov 14, 2011","2,671.11","2,682.13","2,647.48","2,657.22","2,657.22","1,401,710,000"
"Nov 11, 2011","2,653.53","2,684.67","2,649.85","2,678.75","2,678.75","1,602,640,000"
"Nov 10, 2011","2,652.01","2,652.40","2,601.79","2,625.15","2,625.15","1,892,390,000"
"Nov 9, 2011","2,662.56","2,672.34","2,617.93","2,621.65","2,621.65","2,144,160,000"
"Nov 8, 2011","2,712.08","2,730.39","2,680.93","2,727.49","2,727.49","1,850,270,000"
"Nov 7, 2011","2,683.38","2,697.02","2,649.06","2,695.25","2,695.25","1,712,700,000"
"Nov 4, 2011","2,678.16","2,693.67","2,655.12","2,686.15","2,686.15","1,930,750,000"
"Nov 3, 2011","2,666.21","2,699.84","2,628.22","2,697.97","2,697.97","2,106,240,000"
"Nov 2, 2011","2,637.56","2,648.46","2,613.74","2,639.98","2,639.98","1,921,790,000"
"Nov 1, 2011","2,607.31","2,638.60","2,597.16","2,606.96","2,606.96","2,294,220,000"
"Oct 31, 2011","2,705.89","2,716.70","2,684.13","2,684.41","2,684.41","1,772,560,000"
"Oct 28, 2011","2,724.03","2,742.27","2,723.03","2,737.15","2,737.15","1,838,530,000"
"Oct 27, 2011","2,720.59","2,753.37","2,694.27","2,738.63","2,738.63","2,810,680,000"
"Oct 26, 2011","2,660.42","2,666.29","2,598.74","2,650.67","2,650.67","2,118,650,000"
"Oct 25, 2011","2,685.86","2,685.88","2,633.94","2,638.42","2,638.42","1,777,770,000"
"Oct 24, 2011","2,644.83","2,703.07","2,643.94","2,699.44","2,699.44","1,884,450,000"
"Oct 21, 2011","2,630.30","2,646.92","2,611.11","2,637.46","2,637.46","2,019,950,000"
"Oct 20, 2011","2,605.42","2,606.39","2,557.17","2,598.62","2,598.62","2,040,180,000"
"Oct 19, 2011","2,642.89","2,651.88","2,597.77","2,604.04","2,604.04","1,980,180,000"
"Oct 18, 2011","2,614.05","2,667.57","2,586.31","2,657.43","2,657.43","1,931,690,000"
"Oct 17, 2011","2,653.32","2,658.25","2,606.91","2,614.92","2,614.92","1,675,210,000"
"Oct 14, 2011","2,655.23","2,667.85","2,636.00","2,667.85","2,667.85","1,664,350,000"
"Oct 13, 2011","2,595.05","2,625.22","2,588.71","2,620.24","2,620.24","1,675,220,000"
"Oct 12, 2011","2,606.61","2,629.49","2,602.31","2,604.73","2,604.73","1,967,190,000"
"Oct 11, 2011","2,554.70","2,587.28","2,551.94","2,583.03","2,583.03","1,661,400,000"
"Oct 10, 2011","2,522.72","2,566.05","2,519.78","2,566.05","2,566.05","1,574,750,000"
"Oct 7, 2011","2,509.61","2,512.14","2,468.60","2,479.35","2,479.35","2,084,900,000"
"Oct 6, 2011","2,459.05","2,507.44","2,446.72","2,506.82","2,506.82","2,249,140,000"
"Oct 5, 2011","2,398.37","2,466.50","2,380.96","2,460.51","2,460.51","2,472,400,000"
"Oct 4, 2011","2,312.68","2,406.67","2,298.89","2,404.82","2,404.82","3,040,940,000"
"Oct 3, 2011","2,401.19","2,430.88","2,335.23","2,335.83","2,335.83","2,547,690,000"
"Sep 30, 2011","2,444.77","2,468.98","2,415.07","2,415.40","2,415.40","2,041,370,000"
"Sep 29, 2011","2,535.52","2,538.97","2,433.58","2,480.76","2,480.76","2,290,370,000"
"Sep 28, 2011","2,557.86","2,569.79","2,491.07","2,491.58","2,491.58","1,929,310,000"
"Sep 27, 2011","2,560.78","2,590.94","2,532.65","2,546.83","2,546.83","2,095,620,000"
"Sep 26, 2011","2,496.98","2,518.91","2,446.12","2,516.69","2,516.69","1,982,710,000"
"Sep 23, 2011","2,438.63","2,490.72","2,438.28","2,483.23","2,483.23","1,975,200,000"
"Sep 22, 2011","2,466.06","2,494.31","2,420.23","2,455.67","2,455.67","2,919,330,000"
"Sep 21, 2011","2,601.06","2,613.29","2,537.46","2,538.19","2,538.19","2,172,030,000"
"Sep 20, 2011","2,623.89","2,643.37","2,589.52","2,590.24","2,590.24","1,914,990,000"
"Sep 19, 2011","2,584.35","2,627.34","2,564.46","2,612.83","2,612.83","1,891,770,000"
"Sep 16, 2011","2,607.12","2,627.28","2,600.96","2,622.31","2,622.31","2,703,730,000"
"Sep 15, 2011","2,595.45","2,608.95","2,569.78","2,607.07","2,607.07","1,967,730,000"
"Sep 14, 2011","2,548.45","2,600.78","2,519.80","2,572.55","2,572.55","2,323,770,000"
"Sep 13, 2011","2,502.59","2,537.40","2,494.07","2,532.15","2,532.15","1,931,390,000"
"Sep 12, 2011","2,442.86","2,495.36","2,438.40","2,495.09","2,495.09","1,980,350,000"
"Sep 9, 2011","2,508.12","2,518.40","2,452.93","2,467.99","2,467.99","2,054,190,000"
"Sep 8, 2011","2,533.81","2,568.45","2,520.80","2,529.14","2,529.14","1,979,990,000"
"Sep 7, 2011","2,511.50","2,548.94","2,507.52","2,548.94","2,548.94","1,791,480,000"
"Sep 6, 2011","2,417.61","2,477.77","2,414.31","2,473.83","2,473.83","1,737,170,000"
"Sep 2, 2011","2,497.28","2,512.78","2,469.35","2,480.33","2,480.33","1,571,530,000"
"Sep 1, 2011","2,583.34","2,604.50","2,543.56","2,546.04","2,546.04","1,742,440,000"
"Aug 31, 2011","2,589.75","2,611.58","2,557.74","2,579.46","2,579.46","1,995,490,000"
"Aug 30, 2011","2,547.07","2,589.53","2,534.68","2,576.11","2,576.11","1,871,800,000"
"Aug 29, 2011","2,510.99","2,562.58","2,510.13","2,562.11","2,562.11","1,615,510,000"
"Aug 26, 2011","2,408.79","2,486.04","2,385.27","2,479.85","2,479.85","1,852,130,000"
"Aug 25, 2011","2,470.96","2,482.90","2,415.24","2,419.63","2,419.63","1,789,230,000"
"Aug 24, 2011","2,437.48","2,470.80","2,420.48","2,467.69","2,467.69","1,888,640,000"
"Aug 23, 2011","2,360.95","2,446.06","2,349.08","2,446.06","2,446.06","2,147,270,000"
"Aug 22, 2011","2,396.88","2,397.34","2,337.28","2,345.38","2,345.38","1,957,230,000"
"Aug 19, 2011","2,353.32","2,415.18","2,338.66","2,341.84","2,341.84","2,385,300,000"
"Aug 18, 2011","2,436.38","2,437.01","2,362.97","2,380.43","2,380.43","2,775,580,000"
"Aug 17, 2011","2,527.79","2,549.11","2,488.09","2,511.48","2,511.48","1,913,320,000"
"Aug 16, 2011","2,526.48","2,546.74","2,494.55","2,523.45","2,523.45","2,074,370,000"
"Aug 15, 2011","2,522.04","2,555.20","2,514.52","2,555.20","2,555.20","1,945,850,000"
"Aug 12, 2011","2,507.01","2,524.09","2,481.50","2,507.98","2,507.98","2,232,470,000"
"Aug 11, 2011","2,415.54","2,516.39","2,399.56","2,492.68","2,492.68","3,134,140,000"
"Aug 10, 2011","2,425.55","2,461.28","2,378.08","2,381.05","2,381.05","3,397,010,000"
"Aug 9, 2011","2,402.13","2,483.66","2,331.65","2,482.52","2,482.52","3,803,050,000"
"Aug 8, 2011","2,447.30","2,489.39","2,357.69","2,357.69","2,357.69","3,987,990,000"
"Aug 5, 2011","2,580.30","2,592.04","2,464.87","2,532.41","2,532.41","3,750,150,000"
"Aug 4, 2011","2,648.38","2,653.79","2,556.38","2,556.39","2,556.39","3,272,990,000"
"Aug 3, 2011","2,673.97","2,695.37","2,621.67","2,693.07","2,693.07","2,601,310,000"
"Aug 2, 2011","2,728.29","2,745.87","2,668.68","2,669.24","2,669.24","2,377,250,000"
"Aug 1, 2011","2,791.45","2,796.24","2,716.30","2,744.61","2,744.61","2,209,790,000"
"Jul 29, 2011","2,736.67","2,780.58","2,724.99","2,756.38","2,756.38","2,301,210,000"
"Jul 28, 2011","2,765.61","2,800.11","2,757.85","2,766.25","2,766.25","2,067,020,000"
"Jul 27, 2011","2,823.62","2,823.86","2,761.00","2,764.79","2,764.79","2,367,470,000"
"Jul 26, 2011","2,842.74","2,851.72","2,832.27","2,839.96","2,839.96","1,739,980,000"
"Jul 25, 2011","2,832.11","2,859.40","2,828.91","2,842.80","2,842.80","1,613,240,000"
"Jul 22, 2011","2,834.46","2,862.72","2,830.58","2,858.83","2,858.83","1,665,220,000"
"Jul 21, 2011","2,818.79","2,847.41","2,807.71","2,834.43","2,834.43","2,284,150,000"
"Jul 20, 2011","2,839.39","2,839.65","2,808.18","2,814.23","2,814.23","1,863,670,000"
"Jul 19, 2011","2,790.98","2,828.65","2,790.98","2,826.52","2,826.52","1,882,760,000"
"Jul 18, 2011","2,777.61","2,783.76","2,743.79","2,765.11","2,765.11","1,752,220,000"
"Jul 15, 2011","2,787.33","2,790.16","2,768.28","2,789.80","2,789.80","1,804,380,000"
"Jul 14, 2011","2,804.82","2,817.38","2,755.90","2,762.67","2,762.67","1,946,500,000"
"Jul 13, 2011","2,800.88","2,825.86","2,789.57","2,796.92","2,796.92","1,885,510,000"
"Jul 12, 2011","2,798.75","2,807.57","2,780.16","2,781.91","2,781.91","2,015,410,000"
"Jul 11, 2011","2,828.10","2,841.12","2,795.54","2,802.62","2,802.62","1,765,920,000"
"Jul 8, 2011","2,841.29","2,860.02","2,831.16","2,859.81","2,859.81","1,612,120,000"
"Jul 7, 2011","2,856.25","2,878.94","2,853.90","2,872.66","2,872.66","1,873,710,000"
"Jul 6, 2011","2,821.42","2,838.85","2,812.80","2,834.02","2,834.02","1,639,490,000"
"Jul 5, 2011","2,817.87","2,828.53","2,810.00","2,825.77","2,825.77","1,556,620,000"
"Jul 1, 2011","2,775.08","2,818.19","2,769.06","2,816.03","2,816.03","1,646,380,000"
"Jun 30, 2011","2,749.37","2,776.56","2,749.11","2,773.52","2,773.52","1,859,130,000"
"Jun 29, 2011","2,736.76","2,746.62","2,722.26","2,740.49","2,740.49","1,804,490,000"
"Jun 28, 2011","2,694.26","2,729.94","2,692.45","2,729.31","2,729.31","1,682,590,000"
"Jun 27, 2011","2,653.07","2,697.34","2,647.55","2,688.28","2,688.28","1,710,740,000"
"Jun 24, 2011","2,681.10","2,682.41","2,647.46","2,652.89","2,652.89","2,842,870,000"
"Jun 23, 2011","2,638.60","2,688.07","2,627.47","2,686.75","2,686.75","2,060,450,000"
"Jun 22, 2011","2,677.18","2,693.23","2,668.35","2,669.19","2,669.19","1,617,370,000"
"Jun 21, 2011","2,640.33","2,688.50","2,634.04","2,687.26","2,687.26","1,882,490,000"
"Jun 20, 2011","2,608.05","2,636.55","2,607.74","2,629.66","2,629.66","1,625,850,000"
"Jun 17, 2011","2,646.29","2,648.54","2,608.99","2,616.48","2,616.48","2,393,690,000"
"Jun 16, 2011","2,631.98","2,642.65","2,599.86","2,623.70","2,623.70","1,958,250,000"
"Jun 15, 2011","2,653.17","2,669.75","2,625.86","2,631.46","2,631.46","1,982,430,000"
"Jun 14, 2011","2,662.73","2,685.65","2,662.73","2,678.72","2,678.72","1,701,300,000"
"Jun 13, 2011","2,649.30","2,657.77","2,629.61","2,639.69","2,639.69","1,847,050,000"
"Jun 10, 2011","2,675.10","2,676.72","2,641.64","2,643.73","2,643.73","1,972,000,000"
"Jun 9, 2011","2,678.52","2,696.69","2,670.02","2,684.87","2,684.87","1,704,960,000"
"Jun 8, 2011","2,693.69","2,698.08","2,671.09","2,675.38","2,675.38","2,089,320,000"
"Jun 7, 2011","2,712.79","2,723.32","2,701.17","2,701.56","2,701.56","1,847,300,000"
"Jun 6, 2011","2,728.31","2,736.66","2,702.20","2,702.56","2,702.56","1,878,150,000"
"Jun 3, 2011","2,740.49","2,762.56","2,730.63","2,732.78","2,732.78","1,936,400,000"
"Jun 2, 2011","2,773.76","2,784.57","2,759.17","2,773.31","2,773.31","1,919,030,000"
"Jun 1, 2011","2,829.39","2,834.05","2,767.63","2,769.19","2,769.19","2,254,850,000"
"May 31, 2011","2,824.25","2,835.34","2,808.60","2,835.30","2,835.30","2,450,090,000"
"May 27, 2011","2,789.02","2,801.15","2,788.29","2,796.86","2,796.86","1,641,320,000"
"May 26, 2011","2,756.31","2,787.33","2,756.06","2,782.92","2,782.92","1,904,400,000"
"May 25, 2011","2,739.99","2,771.38","2,739.85","2,761.38","2,761.38","1,894,510,000"
"May 24, 2011","2,766.70","2,767.50","2,744.01","2,746.16","2,746.16","1,875,370,000"
"May 23, 2011","2,761.96","2,770.51","2,750.64","2,758.90","2,758.90","1,795,680,000"
"May 20, 2011","2,815.96","2,821.44","2,796.27","2,803.32","2,803.32","1,780,140,000"
"May 19, 2011","2,824.05","2,828.41","2,805.12","2,823.31","2,823.31","1,753,390,000"
"May 18, 2011","2,782.65","2,817.15","2,780.83","2,815.00","2,815.00","1,875,150,000"
"May 17, 2011","2,769.17","2,783.61","2,759.29","2,783.21","2,783.21","2,220,440,000"
"May 16, 2011","2,815.90","2,828.14","2,779.54","2,782.31","2,782.31","2,066,020,000"
"May 13, 2011","2,859.70","2,861.51","2,827.51","2,828.47","2,828.47","1,917,050,000"
"May 12, 2011","2,833.67","2,865.86","2,819.37","2,863.04","2,863.04","2,209,650,000"
"May 11, 2011","2,867.16","2,874.61","2,829.68","2,845.06","2,845.06","2,258,770,000"
"May 10, 2011","2,851.91","2,873.64","2,850.01","2,871.89","2,871.89","2,018,000,000"
"May 9, 2011","2,828.24","2,850.39","2,823.67","2,843.25","2,843.25","1,649,110,000"
"May 6, 2011","2,840.71","2,859.25","2,818.65","2,827.56","2,827.56","2,043,740,000"
"May 5, 2011","2,812.84","2,845.85","2,804.82","2,814.72","2,814.72","2,227,690,000"
"May 4, 2011","2,842.92","2,848.16","2,808.79","2,828.23","2,828.23","2,209,580,000"
"May 3, 2011","2,859.30","2,861.95","2,825.50","2,841.62","2,841.62","2,214,380,000"
"May 2, 2011","2,881.28","2,887.75","2,859.84","2,864.08","2,864.08","2,062,630,000"
"Apr 29, 2011","2,869.74","2,876.83","2,863.04","2,873.54","2,873.54","2,455,650,000"
"Apr 28, 2011","2,862.82","2,874.59","2,859.62","2,872.53","2,872.53","1,983,630,000"
"Apr 27, 2011","2,853.88","2,870.80","2,842.61","2,869.88","2,869.88","2,071,380,000"
"Apr 26, 2011","2,832.48","2,856.61","2,829.00","2,847.54","2,847.54","2,057,740,000"
"Apr 25, 2011","2,820.28","2,826.26","2,813.20","2,825.88","2,825.88","1,480,600,000"
"Apr 21, 2011","2,820.77","2,820.77","2,808.55","2,820.16","2,820.16","2,094,470,000"
"Apr 20, 2011","2,788.84","2,802.99","2,785.98","2,802.51","2,802.51","2,094,470,000"
"Apr 19, 2011","2,741.35","2,746.18","2,727.12","2,744.97","2,744.97","1,675,970,000"
"Apr 18, 2011","2,731.22","2,737.46","2,706.50","2,735.38","2,735.38","1,786,230,000"
"Apr 15, 2011","2,752.87","2,769.29","2,743.75","2,764.65","2,764.65","1,785,050,000"
"Apr 14, 2011","2,743.12","2,762.18","2,733.68","2,760.22","2,760.22","1,717,650,000"
"Apr 13, 2011","2,762.69","2,772.05","2,744.85","2,761.52","2,761.52","1,744,940,000"
"Apr 12, 2011","2,755.89","2,760.62","2,737.07","2,744.79","2,744.79","1,818,610,000"
"Apr 11, 2011","2,789.49","2,792.95","2,760.84","2,771.51","2,771.51","2,053,190,000"
"Apr 8, 2011","2,806.29","2,808.56","2,771.42","2,780.42","2,780.42","1,650,810,000"
"Apr 7, 2011","2,799.59","2,813.22","2,781.13","2,796.14","2,796.14","1,806,900,000"
"Apr 6, 2011","2,808.11","2,815.55","2,786.80","2,799.82","2,799.82","1,996,750,000"
"Apr 5, 2011","2,787.78","2,806.20","2,785.27","2,791.19","2,791.19","1,954,520,000"
"Apr 4, 2011","2,796.26","2,799.73","2,778.87","2,789.19","2,789.19","1,705,920,000"
"Apr 1, 2011","2,796.67","2,802.63","2,779.71","2,789.60","2,789.60","2,090,120,000"
"Mar 31, 2011","2,774.23","2,783.98","2,769.52","2,781.07","2,781.07","1,896,420,000"
"Mar 30, 2011","2,772.36","2,779.95","2,763.77","2,776.79","2,776.79","1,818,410,000"
"Mar 29, 2011","2,727.83","2,756.89","2,720.19","2,756.89","2,756.89","1,631,160,000"
"Mar 28, 2011","2,752.33","2,754.63","2,730.68","2,730.68","2,730.68","1,669,260,000"
"Mar 25, 2011","2,746.34","2,762.55","2,740.17","2,743.06","2,743.06","1,857,570,000"
"Mar 24, 2011","2,715.88","2,740.39","2,703.42","2,736.42","2,736.42","1,954,180,000"
"Mar 23, 2011","2,677.56","2,704.30","2,660.17","2,698.30","2,698.30","1,769,950,000"
"Mar 22, 2011","2,692.13","2,695.46","2,679.41","2,683.87","2,683.87","1,657,430,000"
"Mar 21, 2011","2,675.47","2,699.70","2,674.99","2,692.09","2,692.09","1,751,060,000"
"Mar 18, 2011","2,665.54","2,665.56","2,639.76","2,643.67","2,643.67","1,986,900,000"
"Mar 17, 2011","2,656.08","2,660.50","2,634.17","2,636.05","2,636.05","1,994,360,000"
"Mar 16, 2011","2,652.92","2,669.27","2,603.50","2,616.82","2,616.82","2,596,000,000"
"Mar 15, 2011","2,619.40","2,680.57","2,618.50","2,667.33","2,667.33","2,359,830,000"
"Mar 14, 2011","2,695.66","2,715.22","2,682.09","2,700.97","2,700.97","1,782,070,000"
"Mar 11, 2011","2,689.65","2,724.61","2,689.41","2,715.61","2,715.61","1,851,810,000"
"Mar 10, 2011","2,719.29","2,721.21","2,695.08","2,701.02","2,701.02","2,363,330,000"
"Mar 9, 2011","2,756.34","2,761.77","2,737.68","2,751.72","2,751.72","1,996,700,000"
"Mar 8, 2011","2,745.23","2,775.41","2,729.85","2,765.77","2,765.77","1,835,540,000"
"Mar 7, 2011","2,793.19","2,794.82","2,724.51","2,745.63","2,745.63","2,189,970,000"
"Mar 4, 2011","2,797.64","2,798.07","2,768.12","2,784.67","2,784.67","1,897,900,000"
"Mar 3, 2011","2,774.48","2,802.32","2,774.48","2,798.74","2,798.74","1,990,380,000"
"Mar 2, 2011","2,735.05","2,763.95","2,734.08","2,748.07","2,748.07","1,986,900,000"
"Mar 1, 2011","2,791.08","2,791.23","2,730.72","2,737.41","2,737.41","2,212,860,000"
"Feb 28, 2011","2,791.28","2,798.43","2,767.61","2,782.27","2,782.27","2,009,500,000"
"Feb 25, 2011","2,752.16","2,781.12","2,751.81","2,781.05","2,781.05","1,867,820,000"
"Feb 24, 2011","2,726.59","2,745.29","2,707.80","2,737.90","2,737.90","2,065,290,000"
"Feb 23, 2011","2,755.20","2,761.70","2,705.54","2,722.99","2,722.99","2,479,150,000"
"Feb 22, 2011","2,795.44","2,808.18","2,752.75","2,756.42","2,756.42","2,262,100,000"
"Feb 18, 2011","2,833.35","2,840.51","2,823.65","2,833.95","2,833.95","2,109,460,000"
"Feb 17, 2011","2,816.12","2,835.20","2,815.08","2,831.58","2,831.58","1,939,320,000"
"Feb 16, 2011","2,815.09","2,828.19","2,811.52","2,825.56","2,825.56","2,276,980,000"
"Feb 15, 2011","2,809.02","2,813.13","2,798.83","2,804.35","2,804.35","2,006,220,000"
"Feb 14, 2011","2,810.19","2,819.87","2,808.27","2,817.18","2,817.18","1,964,780,000"
"Feb 11, 2011","2,783.16","2,810.56","2,778.21","2,809.44","2,809.44","2,066,700,000"
"Feb 10, 2011","2,764.76","2,791.43","2,762.34","2,790.45","2,790.45","2,497,540,000"
"Feb 9, 2011","2,791.13","2,798.91","2,780.89","2,789.07","2,789.07","1,930,820,000"
"Feb 8, 2011","2,782.41","2,797.05","2,776.35","2,797.05","2,797.05","1,803,010,000"
"Feb 7, 2011","2,773.26","2,796.50","2,772.81","2,783.99","2,783.99","1,768,090,000"
"Feb 4, 2011","2,755.85","2,769.70","2,747.86","2,769.30","2,769.30","1,956,710,000"
"Feb 3, 2011","2,746.74","2,757.54","2,725.78","2,753.88","2,753.88","1,941,260,000"
"Feb 2, 2011","2,744.68","2,758.51","2,743.76","2,749.56","2,749.56","2,024,600,000"
"Feb 1, 2011","2,717.61","2,755.97","2,716.64","2,751.19","2,751.19","2,255,990,000"
"Jan 31, 2011","2,693.30","2,706.30","2,676.87","2,700.08","2,700.08","1,952,310,000"
"Jan 28, 2011","2,755.28","2,755.28","2,679.57","2,686.89","2,686.89","2,371,140,000"
"Jan 27, 2011","2,745.16","2,763.64","2,740.30","2,755.28","2,755.28","2,020,550,000"
"Jan 26, 2011","2,724.52","2,746.03","2,717.63","2,739.50","2,739.50","2,031,410,000"
"Jan 25, 2011","2,704.25","2,719.34","2,697.51","2,719.25","2,719.25","1,936,120,000"
"Jan 24, 2011","2,693.03","2,719.73","2,687.97","2,717.55","2,717.55","1,871,300,000"
"Jan 21, 2011","2,716.92","2,722.74","2,688.53","2,689.54","2,689.54","1,916,960,000"
"Jan 20, 2011","2,712.40","2,714.10","2,686.59","2,704.29","2,704.29","2,323,250,000"
"Jan 19, 2011","2,762.81","2,764.35","2,717.79","2,725.36","2,725.36","2,130,930,000"
"Jan 18, 2011","2,744.80","2,766.17","2,744.26","2,765.85","2,765.85","2,020,190,000"
"Jan 14, 2011","2,732.48","2,755.30","2,729.62","2,755.30","2,755.30","2,020,210,000"
"Jan 13, 2011","2,734.93","2,742.43","2,727.14","2,735.29","2,735.29","1,923,900,000"
"Jan 12, 2011","2,731.45","2,737.33","2,722.32","2,737.33","2,737.33","1,873,960,000"
"Jan 11, 2011","2,719.60","2,722.75","2,706.58","2,716.83","2,716.83","1,893,100,000"
"Jan 10, 2011","2,691.47","2,712.32","2,682.25","2,707.80","2,707.80","1,868,870,000"
"Jan 7, 2011","2,712.75","2,715.96","2,676.36","2,703.17","2,703.17","1,976,220,000"
"Jan 6, 2011","2,704.38","2,712.35","2,697.73","2,709.89","2,709.89","2,095,490,000"
"Jan 5, 2011","2,673.91","2,702.20","2,671.89","2,702.20","2,702.20","2,060,750,000"
"Jan 4, 2011","2,699.86","2,700.88","2,663.64","2,681.25","2,681.25","2,015,440,000"
"Jan 3, 2011","2,676.65","2,704.86","2,676.34","2,691.52","2,691.52","1,919,660,000"